ISO-10303-21;
HEADER;
/* Generated by software containing ST-Developer
 * from STEP Tools, Inc. (www.steptools.com) 
 */
/* OPTION: using custom renumber hook */

FILE_DESCRIPTION(
/* description */ ('STEP AP242 Edition 2',
'CAx-IF Rec.Pracs.---Representation and Presentation of Product Manufa
cturing Information (PMI)---4.0---2014-10-13',
'CAx-IF Rec.Pracs.---3D Tessellated Geometry---0.4---2014-09-14','2;1',
'CAx-IF Rec.Pracs.---User Defined Attributes---1.5---2016-08-15'),
/* implementation_level */ '2;1');

FILE_NAME(
/* name */ 'Assembly 1 - 4DF (5)',
/* time_stamp */ '2026-09-02T13:34:20Z',
/* author */ (''),
/* organization */ (''),
/* preprocessor_version */ 'ST-DEVELOPER v20',
/* originating_system */ 'ONSHAPE BY PTC INC, 1.220',
/* authorisation */ '  ');

FILE_SCHEMA (('AP242_MANAGED_MODEL_BASED_3D_ENGINEERING_MIM_LF { 1 0 10303 442 3 1 4 }'));
ENDSEC;

DATA;
#10=SHAPE_REPRESENTATION_RELATIONSHIP('','',#961,#11);
#11=ADVANCED_BREP_SHAPE_REPRESENTATION('',(#959),#1815);
#12=CIRCLE('',#1001,0.0027);
#13=CIRCLE('',#1006,0.0027);
#14=CIRCLE('',#1009,0.0027);
#15=CIRCLE('',#1010,0.0027);
#16=CIRCLE('',#1011,0.0027);
#17=TOROIDAL_SURFACE('',#988,0.00144248508524597,0.000251230918792134);
#18=TOROIDAL_SURFACE('',#989,0.00157864364285779,0.000251711851142866);
#19=TOROIDAL_SURFACE('',#990,0.0305720514860775,0.000250538393974142);
#20=TOROIDAL_SURFACE('',#991,0.0283937376619153,0.000250344737508227);
#21=TOROIDAL_SURFACE('',#992,0.00144241641911304,0.000251219692708717);
#22=TOROIDAL_SURFACE('',#993,0.001578264811718,0.00025169666413044);
#23=B_SPLINE_SURFACE_WITH_KNOTS('',3,3,((#1394,#1395,#1396,#1397),(#1398,
#1399,#1400,#1401),(#1402,#1403,#1404,#1405),(#1406,#1407,#1408,#1409)),
 .UNSPECIFIED.,.F.,.F.,.F.,(4,4),(4,4),(0.,1.),(0.0225975487925868,1.),
 .UNSPECIFIED.);
#24=B_SPLINE_SURFACE_WITH_KNOTS('',3,3,((#1570,#1571,#1572,#1573),(#1574,
#1575,#1576,#1577),(#1578,#1579,#1580,#1581),(#1582,#1583,#1584,#1585),
(#1586,#1587,#1588,#1589),(#1590,#1591,#1592,#1593),(#1594,#1595,#1596,
#1597)),.UNSPECIFIED.,.F.,.F.,.F.,(4,1,1,1,4),(4,4),(0.,0.285714285714286,
0.571428571428571,0.714285714285714,1.),(0.0222600528660177,1.),
 .UNSPECIFIED.);
#25=B_SPLINE_SURFACE_WITH_KNOTS('',3,3,((#1599,#1600,#1601,#1602),(#1603,
#1604,#1605,#1606),(#1607,#1608,#1609,#1610),(#1611,#1612,#1613,#1614),
(#1615,#1616,#1617,#1618),(#1619,#1620,#1621,#1622),(#1623,#1624,#1625,
#1626)),.UNSPECIFIED.,.F.,.F.,.F.,(4,1,1,1,4),(4,4),(0.,0.285714285714286,
0.571428571428571,0.714285714285714,1.),(0.0223037726806451,1.),
 .UNSPECIFIED.);
#26=B_SPLINE_SURFACE_WITH_KNOTS('',3,3,((#1646,#1647,#1648,#1649),(#1650,
#1651,#1652,#1653),(#1654,#1655,#1656,#1657),(#1658,#1659,#1660,#1661)),
 .UNSPECIFIED.,.F.,.F.,.F.,(4,4),(4,4),(0.,1.),(0.0225975487659153,1.),
 .UNSPECIFIED.);
#27=B_SPLINE_SURFACE_WITH_KNOTS('',3,3,((#1663,#1664,#1665,#1666),(#1667,
#1668,#1669,#1670),(#1671,#1672,#1673,#1674),(#1675,#1676,#1677,#1678),
(#1679,#1680,#1681,#1682),(#1683,#1684,#1685,#1686),(#1687,#1688,#1689,
#1690)),.UNSPECIFIED.,.F.,.F.,.F.,(4,1,1,1,4),(4,4),(0.,0.285714285714286,
0.571428571428571,0.714285714285714,1.),(0.0215831365993722,1.),
 .UNSPECIFIED.);
#28=B_SPLINE_SURFACE_WITH_KNOTS('',3,3,((#1694,#1695,#1696,#1697),(#1698,
#1699,#1700,#1701),(#1702,#1703,#1704,#1705),(#1706,#1707,#1708,#1709),
(#1710,#1711,#1712,#1713),(#1714,#1715,#1716,#1717),(#1718,#1719,#1720,
#1721)),.UNSPECIFIED.,.F.,.F.,.F.,(4,1,1,1,4),(4,4),(0.,0.285714285714286,
0.571428571428571,0.714285714285714,1.),(0.0215960921101432,1.),
 .UNSPECIFIED.);
#29=B_SPLINE_CURVE_WITH_KNOTS('',3,(#1312,#1313,#1314,#1315,#1316),
 .UNSPECIFIED.,.F.,.F.,(4,1,4),(0.,0.00178597672437388,0.00357195344874776),
 .UNSPECIFIED.);
#30=B_SPLINE_CURVE_WITH_KNOTS('',3,(#1324,#1325,#1326,#1327,#1328),
 .UNSPECIFIED.,.F.,.F.,(4,1,4),(0.,0.00178837247582961,0.00357674495165923),
 .UNSPECIFIED.);
#31=B_SPLINE_CURVE_WITH_KNOTS('',3,(#1341,#1342,#1343,#1344,#1345),
 .UNSPECIFIED.,.F.,.F.,(4,1,4),(7.54400094950668E-10,0.00178608904229798,
0.00357217733019586),.UNSPECIFIED.);
#32=B_SPLINE_CURVE_WITH_KNOTS('',3,(#1359,#1360,#1361,#1362),
 .UNSPECIFIED.,.F.,.F.,(4,4),(0.,0.000390570372681448),.UNSPECIFIED.);
#33=B_SPLINE_CURVE_WITH_KNOTS('',3,(#1366,#1367,#1368,#1369),
 .UNSPECIFIED.,.F.,.F.,(4,4),(5.64785044985378E-17,0.000390573806672035),
 .UNSPECIFIED.);
#34=B_SPLINE_CURVE_WITH_KNOTS('',3,(#1373,#1374,#1375,#1376),
 .UNSPECIFIED.,.F.,.F.,(4,4),(1.98878501671081E-15,0.000390588124720056),
 .UNSPECIFIED.);
#35=B_SPLINE_CURVE_WITH_KNOTS('',3,(#1380,#1381,#1382,#1383),
 .UNSPECIFIED.,.F.,.F.,(4,4),(1.28671422654095E-14,0.000390584715094808),
 .UNSPECIFIED.);
#36=B_SPLINE_CURVE_WITH_KNOTS('',3,(#1390,#1391,#1392,#1393),
 .UNSPECIFIED.,.F.,.F.,(4,4),(-9.01549572456142,0.),.UNSPECIFIED.);
#37=B_SPLINE_CURVE_WITH_KNOTS('',3,(#1412,#1413,#1414,#1415),
 .UNSPECIFIED.,.F.,.F.,(4,4),(0.,9.8471447054566),.UNSPECIFIED.);
#38=B_SPLINE_CURVE_WITH_KNOTS('',3,(#1417,#1418,#1419,#1420),
 .UNSPECIFIED.,.F.,.F.,(4,4),(0.,1.),.UNSPECIFIED.);
#39=B_SPLINE_CURVE_WITH_KNOTS('',3,(#1422,#1423,#1424,#1425),
 .UNSPECIFIED.,.F.,.F.,(4,4),(0.,1.),.UNSPECIFIED.);
#40=B_SPLINE_CURVE_WITH_KNOTS('',3,(#1427,#1428,#1429,#1430),
 .UNSPECIFIED.,.F.,.F.,(4,4),(0.,1.),.UNSPECIFIED.);
#41=B_SPLINE_CURVE_WITH_KNOTS('',3,(#1432,#1433,#1434,#1435,#1436,#1437,
#1438,#1439,#1440,#1441,#1442),.UNSPECIFIED.,.F.,.F.,(4,1,1,1,1,1,1,1,4),
(0.,0.25,0.375,0.5,0.5625,0.625,0.75,0.875,1.),.UNSPECIFIED.);
#42=B_SPLINE_CURVE_WITH_KNOTS('',3,(#1444,#1445,#1446,#1447,#1448,#1449,
#1450,#1451,#1452),.UNSPECIFIED.,.F.,.F.,(4,1,1,1,1,1,4),(0.,0.03125,0.0625,
0.125,0.25,0.5,1.),.UNSPECIFIED.);
#43=B_SPLINE_CURVE_WITH_KNOTS('',3,(#1453,#1454,#1455,#1456),
 .UNSPECIFIED.,.F.,.F.,(4,4),(0.,0.999996681401791),.UNSPECIFIED.);
#44=B_SPLINE_CURVE_WITH_KNOTS('',3,(#1458,#1459,#1460,#1461,#1462),
 .UNSPECIFIED.,.F.,.F.,(4,1,4),(0.,0.5,1.),.UNSPECIFIED.);
#45=B_SPLINE_CURVE_WITH_KNOTS('',3,(#1464,#1465,#1466,#1467),
 .UNSPECIFIED.,.F.,.F.,(4,4),(0.,1.),.UNSPECIFIED.);
#46=B_SPLINE_CURVE_WITH_KNOTS('',3,(#1470,#1471,#1472,#1473,#1474,#1475,
#1476,#1477,#1478,#1479,#1480,#1481,#1482,#1483,#1484,#1485),
 .UNSPECIFIED.,.F.,.F.,(4,1,1,1,1,1,1,1,1,1,1,1,1,4),(0.,0.25,0.375,0.4375,
0.5,0.5625,0.625,0.75,0.8125,0.875,0.9375,0.96875,0.984375,1.),
 .UNSPECIFIED.);
#47=B_SPLINE_CURVE_WITH_KNOTS('',3,(#1486,#1487,#1488,#1489,#1490,#1491,
#1492),.UNSPECIFIED.,.F.,.F.,(4,1,1,1,4),(0.,0.25,0.5,0.75,1.),
 .UNSPECIFIED.);
#48=B_SPLINE_CURVE_WITH_KNOTS('',3,(#1494,#1495,#1496,#1497),
 .UNSPECIFIED.,.F.,.F.,(4,4),(0.,1.),.UNSPECIFIED.);
#49=B_SPLINE_CURVE_WITH_KNOTS('',3,(#1499,#1500,#1501,#1502),
 .UNSPECIFIED.,.F.,.F.,(4,4),(0.,1.),.UNSPECIFIED.);
#50=B_SPLINE_CURVE_WITH_KNOTS('',3,(#1504,#1505,#1506,#1507),
 .UNSPECIFIED.,.F.,.F.,(4,4),(0.,1.),.UNSPECIFIED.);
#51=B_SPLINE_CURVE_WITH_KNOTS('',3,(#1510,#1511,#1512,#1513),
 .UNSPECIFIED.,.F.,.F.,(4,4),(0.,0.00897461249380948),.UNSPECIFIED.);
#52=B_SPLINE_CURVE_WITH_KNOTS('',3,(#1514,#1515,#1516,#1517),
 .UNSPECIFIED.,.F.,.F.,(4,4),(0.,1.),.UNSPECIFIED.);
#53=B_SPLINE_CURVE_WITH_KNOTS('',3,(#1519,#1520,#1521,#1522,#1523),
 .UNSPECIFIED.,.F.,.F.,(4,1,4),(0.,0.5,1.),.UNSPECIFIED.);
#54=B_SPLINE_CURVE_WITH_KNOTS('',3,(#1525,#1526,#1527,#1528),
 .UNSPECIFIED.,.F.,.F.,(4,4),(0.,1.),.UNSPECIFIED.);
#55=B_SPLINE_CURVE_WITH_KNOTS('',3,(#1530,#1531,#1532,#1533,#1534),
 .UNSPECIFIED.,.F.,.F.,(4,1,4),(0.,0.5,1.),.UNSPECIFIED.);
#56=B_SPLINE_CURVE_WITH_KNOTS('',3,(#1536,#1537,#1538,#1539),
 .UNSPECIFIED.,.F.,.F.,(4,4),(0.,1.),.UNSPECIFIED.);
#57=B_SPLINE_CURVE_WITH_KNOTS('',3,(#1542,#1543,#1544,#1545,#1546),
 .UNSPECIFIED.,.F.,.F.,(4,1,4),(0.,0.5,1.),.UNSPECIFIED.);
#58=B_SPLINE_CURVE_WITH_KNOTS('',3,(#1547,#1548,#1549,#1550,#1551,#1552,
#1553),.UNSPECIFIED.,.F.,.F.,(4,1,1,1,4),(0.,0.25,0.5,0.75,1.),
 .UNSPECIFIED.);
#59=B_SPLINE_CURVE_WITH_KNOTS('',3,(#1555,#1556,#1557,#1558),
 .UNSPECIFIED.,.F.,.F.,(4,4),(0.,1.),.UNSPECIFIED.);
#60=B_SPLINE_CURVE_WITH_KNOTS('',3,(#1559,#1560,#1561,#1562,#1563,#1564,
#1565,#1566,#1567,#1568,#1569),.UNSPECIFIED.,.F.,.F.,(4,1,1,1,1,1,1,1,4),
(0.,0.125,0.25,0.375,0.4375,0.5,0.625,0.75,1.),.UNSPECIFIED.);
#61=B_SPLINE_CURVE_WITH_KNOTS('',3,(#1641,#1642,#1643,#1644,#1645),
 .UNSPECIFIED.,.F.,.F.,(4,1,4),(0.,0.00178877228142514,0.00357754456285028),
 .UNSPECIFIED.);
#62=CYLINDRICAL_SURFACE('',#969,0.0319832045453218);
#63=CYLINDRICAL_SURFACE('',#976,0.0320037666739375);
#64=CYLINDRICAL_SURFACE('',#979,0.0320050040845557);
#65=CYLINDRICAL_SURFACE('',#981,0.0319994472982622);
#66=CYLINDRICAL_SURFACE('',#987,0.000250368425238337);
#67=CYLINDRICAL_SURFACE('',#994,0.000250368425210137);
#68=CYLINDRICAL_SURFACE('',#995,0.0303000000000463);
#69=CYLINDRICAL_SURFACE('',#997,0.031999447298181);
#70=CYLINDRICAL_SURFACE('',#1008,0.0027);
#71=ELLIPSE('',#964,0.0344696224068137,0.0320050040845557);
#72=ELLIPSE('',#965,0.0344636377074328,0.031999447298181);
#73=ELLIPSE('',#967,2.97871171561019,0.0320037666739375);
#74=ELLIPSE('',#968,2.97882688647396,0.0320050040845557);
#75=ELLIPSE('',#970,0.0320026583937054,0.0319832045453218);
#76=ELLIPSE('',#971,0.0320026583937054,0.0319832045453218);
#77=ELLIPSE('',#972,0.0320026583937054,0.0319832045453218);
#78=ELLIPSE('',#973,0.0320026583937054,0.0319832045453218);
#79=ELLIPSE('',#974,0.0320026583937054,0.0319832045453218);
#80=ELLIPSE('',#975,0.0320026583937054,0.0319832045453218);
#81=ELLIPSE('',#977,0.0320232330292772,0.0320037666739375);
#82=ELLIPSE('',#978,0.0320438647656101,0.0320037666739375);
#83=ELLIPSE('',#980,0.0320244711925528,0.0320050040845557);
#84=ELLIPSE('',#982,0.0320189110263329,0.0319994472982622);
#85=ELLIPSE('',#983,0.0320395399781117,0.0319994472982622);
#86=ELLIPSE('',#998,0.0320189110262516,0.031999447298181);
#87=ORIENTED_EDGE('',*,*,#361,.F.);
#88=ORIENTED_EDGE('',*,*,#362,.F.);
#89=ORIENTED_EDGE('',*,*,#363,.F.);
#90=ORIENTED_EDGE('',*,*,#364,.F.);
#91=ORIENTED_EDGE('',*,*,#365,.T.);
#92=ORIENTED_EDGE('',*,*,#366,.F.);
#93=ORIENTED_EDGE('',*,*,#367,.T.);
#94=ORIENTED_EDGE('',*,*,#368,.F.);
#95=ORIENTED_EDGE('',*,*,#369,.F.);
#96=ORIENTED_EDGE('',*,*,#370,.F.);
#97=ORIENTED_EDGE('',*,*,#371,.F.);
#98=ORIENTED_EDGE('',*,*,#372,.T.);
#99=ORIENTED_EDGE('',*,*,#373,.F.);
#100=ORIENTED_EDGE('',*,*,#374,.F.);
#101=ORIENTED_EDGE('',*,*,#365,.F.);
#102=ORIENTED_EDGE('',*,*,#375,.T.);
#103=ORIENTED_EDGE('',*,*,#376,.F.);
#104=ORIENTED_EDGE('',*,*,#377,.F.);
#105=ORIENTED_EDGE('',*,*,#378,.F.);
#106=ORIENTED_EDGE('',*,*,#379,.F.);
#107=ORIENTED_EDGE('',*,*,#380,.F.);
#108=ORIENTED_EDGE('',*,*,#381,.F.);
#109=ORIENTED_EDGE('',*,*,#382,.F.);
#110=ORIENTED_EDGE('',*,*,#383,.F.);
#111=ORIENTED_EDGE('',*,*,#384,.F.);
#112=ORIENTED_EDGE('',*,*,#385,.F.);
#113=ORIENTED_EDGE('',*,*,#386,.F.);
#114=ORIENTED_EDGE('',*,*,#387,.F.);
#115=ORIENTED_EDGE('',*,*,#388,.F.);
#116=ORIENTED_EDGE('',*,*,#389,.F.);
#117=ORIENTED_EDGE('',*,*,#390,.F.);
#118=ORIENTED_EDGE('',*,*,#391,.F.);
#119=ORIENTED_EDGE('',*,*,#372,.F.);
#120=ORIENTED_EDGE('',*,*,#392,.F.);
#121=ORIENTED_EDGE('',*,*,#393,.F.);
#122=ORIENTED_EDGE('',*,*,#394,.F.);
#123=ORIENTED_EDGE('',*,*,#375,.F.);
#124=ORIENTED_EDGE('',*,*,#364,.T.);
#125=ORIENTED_EDGE('',*,*,#395,.F.);
#126=ORIENTED_EDGE('',*,*,#396,.T.);
#127=ORIENTED_EDGE('',*,*,#397,.F.);
#128=ORIENTED_EDGE('',*,*,#398,.F.);
#129=ORIENTED_EDGE('',*,*,#399,.F.);
#130=ORIENTED_EDGE('',*,*,#400,.F.);
#131=ORIENTED_EDGE('',*,*,#397,.T.);
#132=ORIENTED_EDGE('',*,*,#401,.T.);
#133=ORIENTED_EDGE('',*,*,#402,.F.);
#134=ORIENTED_EDGE('',*,*,#373,.T.);
#135=ORIENTED_EDGE('',*,*,#391,.T.);
#136=ORIENTED_EDGE('',*,*,#403,.F.);
#137=ORIENTED_EDGE('',*,*,#404,.F.);
#138=ORIENTED_EDGE('',*,*,#405,.T.);
#139=ORIENTED_EDGE('',*,*,#406,.T.);
#140=ORIENTED_EDGE('',*,*,#407,.T.);
#141=ORIENTED_EDGE('',*,*,#408,.T.);
#142=ORIENTED_EDGE('',*,*,#409,.T.);
#143=ORIENTED_EDGE('',*,*,#410,.T.);
#144=ORIENTED_EDGE('',*,*,#411,.T.);
#145=ORIENTED_EDGE('',*,*,#412,.T.);
#146=ORIENTED_EDGE('',*,*,#402,.T.);
#147=ORIENTED_EDGE('',*,*,#413,.T.);
#148=ORIENTED_EDGE('',*,*,#366,.T.);
#149=ORIENTED_EDGE('',*,*,#374,.T.);
#150=ORIENTED_EDGE('',*,*,#414,.T.);
#151=ORIENTED_EDGE('',*,*,#405,.F.);
#152=ORIENTED_EDGE('',*,*,#415,.F.);
#153=ORIENTED_EDGE('',*,*,#416,.F.);
#154=ORIENTED_EDGE('',*,*,#417,.T.);
#155=ORIENTED_EDGE('',*,*,#407,.F.);
#156=ORIENTED_EDGE('',*,*,#418,.F.);
#157=ORIENTED_EDGE('',*,*,#419,.F.);
#158=ORIENTED_EDGE('',*,*,#420,.T.);
#159=ORIENTED_EDGE('',*,*,#419,.T.);
#160=ORIENTED_EDGE('',*,*,#421,.T.);
#161=ORIENTED_EDGE('',*,*,#422,.T.);
#162=ORIENTED_EDGE('',*,*,#421,.F.);
#163=ORIENTED_EDGE('',*,*,#423,.T.);
#164=ORIENTED_EDGE('',*,*,#424,.T.);
#165=ORIENTED_EDGE('',*,*,#425,.T.);
#166=ORIENTED_EDGE('',*,*,#426,.T.);
#167=ORIENTED_EDGE('',*,*,#427,.T.);
#168=ORIENTED_EDGE('',*,*,#420,.F.);
#169=ORIENTED_EDGE('',*,*,#428,.T.);
#170=ORIENTED_EDGE('',*,*,#424,.F.);
#171=ORIENTED_EDGE('',*,*,#416,.T.);
#172=ORIENTED_EDGE('',*,*,#429,.T.);
#173=ORIENTED_EDGE('',*,*,#430,.T.);
#174=ORIENTED_EDGE('',*,*,#431,.T.);
#175=ORIENTED_EDGE('',*,*,#432,.T.);
#176=ORIENTED_EDGE('',*,*,#426,.F.);
#177=ORIENTED_EDGE('',*,*,#433,.T.);
#178=ORIENTED_EDGE('',*,*,#429,.F.);
#179=ORIENTED_EDGE('',*,*,#434,.T.);
#180=ORIENTED_EDGE('',*,*,#435,.T.);
#181=ORIENTED_EDGE('',*,*,#436,.T.);
#182=ORIENTED_EDGE('',*,*,#437,.T.);
#183=ORIENTED_EDGE('',*,*,#438,.T.);
#184=ORIENTED_EDGE('',*,*,#431,.F.);
#185=ORIENTED_EDGE('',*,*,#439,.T.);
#186=ORIENTED_EDGE('',*,*,#435,.F.);
#187=ORIENTED_EDGE('',*,*,#440,.T.);
#188=ORIENTED_EDGE('',*,*,#437,.F.);
#189=ORIENTED_EDGE('',*,*,#441,.T.);
#190=ORIENTED_EDGE('',*,*,#434,.F.);
#191=ORIENTED_EDGE('',*,*,#415,.T.);
#192=ORIENTED_EDGE('',*,*,#412,.F.);
#193=ORIENTED_EDGE('',*,*,#442,.F.);
#194=ORIENTED_EDGE('',*,*,#423,.F.);
#195=ORIENTED_EDGE('',*,*,#418,.T.);
#196=ORIENTED_EDGE('',*,*,#406,.F.);
#197=ORIENTED_EDGE('',*,*,#414,.F.);
#198=ORIENTED_EDGE('',*,*,#422,.F.);
#199=ORIENTED_EDGE('',*,*,#425,.F.);
#200=ORIENTED_EDGE('',*,*,#430,.F.);
#201=ORIENTED_EDGE('',*,*,#436,.F.);
#202=ORIENTED_EDGE('',*,*,#441,.F.);
#203=ORIENTED_EDGE('',*,*,#439,.F.);
#204=ORIENTED_EDGE('',*,*,#433,.F.);
#205=ORIENTED_EDGE('',*,*,#428,.F.);
#206=ORIENTED_EDGE('',*,*,#443,.F.);
#207=ORIENTED_EDGE('',*,*,#444,.F.);
#208=ORIENTED_EDGE('',*,*,#367,.F.);
#209=ORIENTED_EDGE('',*,*,#413,.F.);
#210=ORIENTED_EDGE('',*,*,#401,.F.);
#211=ORIENTED_EDGE('',*,*,#396,.F.);
#212=ORIENTED_EDGE('',*,*,#445,.F.);
#213=ORIENTED_EDGE('',*,*,#446,.F.);
#214=ORIENTED_EDGE('',*,*,#447,.F.);
#215=ORIENTED_EDGE('',*,*,#368,.T.);
#216=ORIENTED_EDGE('',*,*,#444,.T.);
#217=ORIENTED_EDGE('',*,*,#448,.F.);
#218=ORIENTED_EDGE('',*,*,#449,.F.);
#219=ORIENTED_EDGE('',*,*,#411,.F.);
#220=ORIENTED_EDGE('',*,*,#450,.F.);
#221=ORIENTED_EDGE('',*,*,#440,.F.);
#222=ORIENTED_EDGE('',*,*,#442,.T.);
#223=ORIENTED_EDGE('',*,*,#427,.F.);
#224=ORIENTED_EDGE('',*,*,#451,.T.);
#225=ORIENTED_EDGE('',*,*,#408,.F.);
#226=ORIENTED_EDGE('',*,*,#417,.F.);
#227=ORIENTED_EDGE('',*,*,#409,.F.);
#228=ORIENTED_EDGE('',*,*,#451,.F.);
#229=ORIENTED_EDGE('',*,*,#432,.F.);
#230=ORIENTED_EDGE('',*,*,#452,.T.);
#231=ORIENTED_EDGE('',*,*,#438,.F.);
#232=ORIENTED_EDGE('',*,*,#450,.T.);
#233=ORIENTED_EDGE('',*,*,#410,.F.);
#234=ORIENTED_EDGE('',*,*,#452,.F.);
#235=ORIENTED_EDGE('',*,*,#453,.F.);
#236=ORIENTED_EDGE('',*,*,#454,.F.);
#237=ORIENTED_EDGE('',*,*,#362,.T.);
#238=ORIENTED_EDGE('',*,*,#455,.T.);
#239=ORIENTED_EDGE('',*,*,#456,.F.);
#240=ORIENTED_EDGE('',*,*,#392,.T.);
#241=ORIENTED_EDGE('',*,*,#363,.T.);
#242=ORIENTED_EDGE('',*,*,#454,.T.);
#243=ORIENTED_EDGE('',*,*,#457,.F.);
#244=ORIENTED_EDGE('',*,*,#455,.F.);
#245=ORIENTED_EDGE('',*,*,#361,.T.);
#246=ORIENTED_EDGE('',*,*,#447,.T.);
#247=ORIENTED_EDGE('',*,*,#458,.F.);
#248=ORIENTED_EDGE('',*,*,#459,.F.);
#249=ORIENTED_EDGE('',*,*,#445,.T.);
#250=ORIENTED_EDGE('',*,*,#395,.T.);
#251=ORIENTED_EDGE('',*,*,#460,.F.);
#252=ORIENTED_EDGE('',*,*,#461,.F.);
#253=ORIENTED_EDGE('',*,*,#446,.T.);
#254=ORIENTED_EDGE('',*,*,#459,.T.);
#255=ORIENTED_EDGE('',*,*,#462,.F.);
#256=ORIENTED_EDGE('',*,*,#448,.T.);
#257=ORIENTED_EDGE('',*,*,#443,.T.);
#258=ORIENTED_EDGE('',*,*,#461,.T.);
#259=ORIENTED_EDGE('',*,*,#463,.T.);
#260=ORIENTED_EDGE('',*,*,#457,.T.);
#261=ORIENTED_EDGE('',*,*,#449,.T.);
#262=ORIENTED_EDGE('',*,*,#462,.T.);
#263=ORIENTED_EDGE('',*,*,#460,.T.);
#264=ORIENTED_EDGE('',*,*,#458,.T.);
#265=ORIENTED_EDGE('',*,*,#399,.T.);
#266=ORIENTED_EDGE('',*,*,#464,.T.);
#267=ORIENTED_EDGE('',*,*,#465,.T.);
#268=ORIENTED_EDGE('',*,*,#466,.T.);
#269=ORIENTED_EDGE('',*,*,#389,.T.);
#270=ORIENTED_EDGE('',*,*,#467,.F.);
#271=ORIENTED_EDGE('',*,*,#468,.F.);
#272=ORIENTED_EDGE('',*,*,#469,.F.);
#273=ORIENTED_EDGE('',*,*,#393,.T.);
#274=ORIENTED_EDGE('',*,*,#456,.T.);
#275=ORIENTED_EDGE('',*,*,#453,.T.);
#276=ORIENTED_EDGE('',*,*,#466,.F.);
#277=ORIENTED_EDGE('',*,*,#470,.T.);
#278=ORIENTED_EDGE('',*,*,#403,.T.);
#279=ORIENTED_EDGE('',*,*,#390,.T.);
#280=ORIENTED_EDGE('',*,*,#465,.F.);
#281=ORIENTED_EDGE('',*,*,#471,.T.);
#282=ORIENTED_EDGE('',*,*,#404,.T.);
#283=ORIENTED_EDGE('',*,*,#470,.F.);
#284=ORIENTED_EDGE('',*,*,#464,.F.);
#285=ORIENTED_EDGE('',*,*,#398,.T.);
#286=ORIENTED_EDGE('',*,*,#400,.T.);
#287=ORIENTED_EDGE('',*,*,#471,.F.);
#288=ORIENTED_EDGE('',*,*,#463,.F.);
#289=ORIENTED_EDGE('',*,*,#472,.F.);
#290=ORIENTED_EDGE('',*,*,#473,.T.);
#291=ORIENTED_EDGE('',*,*,#474,.T.);
#292=ORIENTED_EDGE('',*,*,#475,.T.);
#293=ORIENTED_EDGE('',*,*,#476,.F.);
#294=ORIENTED_EDGE('',*,*,#477,.T.);
#295=ORIENTED_EDGE('',*,*,#478,.T.);
#296=ORIENTED_EDGE('',*,*,#479,.T.);
#297=ORIENTED_EDGE('',*,*,#480,.T.);
#298=ORIENTED_EDGE('',*,*,#481,.T.);
#299=ORIENTED_EDGE('',*,*,#482,.T.);
#300=ORIENTED_EDGE('',*,*,#483,.T.);
#301=ORIENTED_EDGE('',*,*,#376,.T.);
#302=ORIENTED_EDGE('',*,*,#484,.F.);
#303=ORIENTED_EDGE('',*,*,#483,.F.);
#304=ORIENTED_EDGE('',*,*,#485,.T.);
#305=ORIENTED_EDGE('',*,*,#377,.T.);
#306=ORIENTED_EDGE('',*,*,#485,.F.);
#307=ORIENTED_EDGE('',*,*,#482,.F.);
#308=ORIENTED_EDGE('',*,*,#486,.T.);
#309=ORIENTED_EDGE('',*,*,#387,.T.);
#310=ORIENTED_EDGE('',*,*,#487,.F.);
#311=ORIENTED_EDGE('',*,*,#472,.T.);
#312=ORIENTED_EDGE('',*,*,#484,.T.);
#313=ORIENTED_EDGE('',*,*,#378,.T.);
#314=ORIENTED_EDGE('',*,*,#486,.F.);
#315=ORIENTED_EDGE('',*,*,#481,.F.);
#316=ORIENTED_EDGE('',*,*,#488,.T.);
#317=ORIENTED_EDGE('',*,*,#386,.T.);
#318=ORIENTED_EDGE('',*,*,#489,.F.);
#319=ORIENTED_EDGE('',*,*,#473,.F.);
#320=ORIENTED_EDGE('',*,*,#487,.T.);
#321=ORIENTED_EDGE('',*,*,#379,.T.);
#322=ORIENTED_EDGE('',*,*,#488,.F.);
#323=ORIENTED_EDGE('',*,*,#480,.F.);
#324=ORIENTED_EDGE('',*,*,#490,.T.);
#325=ORIENTED_EDGE('',*,*,#385,.T.);
#326=ORIENTED_EDGE('',*,*,#491,.F.);
#327=ORIENTED_EDGE('',*,*,#474,.F.);
#328=ORIENTED_EDGE('',*,*,#489,.T.);
#329=ORIENTED_EDGE('',*,*,#380,.T.);
#330=ORIENTED_EDGE('',*,*,#490,.F.);
#331=ORIENTED_EDGE('',*,*,#479,.F.);
#332=ORIENTED_EDGE('',*,*,#492,.T.);
#333=ORIENTED_EDGE('',*,*,#384,.T.);
#334=ORIENTED_EDGE('',*,*,#493,.F.);
#335=ORIENTED_EDGE('',*,*,#475,.F.);
#336=ORIENTED_EDGE('',*,*,#491,.T.);
#337=ORIENTED_EDGE('',*,*,#381,.T.);
#338=ORIENTED_EDGE('',*,*,#492,.F.);
#339=ORIENTED_EDGE('',*,*,#478,.F.);
#340=ORIENTED_EDGE('',*,*,#494,.T.);
#341=ORIENTED_EDGE('',*,*,#382,.T.);
#342=ORIENTED_EDGE('',*,*,#494,.F.);
#343=ORIENTED_EDGE('',*,*,#477,.F.);
#344=ORIENTED_EDGE('',*,*,#495,.T.);
#345=ORIENTED_EDGE('',*,*,#383,.T.);
#346=ORIENTED_EDGE('',*,*,#495,.F.);
#347=ORIENTED_EDGE('',*,*,#476,.T.);
#348=ORIENTED_EDGE('',*,*,#493,.T.);
#349=ORIENTED_EDGE('',*,*,#467,.T.);
#350=ORIENTED_EDGE('',*,*,#388,.T.);
#351=ORIENTED_EDGE('',*,*,#371,.T.);
#352=ORIENTED_EDGE('',*,*,#496,.F.);
#353=ORIENTED_EDGE('',*,*,#468,.T.);
#354=ORIENTED_EDGE('',*,*,#496,.T.);
#355=ORIENTED_EDGE('',*,*,#370,.T.);
#356=ORIENTED_EDGE('',*,*,#497,.F.);
#357=ORIENTED_EDGE('',*,*,#469,.T.);
#358=ORIENTED_EDGE('',*,*,#497,.T.);
#359=ORIENTED_EDGE('',*,*,#369,.T.);
#360=ORIENTED_EDGE('',*,*,#394,.T.);
#361=EDGE_CURVE('',#498,#499,#587,.T.);
#362=EDGE_CURVE('',#500,#498,#588,.F.);
#363=EDGE_CURVE('',#501,#500,#589,.T.);
#364=EDGE_CURVE('',#502,#501,#71,.F.);
#365=EDGE_CURVE('',#502,#503,#590,.T.);
#366=EDGE_CURVE('',#504,#503,#591,.T.);
#367=EDGE_CURVE('',#504,#505,#592,.T.);
#368=EDGE_CURVE('',#499,#505,#72,.F.);
#369=EDGE_CURVE('',#506,#507,#593,.T.);
#370=EDGE_CURVE('',#508,#506,#594,.F.);
#371=EDGE_CURVE('',#509,#508,#595,.T.);
#372=EDGE_CURVE('',#509,#510,#73,.T.);
#373=EDGE_CURVE('',#511,#510,#596,.T.);
#374=EDGE_CURVE('',#503,#511,#597,.T.);
#375=EDGE_CURVE('',#502,#507,#74,.T.);
#376=EDGE_CURVE('',#512,#513,#75,.F.);
#377=EDGE_CURVE('',#514,#512,#598,.T.);
#378=EDGE_CURVE('',#515,#514,#76,.F.);
#379=EDGE_CURVE('',#516,#515,#599,.T.);
#380=EDGE_CURVE('',#517,#516,#77,.F.);
#381=EDGE_CURVE('',#518,#517,#600,.T.);
#382=EDGE_CURVE('',#519,#518,#78,.F.);
#383=EDGE_CURVE('',#520,#519,#601,.F.);
#384=EDGE_CURVE('',#521,#520,#79,.F.);
#385=EDGE_CURVE('',#522,#521,#602,.F.);
#386=EDGE_CURVE('',#523,#522,#80,.F.);
#387=EDGE_CURVE('',#513,#523,#603,.F.);
#388=EDGE_CURVE('',#524,#509,#81,.T.);
#389=EDGE_CURVE('',#525,#524,#29,.T.);
#390=EDGE_CURVE('',#526,#525,#604,.F.);
#391=EDGE_CURVE('',#510,#526,#82,.T.);
#392=EDGE_CURVE('',#527,#501,#605,.F.);
#393=EDGE_CURVE('',#528,#527,#30,.T.);
#394=EDGE_CURVE('',#507,#528,#83,.F.);
#395=EDGE_CURVE('',#529,#530,#84,.T.);
#396=EDGE_CURVE('',#529,#531,#606,.T.);
#397=EDGE_CURVE('',#532,#531,#85,.T.);
#398=EDGE_CURVE('',#533,#532,#607,.T.);
#399=EDGE_CURVE('',#530,#533,#31,.T.);
#400=EDGE_CURVE('',#532,#534,#608,.T.);
#401=EDGE_CURVE('',#531,#535,#609,.T.);
#402=EDGE_CURVE('',#511,#535,#610,.F.);
#403=EDGE_CURVE('',#536,#526,#611,.T.);
#404=EDGE_CURVE('',#534,#536,#612,.T.);
#405=EDGE_CURVE('',#537,#538,#613,.T.);
#406=EDGE_CURVE('',#538,#539,#32,.T.);
#407=EDGE_CURVE('',#539,#540,#614,.F.);
#408=EDGE_CURVE('',#540,#541,#33,.T.);
#409=EDGE_CURVE('',#541,#542,#615,.F.);
#410=EDGE_CURVE('',#542,#543,#34,.T.);
#411=EDGE_CURVE('',#543,#544,#616,.T.);
#412=EDGE_CURVE('',#544,#537,#35,.T.);
#413=EDGE_CURVE('',#535,#504,#617,.T.);
#414=EDGE_CURVE('',#545,#538,#618,.T.);
#415=EDGE_CURVE('',#546,#537,#619,.F.);
#416=EDGE_CURVE('',#545,#546,#36,.F.);
#417=EDGE_CURVE('',#547,#540,#620,.T.);
#418=EDGE_CURVE('',#548,#539,#37,.T.);
#419=EDGE_CURVE('',#547,#548,#38,.T.);
#420=EDGE_CURVE('',#549,#547,#39,.T.);
#421=EDGE_CURVE('',#548,#550,#40,.T.);
#422=EDGE_CURVE('',#550,#549,#41,.T.);
#423=EDGE_CURVE('',#548,#545,#42,.T.);
#424=EDGE_CURVE('',#545,#551,#43,.T.);
#425=EDGE_CURVE('',#551,#550,#44,.F.);
#426=EDGE_CURVE('',#552,#553,#45,.T.);
#427=EDGE_CURVE('',#553,#547,#46,.T.);
#428=EDGE_CURVE('',#549,#552,#47,.F.);
#429=EDGE_CURVE('',#546,#554,#48,.T.);
#430=EDGE_CURVE('',#554,#551,#49,.F.);
#431=EDGE_CURVE('',#555,#556,#50,.T.);
#432=EDGE_CURVE('',#556,#553,#51,.T.);
#433=EDGE_CURVE('',#552,#555,#52,.F.);
#434=EDGE_CURVE('',#546,#557,#53,.T.);
#435=EDGE_CURVE('',#557,#558,#54,.F.);
#436=EDGE_CURVE('',#558,#554,#55,.F.);
#437=EDGE_CURVE('',#559,#560,#56,.F.);
#438=EDGE_CURVE('',#560,#556,#57,.T.);
#439=EDGE_CURVE('',#555,#559,#58,.F.);
#440=EDGE_CURVE('',#557,#560,#59,.T.);
#441=EDGE_CURVE('',#559,#558,#60,.T.);
#442=EDGE_CURVE('',#557,#544,#621,.T.);
#443=EDGE_CURVE('',#561,#562,#622,.T.);
#444=EDGE_CURVE('',#505,#561,#623,.T.);
#445=EDGE_CURVE('',#563,#529,#624,.T.);
#446=EDGE_CURVE('',#562,#563,#625,.T.);
#447=EDGE_CURVE('',#499,#564,#626,.T.);
#448=EDGE_CURVE('',#565,#561,#86,.F.);
#449=EDGE_CURVE('',#564,#565,#61,.T.);
#450=EDGE_CURVE('',#560,#543,#627,.T.);
#451=EDGE_CURVE('',#553,#541,#628,.F.);
#452=EDGE_CURVE('',#556,#542,#629,.T.);
#453=EDGE_CURVE('',#566,#567,#12,.F.);
#454=EDGE_CURVE('',#500,#566,#630,.T.);
#455=EDGE_CURVE('',#498,#567,#631,.T.);
#456=EDGE_CURVE('',#527,#566,#632,.F.);
#457=EDGE_CURVE('',#567,#564,#633,.T.);
#458=EDGE_CURVE('',#568,#530,#634,.T.);
#459=EDGE_CURVE('',#563,#568,#635,.T.);
#460=EDGE_CURVE('',#569,#568,#13,.F.);
#461=EDGE_CURVE('',#562,#569,#636,.T.);
#462=EDGE_CURVE('',#565,#569,#637,.F.);
#463=EDGE_CURVE('',#570,#570,#14,.T.);
#464=EDGE_CURVE('',#533,#571,#638,.F.);
#465=EDGE_CURVE('',#571,#572,#15,.F.);
#466=EDGE_CURVE('',#572,#525,#639,.T.);
#467=EDGE_CURVE('',#573,#524,#640,.T.);
#468=EDGE_CURVE('',#574,#573,#16,.T.);
#469=EDGE_CURVE('',#528,#574,#641,.F.);
#470=EDGE_CURVE('',#572,#536,#642,.T.);
#471=EDGE_CURVE('',#571,#534,#643,.T.);
#472=EDGE_CURVE('',#575,#576,#644,.T.);
#473=EDGE_CURVE('',#575,#577,#645,.F.);
#474=EDGE_CURVE('',#577,#578,#646,.F.);
#475=EDGE_CURVE('',#578,#579,#647,.T.);
#476=EDGE_CURVE('',#580,#579,#648,.T.);
#477=EDGE_CURVE('',#580,#581,#649,.T.);
#478=EDGE_CURVE('',#581,#582,#650,.T.);
#479=EDGE_CURVE('',#582,#583,#651,.T.);
#480=EDGE_CURVE('',#583,#584,#652,.T.);
#481=EDGE_CURVE('',#584,#585,#653,.F.);
#482=EDGE_CURVE('',#585,#586,#654,.T.);
#483=EDGE_CURVE('',#586,#576,#655,.F.);
#484=EDGE_CURVE('',#576,#513,#656,.T.);
#485=EDGE_CURVE('',#586,#512,#657,.T.);
#486=EDGE_CURVE('',#585,#514,#658,.T.);
#487=EDGE_CURVE('',#575,#523,#659,.T.);
#488=EDGE_CURVE('',#584,#515,#660,.T.);
#489=EDGE_CURVE('',#577,#522,#661,.T.);
#490=EDGE_CURVE('',#583,#516,#662,.T.);
#491=EDGE_CURVE('',#578,#521,#663,.T.);
#492=EDGE_CURVE('',#582,#517,#664,.T.);
#493=EDGE_CURVE('',#579,#520,#665,.T.);
#494=EDGE_CURVE('',#581,#518,#666,.T.);
#495=EDGE_CURVE('',#580,#519,#667,.T.);
#496=EDGE_CURVE('',#573,#508,#668,.T.);
#497=EDGE_CURVE('',#574,#506,#669,.T.);
#498=VERTEX_POINT('',#1255);
#499=VERTEX_POINT('',#1256);
#500=VERTEX_POINT('',#1258);
#501=VERTEX_POINT('',#1260);
#502=VERTEX_POINT('',#1262);
#503=VERTEX_POINT('',#1264);
#504=VERTEX_POINT('',#1266);
#505=VERTEX_POINT('',#1268);
#506=VERTEX_POINT('',#1272);
#507=VERTEX_POINT('',#1273);
#508=VERTEX_POINT('',#1275);
#509=VERTEX_POINT('',#1277);
#510=VERTEX_POINT('',#1279);
#511=VERTEX_POINT('',#1281);
#512=VERTEX_POINT('',#1286);
#513=VERTEX_POINT('',#1287);
#514=VERTEX_POINT('',#1289);
#515=VERTEX_POINT('',#1291);
#516=VERTEX_POINT('',#1293);
#517=VERTEX_POINT('',#1295);
#518=VERTEX_POINT('',#1297);
#519=VERTEX_POINT('',#1299);
#520=VERTEX_POINT('',#1301);
#521=VERTEX_POINT('',#1303);
#522=VERTEX_POINT('',#1305);
#523=VERTEX_POINT('',#1307);
#524=VERTEX_POINT('',#1311);
#525=VERTEX_POINT('',#1317);
#526=VERTEX_POINT('',#1319);
#527=VERTEX_POINT('',#1323);
#528=VERTEX_POINT('',#1329);
#529=VERTEX_POINT('',#1333);
#530=VERTEX_POINT('',#1334);
#531=VERTEX_POINT('',#1336);
#532=VERTEX_POINT('',#1338);
#533=VERTEX_POINT('',#1340);
#534=VERTEX_POINT('',#1348);
#535=VERTEX_POINT('',#1350);
#536=VERTEX_POINT('',#1353);
#537=VERTEX_POINT('',#1357);
#538=VERTEX_POINT('',#1358);
#539=VERTEX_POINT('',#1363);
#540=VERTEX_POINT('',#1365);
#541=VERTEX_POINT('',#1370);
#542=VERTEX_POINT('',#1372);
#543=VERTEX_POINT('',#1377);
#544=VERTEX_POINT('',#1379);
#545=VERTEX_POINT('',#1387);
#546=VERTEX_POINT('',#1389);
#547=VERTEX_POINT('',#1411);
#548=VERTEX_POINT('',#1416);
#549=VERTEX_POINT('',#1426);
#550=VERTEX_POINT('',#1431);
#551=VERTEX_POINT('',#1457);
#552=VERTEX_POINT('',#1468);
#553=VERTEX_POINT('',#1469);
#554=VERTEX_POINT('',#1498);
#555=VERTEX_POINT('',#1508);
#556=VERTEX_POINT('',#1509);
#557=VERTEX_POINT('',#1524);
#558=VERTEX_POINT('',#1529);
#559=VERTEX_POINT('',#1540);
#560=VERTEX_POINT('',#1541);
#561=VERTEX_POINT('',#1630);
#562=VERTEX_POINT('',#1631);
#563=VERTEX_POINT('',#1634);
#564=VERTEX_POINT('',#1638);
#565=VERTEX_POINT('',#1640);
#566=VERTEX_POINT('',#1724);
#567=VERTEX_POINT('',#1725);
#568=VERTEX_POINT('',#1734);
#569=VERTEX_POINT('',#1738);
#570=VERTEX_POINT('',#1744);
#571=VERTEX_POINT('',#1746);
#572=VERTEX_POINT('',#1748);
#573=VERTEX_POINT('',#1751);
#574=VERTEX_POINT('',#1753);
#575=VERTEX_POINT('',#1762);
#576=VERTEX_POINT('',#1763);
#577=VERTEX_POINT('',#1765);
#578=VERTEX_POINT('',#1767);
#579=VERTEX_POINT('',#1769);
#580=VERTEX_POINT('',#1771);
#581=VERTEX_POINT('',#1773);
#582=VERTEX_POINT('',#1775);
#583=VERTEX_POINT('',#1777);
#584=VERTEX_POINT('',#1779);
#585=VERTEX_POINT('',#1781);
#586=VERTEX_POINT('',#1783);
#587=LINE('',#1254,#670);
#588=LINE('',#1257,#671);
#589=LINE('',#1259,#672);
#590=LINE('',#1263,#673);
#591=LINE('',#1265,#674);
#592=LINE('',#1267,#675);
#593=LINE('',#1271,#676);
#594=LINE('',#1274,#677);
#595=LINE('',#1276,#678);
#596=LINE('',#1280,#679);
#597=LINE('',#1282,#680);
#598=LINE('',#1288,#681);
#599=LINE('',#1292,#682);
#600=LINE('',#1296,#683);
#601=LINE('',#1300,#684);
#602=LINE('',#1304,#685);
#603=LINE('',#1308,#686);
#604=LINE('',#1318,#687);
#605=LINE('',#1322,#688);
#606=LINE('',#1335,#689);
#607=LINE('',#1339,#690);
#608=LINE('',#1347,#691);
#609=LINE('',#1349,#692);
#610=LINE('',#1351,#693);
#611=LINE('',#1352,#694);
#612=LINE('',#1354,#695);
#613=LINE('',#1356,#696);
#614=LINE('',#1364,#697);
#615=LINE('',#1371,#698);
#616=LINE('',#1378,#699);
#617=LINE('',#1384,#700);
#618=LINE('',#1386,#701);
#619=LINE('',#1388,#702);
#620=LINE('',#1410,#703);
#621=LINE('',#1598,#704);
#622=LINE('',#1629,#705);
#623=LINE('',#1632,#706);
#624=LINE('',#1633,#707);
#625=LINE('',#1635,#708);
#626=LINE('',#1637,#709);
#627=LINE('',#1662,#710);
#628=LINE('',#1691,#711);
#629=LINE('',#1693,#712);
#630=LINE('',#1726,#713);
#631=LINE('',#1727,#714);
#632=LINE('',#1729,#715);
#633=LINE('',#1731,#716);
#634=LINE('',#1733,#717);
#635=LINE('',#1735,#718);
#636=LINE('',#1739,#719);
#637=LINE('',#1741,#720);
#638=LINE('',#1745,#721);
#639=LINE('',#1749,#722);
#640=LINE('',#1750,#723);
#641=LINE('',#1754,#724);
#642=LINE('',#1756,#725);
#643=LINE('',#1758,#726);
#644=LINE('',#1761,#727);
#645=LINE('',#1764,#728);
#646=LINE('',#1766,#729);
#647=LINE('',#1768,#730);
#648=LINE('',#1770,#731);
#649=LINE('',#1772,#732);
#650=LINE('',#1774,#733);
#651=LINE('',#1776,#734);
#652=LINE('',#1778,#735);
#653=LINE('',#1780,#736);
#654=LINE('',#1782,#737);
#655=LINE('',#1784,#738);
#656=LINE('',#1786,#739);
#657=LINE('',#1787,#740);
#658=LINE('',#1789,#741);
#659=LINE('',#1791,#742);
#660=LINE('',#1793,#743);
#661=LINE('',#1795,#744);
#662=LINE('',#1797,#745);
#663=LINE('',#1799,#746);
#664=LINE('',#1801,#747);
#665=LINE('',#1803,#748);
#666=LINE('',#1805,#749);
#667=LINE('',#1807,#750);
#668=LINE('',#1810,#751);
#669=LINE('',#1812,#752);
#670=VECTOR('',#1035,1.);
#671=VECTOR('',#1036,1.);
#672=VECTOR('',#1037,1.);
#673=VECTOR('',#1040,1.);
#674=VECTOR('',#1041,1.);
#675=VECTOR('',#1042,1.);
#676=VECTOR('',#1047,1.);
#677=VECTOR('',#1048,1.);
#678=VECTOR('',#1049,1.);
#679=VECTOR('',#1052,1.);
#680=VECTOR('',#1053,1.);
#681=VECTOR('',#1060,1.);
#682=VECTOR('',#1063,1.);
#683=VECTOR('',#1066,1.);
#684=VECTOR('',#1069,1.);
#685=VECTOR('',#1072,1.);
#686=VECTOR('',#1075,1.);
#687=VECTOR('',#1080,1.);
#688=VECTOR('',#1085,1.);
#689=VECTOR('',#1092,1.);
#690=VECTOR('',#1095,1.);
#691=VECTOR('',#1098,1.);
#692=VECTOR('',#1099,1.);
#693=VECTOR('',#1100,1.);
#694=VECTOR('',#1101,1.);
#695=VECTOR('',#1102,1.);
#696=VECTOR('',#1105,1.);
#697=VECTOR('',#1106,1.);
#698=VECTOR('',#1107,1.);
#699=VECTOR('',#1108,1.);
#700=VECTOR('',#1109,1.);
#701=VECTOR('',#1112,1.);
#702=VECTOR('',#1113,1.);
#703=VECTOR('',#1114,1.);
#704=VECTOR('',#1131,1.);
#705=VECTOR('',#1136,1.);
#706=VECTOR('',#1137,1.);
#707=VECTOR('',#1138,1.);
#708=VECTOR('',#1139,1.);
#709=VECTOR('',#1142,1.);
#710=VECTOR('',#1145,1.);
#711=VECTOR('',#1146,1.);
#712=VECTOR('',#1149,1.);
#713=VECTOR('',#1154,1.);
#714=VECTOR('',#1155,1.);
#715=VECTOR('',#1158,1.);
#716=VECTOR('',#1161,1.);
#717=VECTOR('',#1164,1.);
#718=VECTOR('',#1165,1.);
#719=VECTOR('',#1170,1.);
#720=VECTOR('',#1173,1.);
#721=VECTOR('',#1178,1.);
#722=VECTOR('',#1181,1.);
#723=VECTOR('',#1182,1.);
#724=VECTOR('',#1185,1.);
#725=VECTOR('',#1188,1.);
#726=VECTOR('',#1191,1.);
#727=VECTOR('',#1196,1.);
#728=VECTOR('',#1197,1.);
#729=VECTOR('',#1198,1.);
#730=VECTOR('',#1199,1.);
#731=VECTOR('',#1200,1.);
#732=VECTOR('',#1201,1.);
#733=VECTOR('',#1202,1.);
#734=VECTOR('',#1203,1.);
#735=VECTOR('',#1204,1.);
#736=VECTOR('',#1205,1.);
#737=VECTOR('',#1206,1.);
#738=VECTOR('',#1207,1.);
#739=VECTOR('',#1210,1.);
#740=VECTOR('',#1211,1.);
#741=VECTOR('',#1214,1.);
#742=VECTOR('',#1217,1.);
#743=VECTOR('',#1220,1.);
#744=VECTOR('',#1223,1.);
#745=VECTOR('',#1226,1.);
#746=VECTOR('',#1229,1.);
#747=VECTOR('',#1232,1.);
#748=VECTOR('',#1235,1.);
#749=VECTOR('',#1238,1.);
#750=VECTOR('',#1241,1.);
#751=VECTOR('',#1246,1.);
#752=VECTOR('',#1249,1.);
#753=EDGE_LOOP('',(#87,#88,#89,#90,#91,#92,#93,#94));
#754=EDGE_LOOP('',(#95,#96,#97,#98,#99,#100,#101,#102));
#755=EDGE_LOOP('',(#103,#104,#105,#106,#107,#108,#109,#110,#111,#112,#113,
#114));
#756=EDGE_LOOP('',(#115,#116,#117,#118,#119));
#757=EDGE_LOOP('',(#120,#121,#122,#123,#124));
#758=EDGE_LOOP('',(#125,#126,#127,#128,#129));
#759=EDGE_LOOP('',(#130,#131,#132,#133,#134,#135,#136,#137));
#760=EDGE_LOOP('',(#138,#139,#140,#141,#142,#143,#144,#145));
#761=EDGE_LOOP('',(#146,#147,#148,#149));
#762=EDGE_LOOP('',(#150,#151,#152,#153));
#763=EDGE_LOOP('',(#154,#155,#156,#157));
#764=EDGE_LOOP('',(#158,#159,#160,#161));
#765=EDGE_LOOP('',(#162,#163,#164,#165));
#766=EDGE_LOOP('',(#166,#167,#168,#169));
#767=EDGE_LOOP('',(#170,#171,#172,#173));
#768=EDGE_LOOP('',(#174,#175,#176,#177));
#769=EDGE_LOOP('',(#178,#179,#180,#181));
#770=EDGE_LOOP('',(#182,#183,#184,#185));
#771=EDGE_LOOP('',(#186,#187,#188,#189));
#772=EDGE_LOOP('',(#190,#191,#192,#193));
#773=EDGE_LOOP('',(#194,#195,#196,#197));
#774=EDGE_LOOP('',(#198,#199,#200,#201,#202,#203,#204,#205));
#775=EDGE_LOOP('',(#206,#207,#208,#209,#210,#211,#212,#213));
#776=EDGE_LOOP('',(#214,#215,#216,#217,#218));
#777=EDGE_LOOP('',(#219,#220,#221,#222));
#778=EDGE_LOOP('',(#223,#224,#225,#226));
#779=EDGE_LOOP('',(#227,#228,#229,#230));
#780=EDGE_LOOP('',(#231,#232,#233,#234));
#781=EDGE_LOOP('',(#235,#236,#237,#238));
#782=EDGE_LOOP('',(#239,#240,#241,#242));
#783=EDGE_LOOP('',(#243,#244,#245,#246));
#784=EDGE_LOOP('',(#247,#248,#249,#250));
#785=EDGE_LOOP('',(#251,#252,#253,#254));
#786=EDGE_LOOP('',(#255,#256,#257,#258));
#787=EDGE_LOOP('',(#259));
#788=EDGE_LOOP('',(#260,#261,#262,#263,#264,#265,#266,#267,#268,#269,#270,
#271,#272,#273,#274,#275));
#789=EDGE_LOOP('',(#276,#277,#278,#279));
#790=EDGE_LOOP('',(#280,#281,#282,#283));
#791=EDGE_LOOP('',(#284,#285,#286,#287));
#792=EDGE_LOOP('',(#288));
#793=EDGE_LOOP('',(#289,#290,#291,#292,#293,#294,#295,#296,#297,#298,#299,
#300));
#794=EDGE_LOOP('',(#301,#302,#303,#304));
#795=EDGE_LOOP('',(#305,#306,#307,#308));
#796=EDGE_LOOP('',(#309,#310,#311,#312));
#797=EDGE_LOOP('',(#313,#314,#315,#316));
#798=EDGE_LOOP('',(#317,#318,#319,#320));
#799=EDGE_LOOP('',(#321,#322,#323,#324));
#800=EDGE_LOOP('',(#325,#326,#327,#328));
#801=EDGE_LOOP('',(#329,#330,#331,#332));
#802=EDGE_LOOP('',(#333,#334,#335,#336));
#803=EDGE_LOOP('',(#337,#338,#339,#340));
#804=EDGE_LOOP('',(#341,#342,#343,#344));
#805=EDGE_LOOP('',(#345,#346,#347,#348));
#806=EDGE_LOOP('',(#349,#350,#351,#352));
#807=EDGE_LOOP('',(#353,#354,#355,#356));
#808=EDGE_LOOP('',(#357,#358,#359,#360));
#809=FACE_BOUND('',#753,.T.);
#810=FACE_BOUND('',#754,.T.);
#811=FACE_BOUND('',#755,.T.);
#812=FACE_BOUND('',#756,.T.);
#813=FACE_BOUND('',#757,.T.);
#814=FACE_BOUND('',#758,.T.);
#815=FACE_BOUND('',#759,.T.);
#816=FACE_BOUND('',#760,.T.);
#817=FACE_BOUND('',#761,.T.);
#818=FACE_BOUND('',#762,.T.);
#819=FACE_BOUND('',#763,.T.);
#820=FACE_BOUND('',#764,.T.);
#821=FACE_BOUND('',#765,.T.);
#822=FACE_BOUND('',#766,.T.);
#823=FACE_BOUND('',#767,.T.);
#824=FACE_BOUND('',#768,.T.);
#825=FACE_BOUND('',#769,.T.);
#826=FACE_BOUND('',#770,.T.);
#827=FACE_BOUND('',#771,.T.);
#828=FACE_BOUND('',#772,.T.);
#829=FACE_BOUND('',#773,.T.);
#830=FACE_BOUND('',#774,.T.);
#831=FACE_BOUND('',#775,.T.);
#832=FACE_BOUND('',#776,.T.);
#833=FACE_BOUND('',#777,.T.);
#834=FACE_BOUND('',#778,.T.);
#835=FACE_BOUND('',#779,.T.);
#836=FACE_BOUND('',#780,.T.);
#837=FACE_BOUND('',#781,.T.);
#838=FACE_BOUND('',#782,.T.);
#839=FACE_BOUND('',#783,.T.);
#840=FACE_BOUND('',#784,.T.);
#841=FACE_BOUND('',#785,.T.);
#842=FACE_BOUND('',#786,.T.);
#843=FACE_BOUND('',#787,.T.);
#844=FACE_BOUND('',#788,.T.);
#845=FACE_BOUND('',#789,.T.);
#846=FACE_BOUND('',#790,.T.);
#847=FACE_BOUND('',#791,.T.);
#848=FACE_BOUND('',#792,.T.);
#849=FACE_BOUND('',#793,.T.);
#850=FACE_BOUND('',#794,.T.);
#851=FACE_BOUND('',#795,.T.);
#852=FACE_BOUND('',#796,.T.);
#853=FACE_BOUND('',#797,.T.);
#854=FACE_BOUND('',#798,.T.);
#855=FACE_BOUND('',#799,.T.);
#856=FACE_BOUND('',#800,.T.);
#857=FACE_BOUND('',#801,.T.);
#858=FACE_BOUND('',#802,.T.);
#859=FACE_BOUND('',#803,.T.);
#860=FACE_BOUND('',#804,.T.);
#861=FACE_BOUND('',#805,.T.);
#862=FACE_BOUND('',#806,.T.);
#863=FACE_BOUND('',#807,.T.);
#864=FACE_BOUND('',#808,.T.);
#865=PLANE('',#963);
#866=PLANE('',#966);
#867=PLANE('',#984);
#868=PLANE('',#985);
#869=PLANE('',#986);
#870=PLANE('',#996);
#871=PLANE('',#999);
#872=PLANE('',#1000);
#873=PLANE('',#1002);
#874=PLANE('',#1003);
#875=PLANE('',#1004);
#876=PLANE('',#1005);
#877=PLANE('',#1007);
#878=PLANE('',#1012);
#879=PLANE('',#1013);
#880=PLANE('',#1014);
#881=PLANE('',#1015);
#882=PLANE('',#1016);
#883=PLANE('',#1017);
#884=PLANE('',#1018);
#885=PLANE('',#1019);
#886=PLANE('',#1020);
#887=PLANE('',#1021);
#888=PLANE('',#1022);
#889=PLANE('',#1023);
#890=PLANE('',#1024);
#891=PLANE('',#1025);
#892=PLANE('',#1026);
#893=PLANE('',#1027);
#894=PLANE('',#1028);
#895=PLANE('',#1029);
#896=PLANE('',#1030);
#897=ADVANCED_FACE('',(#809),#865,.F.);
#898=ADVANCED_FACE('',(#810),#866,.F.);
#899=ADVANCED_FACE('',(#811),#62,.T.);
#900=ADVANCED_FACE('',(#812),#63,.T.);
#901=ADVANCED_FACE('',(#813),#64,.T.);
#902=ADVANCED_FACE('',(#814),#65,.T.);
#903=ADVANCED_FACE('',(#815),#867,.F.);
#904=ADVANCED_FACE('',(#816,#817),#868,.F.);
#905=ADVANCED_FACE('',(#818),#869,.T.);
#906=ADVANCED_FACE('',(#819),#23,.T.);
#907=ADVANCED_FACE('',(#820),#66,.T.);
#908=ADVANCED_FACE('',(#821),#17,.T.);
#909=ADVANCED_FACE('',(#822),#18,.T.);
#910=ADVANCED_FACE('',(#823),#19,.T.);
#911=ADVANCED_FACE('',(#824),#20,.T.);
#912=ADVANCED_FACE('',(#825),#21,.T.);
#913=ADVANCED_FACE('',(#826),#22,.T.);
#914=ADVANCED_FACE('',(#827),#67,.T.);
#915=ADVANCED_FACE('',(#828),#24,.T.);
#916=ADVANCED_FACE('',(#829),#25,.T.);
#917=ADVANCED_FACE('',(#830),#68,.F.);
#918=ADVANCED_FACE('',(#831),#870,.T.);
#919=ADVANCED_FACE('',(#832),#69,.T.);
#920=ADVANCED_FACE('',(#833),#26,.T.);
#921=ADVANCED_FACE('',(#834),#27,.T.);
#922=ADVANCED_FACE('',(#835),#871,.T.);
#923=ADVANCED_FACE('',(#836),#28,.T.);
#924=ADVANCED_FACE('',(#837),#872,.F.);
#925=ADVANCED_FACE('',(#838),#873,.T.);
#926=ADVANCED_FACE('',(#839),#874,.F.);
#927=ADVANCED_FACE('',(#840),#875,.F.);
#928=ADVANCED_FACE('',(#841),#876,.F.);
#929=ADVANCED_FACE('',(#842),#877,.T.);
#930=ADVANCED_FACE('',(#843,#844),#70,.T.);
#931=ADVANCED_FACE('',(#845),#878,.T.);
#932=ADVANCED_FACE('',(#846),#879,.F.);
#933=ADVANCED_FACE('',(#847),#880,.F.);
#934=ADVANCED_FACE('',(#848,#849),#881,.T.);
#935=ADVANCED_FACE('',(#850),#882,.T.);
#936=ADVANCED_FACE('',(#851),#883,.T.);
#937=ADVANCED_FACE('',(#852),#884,.T.);
#938=ADVANCED_FACE('',(#853),#885,.T.);
#939=ADVANCED_FACE('',(#854),#886,.T.);
#940=ADVANCED_FACE('',(#855),#887,.T.);
#941=ADVANCED_FACE('',(#856),#888,.T.);
#942=ADVANCED_FACE('',(#857),#889,.T.);
#943=ADVANCED_FACE('',(#858),#890,.T.);
#944=ADVANCED_FACE('',(#859),#891,.T.);
#945=ADVANCED_FACE('',(#860),#892,.T.);
#946=ADVANCED_FACE('',(#861),#893,.T.);
#947=ADVANCED_FACE('',(#862),#894,.F.);
#948=ADVANCED_FACE('',(#863),#895,.F.);
#949=ADVANCED_FACE('',(#864),#896,.T.);
#950=CLOSED_SHELL('',(#897,#898,#899,#900,#901,#902,#903,#904,#905,#906,
#907,#908,#909,#910,#911,#912,#913,#914,#915,#916,#917,#918,#919,#920,#921,
#922,#923,#924,#925,#926,#927,#928,#929,#930,#931,#932,#933,#934,#935,#936,
#937,#938,#939,#940,#941,#942,#943,#944,#945,#946,#947,#948,#949));
#951=STYLED_ITEM('',(#952),#959);
#952=PRESENTATION_STYLE_ASSIGNMENT((#953));
#953=SURFACE_STYLE_USAGE(.BOTH.,#954);
#954=SURFACE_SIDE_STYLE('',(#955));
#955=SURFACE_STYLE_FILL_AREA(#956);
#956=FILL_AREA_STYLE('',(#957));
#957=FILL_AREA_STYLE_COLOUR('',#958);
#958=DRAUGHTING_PRE_DEFINED_COLOUR('white');
#959=MANIFOLD_SOLID_BREP('4DF',#950);
#960=SHAPE_DEFINITION_REPRESENTATION(#1820,#961);
#961=SHAPE_REPRESENTATION('4DF',(#962),#1815);
#962=AXIS2_PLACEMENT_3D('',#1252,#1031,#1032);
#963=AXIS2_PLACEMENT_3D('',#1253,#1033,#1034);
#964=AXIS2_PLACEMENT_3D('',#1261,#1038,#1039);
#965=AXIS2_PLACEMENT_3D('',#1269,#1043,#1044);
#966=AXIS2_PLACEMENT_3D('',#1270,#1045,#1046);
#967=AXIS2_PLACEMENT_3D('',#1278,#1050,#1051);
#968=AXIS2_PLACEMENT_3D('',#1283,#1054,#1055);
#969=AXIS2_PLACEMENT_3D('',#1284,#1056,#1057);
#970=AXIS2_PLACEMENT_3D('',#1285,#1058,#1059);
#971=AXIS2_PLACEMENT_3D('',#1290,#1061,#1062);
#972=AXIS2_PLACEMENT_3D('',#1294,#1064,#1065);
#973=AXIS2_PLACEMENT_3D('',#1298,#1067,#1068);
#974=AXIS2_PLACEMENT_3D('',#1302,#1070,#1071);
#975=AXIS2_PLACEMENT_3D('',#1306,#1073,#1074);
#976=AXIS2_PLACEMENT_3D('',#1309,#1076,#1077);
#977=AXIS2_PLACEMENT_3D('',#1310,#1078,#1079);
#978=AXIS2_PLACEMENT_3D('',#1320,#1081,#1082);
#979=AXIS2_PLACEMENT_3D('',#1321,#1083,#1084);
#980=AXIS2_PLACEMENT_3D('',#1330,#1086,#1087);
#981=AXIS2_PLACEMENT_3D('',#1331,#1088,#1089);
#982=AXIS2_PLACEMENT_3D('',#1332,#1090,#1091);
#983=AXIS2_PLACEMENT_3D('',#1337,#1093,#1094);
#984=AXIS2_PLACEMENT_3D('',#1346,#1096,#1097);
#985=AXIS2_PLACEMENT_3D('',#1355,#1103,#1104);
#986=AXIS2_PLACEMENT_3D('',#1385,#1110,#1111);
#987=AXIS2_PLACEMENT_3D('',#1421,#1115,#1116);
#988=AXIS2_PLACEMENT_3D('',#1443,#1117,#1118);
#989=AXIS2_PLACEMENT_3D('',#1463,#1119,#1120);
#990=AXIS2_PLACEMENT_3D('',#1493,#1121,#1122);
#991=AXIS2_PLACEMENT_3D('',#1503,#1123,#1124);
#992=AXIS2_PLACEMENT_3D('',#1518,#1125,#1126);
#993=AXIS2_PLACEMENT_3D('',#1535,#1127,#1128);
#994=AXIS2_PLACEMENT_3D('',#1554,#1129,#1130);
#995=AXIS2_PLACEMENT_3D('',#1627,#1132,#1133);
#996=AXIS2_PLACEMENT_3D('',#1628,#1134,#1135);
#997=AXIS2_PLACEMENT_3D('',#1636,#1140,#1141);
#998=AXIS2_PLACEMENT_3D('',#1639,#1143,#1144);
#999=AXIS2_PLACEMENT_3D('',#1692,#1147,#1148);
#1000=AXIS2_PLACEMENT_3D('',#1722,#1150,#1151);
#1001=AXIS2_PLACEMENT_3D('',#1723,#1152,#1153);
#1002=AXIS2_PLACEMENT_3D('',#1728,#1156,#1157);
#1003=AXIS2_PLACEMENT_3D('',#1730,#1159,#1160);
#1004=AXIS2_PLACEMENT_3D('',#1732,#1162,#1163);
#1005=AXIS2_PLACEMENT_3D('',#1736,#1166,#1167);
#1006=AXIS2_PLACEMENT_3D('',#1737,#1168,#1169);
#1007=AXIS2_PLACEMENT_3D('',#1740,#1171,#1172);
#1008=AXIS2_PLACEMENT_3D('',#1742,#1174,#1175);
#1009=AXIS2_PLACEMENT_3D('',#1743,#1176,#1177);
#1010=AXIS2_PLACEMENT_3D('',#1747,#1179,#1180);
#1011=AXIS2_PLACEMENT_3D('',#1752,#1183,#1184);
#1012=AXIS2_PLACEMENT_3D('',#1755,#1186,#1187);
#1013=AXIS2_PLACEMENT_3D('',#1757,#1189,#1190);
#1014=AXIS2_PLACEMENT_3D('',#1759,#1192,#1193);
#1015=AXIS2_PLACEMENT_3D('',#1760,#1194,#1195);
#1016=AXIS2_PLACEMENT_3D('',#1785,#1208,#1209);
#1017=AXIS2_PLACEMENT_3D('',#1788,#1212,#1213);
#1018=AXIS2_PLACEMENT_3D('',#1790,#1215,#1216);
#1019=AXIS2_PLACEMENT_3D('',#1792,#1218,#1219);
#1020=AXIS2_PLACEMENT_3D('',#1794,#1221,#1222);
#1021=AXIS2_PLACEMENT_3D('',#1796,#1224,#1225);
#1022=AXIS2_PLACEMENT_3D('',#1798,#1227,#1228);
#1023=AXIS2_PLACEMENT_3D('',#1800,#1230,#1231);
#1024=AXIS2_PLACEMENT_3D('',#1802,#1233,#1234);
#1025=AXIS2_PLACEMENT_3D('',#1804,#1236,#1237);
#1026=AXIS2_PLACEMENT_3D('',#1806,#1239,#1240);
#1027=AXIS2_PLACEMENT_3D('',#1808,#1242,#1243);
#1028=AXIS2_PLACEMENT_3D('',#1809,#1244,#1245);
#1029=AXIS2_PLACEMENT_3D('',#1811,#1247,#1248);
#1030=AXIS2_PLACEMENT_3D('',#1813,#1250,#1251);
#1031=DIRECTION('',(0.,0.,1.));
#1032=DIRECTION('',(1.,0.,0.));
#1033=DIRECTION('',(-2.15465320833926E-17,0.338739789867461,0.940880095846728));
#1034=DIRECTION('',(-1.00148357108136E-32,-0.940880095846728,0.338739789867461));
#1035=DIRECTION('',(7.08746842506771E-14,0.940880095847214,-0.33873978986611));
#1036=DIRECTION('',(1.,0.,0.));
#1037=DIRECTION('',(-6.81541194358607E-14,-0.94088009585254,0.338739789851317));
#1038=DIRECTION('',(-2.15465320833926E-17,0.338739789867461,0.940880095846728));
#1039=DIRECTION('',(2.26346126715613E-12,0.940880095846728,-0.338739789867461));
#1040=DIRECTION('',(0.291559846987682,-0.90000129167088,0.324022423013081));
#1041=DIRECTION('',(1.,-3.14068704642415E-17,0.));
#1042=DIRECTION('',(0.301943307514155,0.896965348096029,-0.322929409255927));
#1043=DIRECTION('',(-2.15465320833926E-17,0.338739789867461,0.940880095846728));
#1044=DIRECTION('',(1.29661453351963E-12,0.940880095846728,-0.338739789867461));
#1045=DIRECTION('',(0.951325893333488,0.308186704244751,1.05282102480508E-13));
#1046=DIRECTION('',(1.10668807837864E-13,-5.67979851759129E-29,-1.));
#1047=DIRECTION('',(-0.308186702665879,0.951325893844971,-1.24671145982599E-13));
#1048=DIRECTION('',(0.,0.,-1.));
#1049=DIRECTION('',(0.308186704244696,-0.951325893333505,1.41455717888526E-13));
#1050=DIRECTION('',(0.951325893333488,0.308186704244751,1.05282102480508E-13));
#1051=DIRECTION('',(-0.0102217912549265,0.0315531285523724,-0.999449806174426));
#1052=DIRECTION('',(-0.307181536393589,0.94822309603376,0.080699837961581));
#1053=DIRECTION('',(4.68172399935271E-34,1.49066873908469E-17,-1.));
#1054=DIRECTION('',(0.951325893333488,0.308186704244751,1.05282102480508E-13));
#1055=DIRECTION('',(-0.0102217912550556,0.0315531285527708,-0.999449806174412));
#1056=DIRECTION('',(1.02039986985621E-12,0.0348625157401924,-0.99939211773771));
#1057=DIRECTION('',(0.,0.99939211773771,0.0348625157401924));
#1058=DIRECTION('',(0.,0.,1.));
#1059=DIRECTION('',(2.92692551926138E-11,1.,0.));
#1060=DIRECTION('',(1.02039986985621E-12,0.0348625157401924,-0.99939211773771));
#1061=DIRECTION('',(0.,0.,1.));
#1062=DIRECTION('',(2.92692551926138E-11,1.,0.));
#1063=DIRECTION('',(1.02039986985621E-12,0.0348625157401924,-0.99939211773771));
#1064=DIRECTION('',(0.,0.,-1.));
#1065=DIRECTION('',(2.92692551926138E-11,1.,0.));
#1066=DIRECTION('',(1.02039986985621E-12,0.0348625157401924,-0.99939211773771));
#1067=DIRECTION('',(0.,0.,-1.));
#1068=DIRECTION('',(2.92692551926138E-11,1.,0.));
#1069=DIRECTION('',(1.02039986985621E-12,0.0348625157401924,-0.99939211773771));
#1070=DIRECTION('',(0.,0.,-1.));
#1071=DIRECTION('',(2.92692551926138E-11,1.,0.));
#1072=DIRECTION('',(1.02039986985621E-12,0.0348625157401924,-0.99939211773771));
#1073=DIRECTION('',(0.,0.,1.));
#1074=DIRECTION('',(2.92692551926138E-11,1.,0.));
#1075=DIRECTION('',(1.02039986985621E-12,0.0348625157401924,-0.99939211773771));
#1076=DIRECTION('',(2.25051741315144E-12,0.0348625157402091,-0.99939211773771));
#1077=DIRECTION('',(0.,0.99939211773771,0.0348625157402091));
#1078=DIRECTION('',(-4.5132819787228E-13,0.,1.));
#1079=DIRECTION('',(5.16159987734242E-11,1.,2.32957557077874E-23));
#1080=DIRECTION('',(2.25051741315144E-12,0.0348625157402091,-0.99939211773771));
#1081=DIRECTION('',(3.04878835501587E-13,0.0847998304019228,-0.996398007205858));
#1082=DIRECTION('',(3.89115759260632E-11,-0.996398007205858,-0.0847998304019228));
#1083=DIRECTION('',(8.40523126913418E-13,0.034862515740193,-0.99939211773771));
#1084=DIRECTION('',(0.,0.99939211773771,0.034862515740193));
#1085=DIRECTION('',(8.40523126913418E-13,0.034862515740193,-0.99939211773771));
#1086=DIRECTION('',(-4.04219867454635E-13,0.,1.));
#1087=DIRECTION('',(1.25220159325156E-11,1.,5.0616476205063E-24));
#1088=DIRECTION('',(1.60791327136315E-12,0.0348625157401896,-0.99939211773771));
#1089=DIRECTION('',(0.,0.99939211773771,0.0348625157401896));
#1090=DIRECTION('',(-4.36369403435225E-13,-2.52435489670724E-29,1.));
#1091=DIRECTION('',(3.36122940146061E-11,1.,1.4667401930792E-23));
#1092=DIRECTION('',(1.60791327136315E-12,0.0348625157401896,-0.99939211773771));
#1093=DIRECTION('',(3.04878835501587E-13,0.0847998304019228,-0.996398007205858));
#1094=DIRECTION('',(2.60624075076884E-11,-0.996398007205858,-0.0847998304019228));
#1095=DIRECTION('',(1.60791327136315E-12,0.0348625157401896,-0.99939211773771));
#1096=DIRECTION('',(3.04878835501587E-13,0.0847998304019228,-0.996398007205858));
#1097=DIRECTION('',(-1.,-5.36425415550288E-29,-3.05980976775076E-13));
#1098=DIRECTION('',(1.8019756868737E-14,-0.9963980072054,-0.084799830407304));
#1099=DIRECTION('',(-0.32248778380104,-0.943164074546491,-0.0802692829415733));
#1100=DIRECTION('',(1.,-3.14068704642415E-17,0.));
#1101=DIRECTION('',(-1.67890640449267E-14,0.996398007205873,0.0847998304017497));
#1102=DIRECTION('',(1.,0.,0.));
#1103=DIRECTION('',(3.14068704642415E-17,1.,1.49066873908469E-17));
#1104=DIRECTION('',(1.,-3.14068704642415E-17,0.));
#1105=DIRECTION('',(1.,-3.14068704642415E-17,0.));
#1106=DIRECTION('',(4.68172399935271E-34,1.49066873908469E-17,-1.));
#1107=DIRECTION('',(1.,-3.14068704642415E-17,0.));
#1108=DIRECTION('',(4.68172399935271E-34,1.49066873908469E-17,-1.));
#1109=DIRECTION('',(0.0118913367601366,-1.5279103095127E-17,0.999929295555469));
#1110=DIRECTION('',(0.,0.0847998304031115,-0.996398007205757));
#1111=DIRECTION('',(0.,0.996398007205757,0.0847998304031115));
#1112=DIRECTION('',(0.43052838591041,-0.89932596168198,-0.0765383797199812));
#1113=DIRECTION('',(0.430528385912219,0.89932596168112,0.0765383797199079));
#1114=DIRECTION('',(0.283887319775903,-0.849100745179902,0.445461462087788));
#1115=DIRECTION('',(-0.000472416386162204,0.0347697527675265,-0.999395237688895));
#1116=DIRECTION('',(0.,0.99939534921005,0.0347697566474359));
#1117=DIRECTION('',(-0.158699892713397,0.987074739037425,0.0223115128791497));
#1118=DIRECTION('',(0.987320515485248,0.158739408156715,0.));
#1119=DIRECTION('',(-0.158828065531018,0.986246433034057,0.0457342205276762));
#1120=DIRECTION('',(0.987279479724972,0.158994430449588,0.));
#1121=DIRECTION('',(-2.15043877180541E-15,0.0848004692714392,-0.996397952833778));
#1122=DIRECTION('',(0.,0.996397952833778,0.0848004692714392));
#1123=DIRECTION('',(-2.99065875648492E-8,-0.338738172943143,-0.940880677977362));
#1124=DIRECTION('',(0.,0.940880677977363,-0.338738172943144));
#1125=DIRECTION('',(0.158614699518399,0.987089203140076,0.0222773908027196));
#1126=DIRECTION('',(0.987334231717864,-0.158654072995604,0.));
#1127=DIRECTION('',(0.158826618849729,0.986246239723514,0.0457434123780987));
#1128=DIRECTION('',(0.98727970215847,-0.158993049237639,0.));
#1129=DIRECTION('',(0.000472416381075592,0.0347697527638521,-0.999395237689025));
#1130=DIRECTION('',(0.,0.999395349210178,0.0347697566437614));
#1131=DIRECTION('',(-0.297772282029412,-0.926964180681434,-0.228186493440332));
#1132=DIRECTION('',(1.17723860811713E-12,0.0348625157401955,-0.99939211773771));
#1133=DIRECTION('',(0.,0.99939211773771,0.0348625157401955));
#1134=DIRECTION('',(0.946450232904348,-0.322653488491939,-0.0112553542497395));
#1135=DIRECTION('',(-0.0118913367601302,1.7347234759768E-18,-0.999929295555469));
#1136=DIRECTION('',(-0.322673927792338,-0.946510188177109,-1.24222637797874E-13));
#1137=DIRECTION('',(4.81498782681869E-13,0.0348625157401998,-0.99939211773771));
#1138=DIRECTION('',(0.322673927789144,0.946510188178197,1.49695359947176E-13));
#1139=DIRECTION('',(-0.0118913367562988,0.,-0.999929295555515));
#1140=DIRECTION('',(4.81498782681869E-13,0.0348625157401998,-0.99939211773771));
#1141=DIRECTION('',(0.,0.99939211773771,0.0348625157401998));
#1142=DIRECTION('',(4.81498782681869E-13,0.0348625157401998,-0.99939211773771));
#1143=DIRECTION('',(-4.04219867454635E-13,0.,1.));
#1144=DIRECTION('',(2.22372458409052E-12,1.,8.9887365663668E-25));
#1145=DIRECTION('',(-0.28388731977925,-0.849100745179107,0.44546146208717));
#1146=DIRECTION('',(-0.429122651620022,0.849846398339654,-0.305965437747011));
#1147=DIRECTION('',(-2.15465320833926E-17,0.338739789867461,0.940880095846728));
#1148=DIRECTION('',(-1.00148357108136E-32,-0.940880095846728,0.338739789867461));
#1149=DIRECTION('',(-0.42912265162763,-0.849846398336253,0.305965437745786));
#1150=DIRECTION('',(0.,1.,0.));
#1151=DIRECTION('',(1.,0.,0.));
#1152=DIRECTION('',(0.,1.,0.));
#1153=DIRECTION('',(1.,0.,0.));
#1154=DIRECTION('',(2.02109933727317E-13,0.,-1.));
#1155=DIRECTION('',(0.,0.,-1.));
#1156=DIRECTION('',(1.,0.,2.02109933727317E-13));
#1157=DIRECTION('',(0.,-1.,0.));
#1158=DIRECTION('',(0.,1.,0.));
#1159=DIRECTION('',(1.,-3.15544362088404E-30,2.09319839303335E-13));
#1160=DIRECTION('',(2.07808382997883E-13,0.119956060064139,-0.992779201864085));
#1161=DIRECTION('',(0.,1.,0.));
#1162=DIRECTION('',(-4.36369403435225E-13,-2.52435489670724E-29,1.));
#1163=DIRECTION('',(0.397196722820415,0.917733492567817,1.73324496983571E-13));
#1164=DIRECTION('',(0.,1.,0.));
#1165=DIRECTION('',(1.,0.,0.));
#1166=DIRECTION('',(0.,1.,0.));
#1167=DIRECTION('',(1.,0.,0.));
#1168=DIRECTION('',(0.,1.,0.));
#1169=DIRECTION('',(1.,0.,0.));
#1170=DIRECTION('',(1.,0.,4.04219867454635E-13));
#1171=DIRECTION('',(-4.04219867454635E-13,0.,1.));
#1172=DIRECTION('',(0.,-1.,0.));
#1173=DIRECTION('',(0.,1.,0.));
#1174=DIRECTION('',(0.,1.,0.));
#1175=DIRECTION('',(0.,0.,-1.));
#1176=DIRECTION('',(0.,1.,0.));
#1177=DIRECTION('',(1.,0.,0.));
#1178=DIRECTION('',(0.,1.,0.));
#1179=DIRECTION('',(0.,1.,0.));
#1180=DIRECTION('',(1.,0.,0.));
#1181=DIRECTION('',(0.,1.,0.));
#1182=DIRECTION('',(0.,1.,0.));
#1183=DIRECTION('',(0.,1.,0.));
#1184=DIRECTION('',(1.,0.,0.));
#1185=DIRECTION('',(0.,1.,0.));
#1186=DIRECTION('',(1.,0.,2.02109933727317E-13));
#1187=DIRECTION('',(0.,-1.,0.));
#1188=DIRECTION('',(2.02109933727317E-13,0.,-1.));
#1189=DIRECTION('',(0.,1.,0.));
#1190=DIRECTION('',(1.,0.,0.));
#1191=DIRECTION('',(0.,0.,-1.));
#1192=DIRECTION('',(1.,-3.15544362088404E-30,2.09319839303335E-13));
#1193=DIRECTION('',(2.07808382997883E-13,0.119956060064139,-0.992779201864085));
#1194=DIRECTION('',(0.,-1.,3.06161699786838E-16));
#1195=DIRECTION('',(0.,-3.06161699786838E-16,-1.));
#1196=DIRECTION('',(0.,-3.06161699786838E-16,-1.));
#1197=DIRECTION('',(1.,0.,0.));
#1198=DIRECTION('',(0.,-3.06161699786838E-16,-1.));
#1199=DIRECTION('',(1.,0.,0.));
#1200=DIRECTION('',(0.,-3.06161699786838E-16,-1.));
#1201=DIRECTION('',(1.,0.,0.));
#1202=DIRECTION('',(0.,-3.06161699786838E-16,-1.));
#1203=DIRECTION('',(1.,0.,0.));
#1204=DIRECTION('',(0.,-3.06161699786838E-16,-1.));
#1205=DIRECTION('',(1.,0.,0.));
#1206=DIRECTION('',(0.,-3.06161699786838E-16,-1.));
#1207=DIRECTION('',(1.,0.,0.));
#1208=DIRECTION('',(0.,0.,1.));
#1209=DIRECTION('',(1.,0.,0.));
#1210=DIRECTION('',(0.,1.,-3.06161699786838E-16));
#1211=DIRECTION('',(0.,1.,0.));
#1212=DIRECTION('',(-1.,0.,0.));
#1213=DIRECTION('',(0.,3.06161699786838E-16,1.));
#1214=DIRECTION('',(0.,1.,-3.06161699786838E-16));
#1215=DIRECTION('',(1.,0.,0.));
#1216=DIRECTION('',(0.,-3.06161699786838E-16,-1.));
#1217=DIRECTION('',(0.,1.,0.));
#1218=DIRECTION('',(0.,0.,1.));
#1219=DIRECTION('',(1.,0.,0.));
#1220=DIRECTION('',(0.,1.,0.));
#1221=DIRECTION('',(0.,0.,1.));
#1222=DIRECTION('',(1.,0.,0.));
#1223=DIRECTION('',(0.,1.,-3.06161699786838E-16));
#1224=DIRECTION('',(-1.,0.,0.));
#1225=DIRECTION('',(0.,3.06161699786838E-16,1.));
#1226=DIRECTION('',(0.,1.,-3.06161699786838E-16));
#1227=DIRECTION('',(1.,0.,0.));
#1228=DIRECTION('',(0.,-3.06161699786838E-16,-1.));
#1229=DIRECTION('',(0.,1.,0.));
#1230=DIRECTION('',(0.,0.,-1.));
#1231=DIRECTION('',(-1.,0.,0.));
#1232=DIRECTION('',(0.,1.,0.));
#1233=DIRECTION('',(0.,0.,-1.));
#1234=DIRECTION('',(-1.,0.,0.));
#1235=DIRECTION('',(0.,1.,-3.06161699786838E-16));
#1236=DIRECTION('',(-1.,0.,0.));
#1237=DIRECTION('',(0.,3.06161699786838E-16,1.));
#1238=DIRECTION('',(0.,1.,-3.06161699786838E-16));
#1239=DIRECTION('',(0.,0.,-1.));
#1240=DIRECTION('',(-1.,0.,0.));
#1241=DIRECTION('',(0.,1.,0.));
#1242=DIRECTION('',(1.,0.,0.));
#1243=DIRECTION('',(0.,-3.06161699786838E-16,-1.));
#1244=DIRECTION('',(-4.5132819787228E-13,0.,1.));
#1245=DIRECTION('',(0.987762965329069,0.155962573473012,4.45805279066949E-13));
#1246=DIRECTION('',(1.,0.,0.));
#1247=DIRECTION('',(0.,1.,0.));
#1248=DIRECTION('',(1.,0.,0.));
#1249=DIRECTION('',(1.,0.,4.04219867454635E-13));
#1250=DIRECTION('',(-4.04219867454635E-13,0.,1.));
#1251=DIRECTION('',(0.,-1.,0.));
#1252=CARTESIAN_POINT('',(0.,0.,0.));
#1253=CARTESIAN_POINT('',(0.0130983544649571,0.00848850004250373,-0.199892651673632));
#1254=CARTESIAN_POINT('',(0.00842499999981759,0.00433274910222313,-0.198396479944138));
#1255=CARTESIAN_POINT('',(0.0084249999998193,0.00433274910222287,-0.198396479944138));
#1256=CARTESIAN_POINT('',(0.00842499999981777,0.00668167514452864,-0.199242150627888));
#1257=CARTESIAN_POINT('',(0.0087499999998181,0.00433274910222286,-0.198396479944138));
#1258=CARTESIAN_POINT('',(0.00907499999982123,0.00433274910222286,-0.198396479944138));
#1259=CARTESIAN_POINT('',(0.0090749999998214,0.00667967026823237,-0.199241428823465));
#1260=CARTESIAN_POINT('',(0.0090749999998214,0.00667964180276312,-0.199241418575223));
#1261=CARTESIAN_POINT('',(0.00884350046418347,0.0391105750165524,-0.210917345774191));
#1262=CARTESIAN_POINT('',(0.0142213845279744,0.0071399267820017,-0.199407136051409));
#1263=CARTESIAN_POINT('',(0.0142213758591624,0.00713995325554198,-0.199407141928811));
#1264=CARTESIAN_POINT('',(0.0165343988491549,9.45640143573771E-14,-0.196836584558014));
#1265=CARTESIAN_POINT('',(0.0087499999998181,9.45882228067982E-14,-0.196836584558012));
#1266=CARTESIAN_POINT('',(0.00115327968017671,9.45597494006095E-14,-0.196836584558014));
#1267=CARTESIAN_POINT('',(0.00115327968017664,9.35743665580088E-14,-0.196836584558015));
#1268=CARTESIAN_POINT('',(0.00355232974550293,0.00712671790836647,-0.199402376880915));
#1269=CARTESIAN_POINT('',(0.00885280734145585,0.0391049279076703,-0.210915312677216));
#1270=CARTESIAN_POINT('',(0.0145590249312881,0.00609768147434898,-0.205088959844885));
#1271=CARTESIAN_POINT('',(0.0151307834577747,0.00433274910222286,-0.204183041201306));
#1272=CARTESIAN_POINT('',(0.0151307834577747,0.00433274910222286,-0.204183041201306));
#1273=CARTESIAN_POINT('',(0.0141702259820466,0.00729784522316259,-0.204183041201306));
#1274=CARTESIAN_POINT('',(0.0151307834577747,0.00433274910222286,-0.204833041201309));
#1275=CARTESIAN_POINT('',(0.0151307834577747,0.00433274910222286,-0.20483304120131));
#1276=CARTESIAN_POINT('',(0.0141632553011386,0.00731936265582488,-0.204833041201311));
#1277=CARTESIAN_POINT('',(0.0141632634434705,0.00731933752167286,-0.204833041201311));
#1278=CARTESIAN_POINT('',(0.00884365965089531,0.0237401524380966,0.229666009010149));
#1279=CARTESIAN_POINT('',(0.014090603874416,0.00754362667425377,-0.211611511653812));
#1280=CARTESIAN_POINT('',(0.0165343988491586,9.41443104029993E-14,-0.212253522434602));
#1281=CARTESIAN_POINT('',(0.0165343988491558,9.48416329636343E-14,-0.212253522434605));
#1282=CARTESIAN_POINT('',(0.016534398849155,9.45880926791979E-14,-0.204508041201305));
#1283=CARTESIAN_POINT('',(0.0088435004638129,0.0237406438246207,0.229687348329345));
#1284=CARTESIAN_POINT('',(0.008848456928434,0.0388264056801617,-0.203393118544941));
#1285=CARTESIAN_POINT('',(0.00884845692843718,0.0389350657728421,-0.206508041201319));
#1286=CARTESIAN_POINT('',(0.00924999999981886,0.0069349296603016,-0.206508041201319));
#1287=CARTESIAN_POINT('',(0.0082499999998181,0.00693801031855799,-0.206508041201319));
#1288=CARTESIAN_POINT('',(0.0092499999998181,0.00688260402771888,-0.205008039734169));
#1289=CARTESIAN_POINT('',(0.0092499999998181,0.00688260407889852,-0.205008041201319));
#1290=CARTESIAN_POINT('',(0.00884845692843565,0.0388827401914389,-0.205008041201319));
#1291=CARTESIAN_POINT('',(0.0107499999998186,0.00693669382950962,-0.205008041201319));
#1292=CARTESIAN_POINT('',(0.0107499999998181,0.00690181012355842,-0.204008041630865));
#1293=CARTESIAN_POINT('',(0.0107499999998181,0.00690181010857426,-0.204008041201319));
#1294=CARTESIAN_POINT('',(0.00884845692843463,0.0388478564705035,-0.204008041201319));
#1295=CARTESIAN_POINT('',(0.00924999999981886,0.00684772035796315,-0.204008041201319));
#1296=CARTESIAN_POINT('',(0.0092499999998181,0.00679539472538038,-0.202508039734168));
#1297=CARTESIAN_POINT('',(0.0092499999998181,0.00679539477656008,-0.202508041201319));
#1298=CARTESIAN_POINT('',(0.0088484569284331,0.0387955308891004,-0.202508041201319));
#1299=CARTESIAN_POINT('',(0.00824999999981733,0.00679847543481636,-0.202508041201319));
#1300=CARTESIAN_POINT('',(0.0082499999998181,0.00685080096503282,-0.204008039733968));
#1301=CARTESIAN_POINT('',(0.0082499999998181,0.00685080101621946,-0.204008041201319));
#1302=CARTESIAN_POINT('',(0.00884845692843463,0.0388478564705035,-0.204008041201319));
#1303=CARTESIAN_POINT('',(0.00674999999981759,0.00691415539699488,-0.204008041201319));
#1304=CARTESIAN_POINT('',(0.0067499999998181,0.0069490391269474,-0.205008041459809));
#1305=CARTESIAN_POINT('',(0.0067499999998181,0.00694903911793031,-0.205008041201319));
#1306=CARTESIAN_POINT('',(0.00884845692843565,0.0388827401914389,-0.205008041201319));
#1307=CARTESIAN_POINT('',(0.00824999999981733,0.00688568473715489,-0.205008041201319));
#1308=CARTESIAN_POINT('',(0.0082499999998181,0.0069380102672835,-0.206508039731451));
#1309=CARTESIAN_POINT('',(0.00884365965187892,0.0389771084385743,-0.207126729605402));
#1310=CARTESIAN_POINT('',(0.00884365965187376,0.0388970960523733,-0.204833041201313));
#1311=CARTESIAN_POINT('',(0.0114303685488519,0.00697863351948855,-0.204833040341855));
#1312=CARTESIAN_POINT('',(0.00907500007146274,0.00695686368425962,-0.207188409637442));
#1313=CARTESIAN_POINT('',(0.00967451263540527,0.00695866426123661,-0.207115717531533));
#1314=CARTESIAN_POINT('',(0.0108012756167764,0.00698521277365059,-0.206561406094031));
#1315=CARTESIAN_POINT('',(0.0113576979032242,0.00699364421184689,-0.205432379267215));
#1316=CARTESIAN_POINT('',(0.0114303686530572,0.0069786334979642,-0.204833039482442));
#1317=CARTESIAN_POINT('',(0.00907499999981799,0.00695686368403244,-0.207188409646142));
#1318=CARTESIAN_POINT('',(0.00907499999982391,0.00711243801511546,-0.211648207136528));
#1319=CARTESIAN_POINT('',(0.00907499999982391,0.00711243806465847,-0.21164820855676));
#1320=CARTESIAN_POINT('',(0.00884365965188298,0.0390400468913828,-0.208930965252311));
#1321=CARTESIAN_POINT('',(0.00884350046417479,0.0387508160908222,-0.200604256571451));
#1322=CARTESIAN_POINT('',(0.00907499999982193,0.00676986000286651,-0.201827673644472));
#1323=CARTESIAN_POINT('',(0.0090750001539969,0.00676985997365867,-0.201827672775191));
#1324=CARTESIAN_POINT('',(0.0114303676258466,0.00695596529097459,-0.204183034449611));
#1325=CARTESIAN_POINT('',(0.0113576452830454,0.0069291429916433,-0.203583285021918));
#1326=CARTESIAN_POINT('',(0.0108038871879675,0.00684223971456655,-0.20245783166391));
#1327=CARTESIAN_POINT('',(0.00967533261184965,0.00677674431765753,-0.201900464348683));
#1328=CARTESIAN_POINT('',(0.00907500030816952,0.00676985997542666,-0.201827672793885));
#1329=CARTESIAN_POINT('',(0.0114303680353042,0.00695596544183329,-0.20418303782544));
#1330=CARTESIAN_POINT('',(0.0088435004641778,0.038875657415138,-0.204183041201308));
#1331=CARTESIAN_POINT('',(0.00885280734146501,0.0389727816319201,-0.207127119437284));
#1332=CARTESIAN_POINT('',(0.00885280734146131,0.0388927556469326,-0.204833041201313));
#1333=CARTESIAN_POINT('',(0.00355232974551271,0.00731615968701176,-0.204833041201315));
#1334=CARTESIAN_POINT('',(0.00606963146290293,0.00699518252541032,-0.204833040441802));
#1335=CARTESIAN_POINT('',(0.00355232974551293,0.007316159715577,-0.204833042020186));
#1336=CARTESIAN_POINT('',(0.00355232974552221,0.00755259134408912,-0.211610748703191));
#1337=CARTESIAN_POINT('',(0.00885280734146791,0.0390357193337134,-0.208931333555091));
#1338=CARTESIAN_POINT('',(0.00842499999982349,0.00711443866778176,-0.211648038292655));
#1339=CARTESIAN_POINT('',(0.00842499999981944,0.0069588702568315,-0.20718841051273));
#1340=CARTESIAN_POINT('',(0.00842499990248141,0.00695887022749219,-0.207188409634339));
#1341=CARTESIAN_POINT('',(0.00606963137089256,0.00699518250703581,-0.204833039682284));
#1342=CARTESIAN_POINT('',(0.0061423073966768,0.00700974225710534,-0.205432422605579));
#1343=CARTESIAN_POINT('',(0.00669699519133216,0.00699789441310681,-0.206559655801645));
#1344=CARTESIAN_POINT('',(0.00782548232412598,0.0069643551064377,-0.207115716892501));
#1345=CARTESIAN_POINT('',(0.00842499980514455,0.00695887022838272,-0.207188409622537));
#1346=CARTESIAN_POINT('',(0.00912267098266238,0.00503089797610032,-0.211825360904724));
#1347=CARTESIAN_POINT('',(0.00842499999982037,0.00711446118558174,-0.211648036376238));
#1348=CARTESIAN_POINT('',(0.00842499999982078,0.00433274910222286,-0.211884777830161));
#1349=CARTESIAN_POINT('',(0.00355233697685072,0.007552612493203,-0.211610746903267));
#1350=CARTESIAN_POINT('',(0.000969938717055017,9.45795153321999E-14,-0.212253522434607));
#1351=CARTESIAN_POINT('',(0.0087499999998181,9.45884526222716E-14,-0.212253522434607));
#1352=CARTESIAN_POINT('',(0.00907499999982396,0.00433274910222286,-0.211884777830164));
#1353=CARTESIAN_POINT('',(0.00907499999982396,0.00433274910222286,-0.211884777830163));
#1354=CARTESIAN_POINT('',(0.0087499999998181,0.00433274910222286,-0.211884777830161));
#1355=CARTESIAN_POINT('',(0.0087499999998181,9.45883371628042E-14,-0.204508041201305));
#1356=CARTESIAN_POINT('',(0.0087499999998181,9.45884713229907E-14,-0.213508041201305));
#1357=CARTESIAN_POINT('',(-1.81894397879758E-13,9.45887461331073E-14,-0.213508041201305));
#1358=CARTESIAN_POINT('',(0.0174999999998217,9.45829317644531E-14,-0.213508041201305));
#1359=CARTESIAN_POINT('',(0.0174999999998217,9.45884074877692E-14,-0.213508041201305));
#1360=CARTESIAN_POINT('',(0.0176320715506415,9.45884033398151E-14,-0.213508041201305));
#1361=CARTESIAN_POINT('',(0.0177499999998217,9.45883391310931E-14,-0.213390081866102));
#1362=CARTESIAN_POINT('',(0.0177499999998217,9.45883371628042E-14,-0.213258041201285));
#1363=CARTESIAN_POINT('',(0.0177499999997917,1.88074600520627E-13,-0.213258041201285));
#1364=CARTESIAN_POINT('',(0.0177499999998217,9.458805450097E-14,-0.204508041201305));
#1365=CARTESIAN_POINT('',(0.0177499999998213,9.44480570141959E-14,-0.195758041201305));
#1366=CARTESIAN_POINT('',(0.0177499999998217,9.45885437104786E-14,-0.195758041201305));
#1367=CARTESIAN_POINT('',(0.0177499999998217,9.45885417417367E-14,-0.195625970151107));
#1368=CARTESIAN_POINT('',(0.0176320403761212,9.45883330158292E-14,-0.195508041201305));
#1369=CARTESIAN_POINT('',(0.0174999999998217,9.45883371628042E-14,-0.195508041201305));
#1370=CARTESIAN_POINT('',(0.0174999999998218,9.45879281925011E-14,-0.195508041201305));
#1371=CARTESIAN_POINT('',(0.0087499999998181,9.45882030026177E-14,-0.195508041201305));
#1372=CARTESIAN_POINT('',(-1.79876916112317E-13,9.46154578296276E-14,-0.195508041201305));
#1373=CARTESIAN_POINT('',(-1.77859402151086E-13,9.45882668378392E-14,-0.195508041201305));
#1374=CARTESIAN_POINT('',(-0.000132068980625498,9.45882709857126E-14,-0.195508041201305));
#1375=CARTESIAN_POINT('',(-0.000250000000181899,9.45883351945373E-14,-0.195626002010005));
#1376=CARTESIAN_POINT('',(-0.000250000000181899,9.45883371628042E-14,-0.195758041201346));
#1377=CARTESIAN_POINT('',(-0.000250000000181903,9.45884445019865E-14,-0.195758041201304));
#1378=CARTESIAN_POINT('',(-0.0002500000001819,9.45886198246384E-14,-0.204508041201305));
#1379=CARTESIAN_POINT('',(-0.000250000000181486,9.4456312563218E-14,-0.213258041201295));
#1380=CARTESIAN_POINT('',(-0.000250000000181899,9.45894628827593E-14,-0.213258041201283));
#1381=CARTESIAN_POINT('',(-0.000250000000181899,9.45894648514776E-14,-0.213390110672038));
#1382=CARTESIAN_POINT('',(-0.000132039471080397,9.45892294881705E-14,-0.213508041201305));
#1383=CARTESIAN_POINT('',(-1.81898940354586E-13,9.45892253412239E-14,-0.213508041201305));
#1384=CARTESIAN_POINT('',(0.000969938717054902,9.45886969696485E-14,-0.212253522434614));
#1385=CARTESIAN_POINT('',(0.00449999999983265,0.00940000000009461,-0.21270804120128));
#1386=CARTESIAN_POINT('',(0.013241439181349,0.00889566037648396,-0.212750963722439));
#1387=CARTESIAN_POINT('',(0.013241439145268,0.00889566030763862,-0.212750963728306));
#1388=CARTESIAN_POINT('',(-1.81899634243976E-13,9.45632461224477E-14,-0.213508041201305));
#1389=CARTESIAN_POINT('',(0.00425856085439142,0.00889566030763152,-0.212750963728301));
#1390=CARTESIAN_POINT('',(0.00425856081830898,0.00889566037647616,-0.21275096372244));
#1391=CARTESIAN_POINT('',(0.00723099026274213,0.00845489492852352,-0.212788475675459));
#1392=CARTESIAN_POINT('',(0.0102690097369232,0.00845489492852725,-0.212788475675458));
#1393=CARTESIAN_POINT('',(0.0132414391813491,0.00889566037648397,-0.21275096372244));
#1394=CARTESIAN_POINT('',(0.0148177926462144,0.00912795230185898,-0.211011055318335));
#1395=CARTESIAN_POINT('',(0.0157951950974156,0.00608530153460418,-0.211760050612656));
#1396=CARTESIAN_POINT('',(0.0167725975486205,0.00304265076734938,-0.212509045906984));
#1397=CARTESIAN_POINT('',(0.0177499999998217,9.45883371628042E-14,-0.213258041201305));
#1398=CARTESIAN_POINT('',(0.0148177926462144,0.00909672971962381,-0.210113049948704));
#1399=CARTESIAN_POINT('',(0.0157951950974156,0.00606448647978074,-0.211117747134939));
#1400=CARTESIAN_POINT('',(0.0167725975486205,0.00303224323993766,-0.212122444321173));
#1401=CARTESIAN_POINT('',(0.0177499999998217,9.45883371628042E-14,-0.213127141507408));
#1402=CARTESIAN_POINT('',(0.0148177926462144,0.00880139044657998,-0.201257116375354));
#1403=CARTESIAN_POINT('',(0.0157951950974156,0.00586759363108485,-0.199467724548631));
#1404=CARTESIAN_POINT('',(0.0167725975486205,0.00293379681558972,-0.197678332721924));
#1405=CARTESIAN_POINT('',(0.0177499999998217,9.45883371628042E-14,-0.195888940895202));
#1406=CARTESIAN_POINT('',(0.0148177926462144,0.00877016786434486,-0.20035911100573));
#1407=CARTESIAN_POINT('',(0.0157951950974156,0.00584677857626144,-0.198825421070921));
#1408=CARTESIAN_POINT('',(0.0167725975486205,0.00292338928817801,-0.197291731136114));
#1409=CARTESIAN_POINT('',(0.0177499999998217,9.45883371628042E-14,-0.195758041201305));
#1410=CARTESIAN_POINT('',(0.0162838963230181,0.00438508393221978,-0.198058576103519));
#1411=CARTESIAN_POINT('',(0.0148205932746861,0.00876179124602769,-0.200354716402738));
#1412=CARTESIAN_POINT('',(0.0148177932493069,0.0091279504244254,-0.211011055780501));
#1413=CARTESIAN_POINT('',(0.0157951954994585,0.00608530028304469,-0.211760050920772));
#1414=CARTESIAN_POINT('',(0.0167725977496101,0.00304265014166341,-0.212509046061023));
#1415=CARTESIAN_POINT('',(0.0177499999997616,2.81564126615486E-13,-0.213258041201266));
#1416=CARTESIAN_POINT('',(0.0148177932497746,0.0091279504229678,-0.21101105578064));
#1417=CARTESIAN_POINT('',(0.0148209528312556,0.00876191449833408,-0.200354712285288));
#1418=CARTESIAN_POINT('',(0.0148198201907906,0.00888390125911797,-0.203906827623024));
#1419=CARTESIAN_POINT('',(0.0148186714732051,0.00900588250888754,-0.207458943144893));
#1420=CARTESIAN_POINT('',(0.0148175065704997,0.00912785857299963,-0.211011058839524));
#1421=CARTESIAN_POINT('',(0.0145816079362649,0.008866106669979,-0.205685644639899));
#1422=CARTESIAN_POINT('',(0.0145362370503355,0.00892633378966979,-0.20034896689671));
#1423=CARTESIAN_POINT('',(0.0146536095782756,0.00894919349925161,-0.200348190579968));
#1424=CARTESIAN_POINT('',(0.0147821578088923,0.00887495918061023,-0.200350797524236));
#1425=CARTESIAN_POINT('',(0.0148209528312552,0.0087619144983351,-0.200354712285285));
#1426=CARTESIAN_POINT('',(0.0145362135931472,0.00892645408661817,-0.200348962700393));
#1427=CARTESIAN_POINT('',(0.0148175065704553,0.00912785857317454,-0.211011058840612));
#1428=CARTESIAN_POINT('',(0.0147805622813469,0.00924303382364385,-0.211007071234457));
#1429=CARTESIAN_POINT('',(0.0146507709485677,0.00931999796394559,-0.211004369134116));
#1430=CARTESIAN_POINT('',(0.0145319172462713,0.00929720939447281,-0.211005142679887));
#1431=CARTESIAN_POINT('',(0.0145318921297969,0.00929734023018621,-0.211005137993521));
#1432=CARTESIAN_POINT('',(0.0145319172462158,0.00929720939019034,-0.211005142557421));
#1433=CARTESIAN_POINT('',(0.0145319381197731,0.00927566778348076,-0.210387462916263));
#1434=CARTESIAN_POINT('',(0.0145322211149637,0.00923633280060879,-0.209258248632257));
#1435=CARTESIAN_POINT('',(0.0145330885598603,0.00916982852844125,-0.207346901613517));
#1436=CARTESIAN_POINT('',(0.0145338564341668,0.00912242983260044,-0.205983820180826));
#1437=CARTESIAN_POINT('',(0.0145345545810608,0.00908095344845714,-0.204790908249109));
#1438=CARTESIAN_POINT('',(0.0145351292879589,0.00904352433577453,-0.203714708302459));
#1439=CARTESIAN_POINT('',(0.0145356987938665,0.00900137060295261,-0.202503091436977));
#1440=CARTESIAN_POINT('',(0.0145361180419734,0.00895912741475209,-0.201289741847633));
#1441=CARTESIAN_POINT('',(0.014536226189801,0.00893635704756292,-0.200636367213935));
#1442=CARTESIAN_POINT('',(0.0145362370503355,0.00892633378966979,-0.20034896689671));
#1443=CARTESIAN_POINT('',(0.0131485465371911,0.00882411642050886,-0.211070558457505));
#1444=CARTESIAN_POINT('',(0.0148118868666071,0.00912612147781708,-0.2110112870755));
#1445=CARTESIAN_POINT('',(0.0148122270486016,0.00912746559162813,-0.211030602484219));
#1446=CARTESIAN_POINT('',(0.0148119955085177,0.00913139328520093,-0.211092439147992));
#1447=CARTESIAN_POINT('',(0.014808368999051,0.0091352027482667,-0.21116573900114));
#1448=CARTESIAN_POINT('',(0.0147938872736289,0.00914147630226353,-0.211322183399676));
#1449=CARTESIAN_POINT('',(0.0147278310296882,0.00914444036728429,-0.211630922208714));
#1450=CARTESIAN_POINT('',(0.014425640686122,0.00911320522001923,-0.21228429021058));
#1451=CARTESIAN_POINT('',(0.0137729472585126,0.00900127456237033,-0.212724421882879));
#1452=CARTESIAN_POINT('',(0.0132418247712548,0.0088965784821847,-0.212759533930143));
#1453=CARTESIAN_POINT('',(0.0132418247712524,0.00889657848218477,-0.212759533930143));
#1454=CARTESIAN_POINT('',(0.0132267673912919,0.00902371260376027,-0.212746591818114));
#1455=CARTESIAN_POINT('',(0.013207882226498,0.00912823800965185,-0.212621684372726));
#1456=CARTESIAN_POINT('',(0.0132049991852879,0.00911967084890114,-0.212493365877391));
#1457=CARTESIAN_POINT('',(0.013204749875748,0.00912160322099033,-0.212493242464374));
#1458=CARTESIAN_POINT('',(0.0145318921297372,0.00929734023017455,-0.211005137993524));
#1459=CARTESIAN_POINT('',(0.0145317405298304,0.00931091342253616,-0.211395081496299));
#1460=CARTESIAN_POINT('',(0.0142692132103306,0.00928266190508562,-0.212109816755472));
#1461=CARTESIAN_POINT('',(0.0135670573576543,0.00917532713619043,-0.212488626955076));
#1462=CARTESIAN_POINT('',(0.0132047498757728,0.00912160322098719,-0.212493242466278));
#1463=CARTESIAN_POINT('',(0.0130210178117621,0.00842930022349654,-0.200352519582737));
#1464=CARTESIAN_POINT('',(0.0131830764739839,0.00863777783129386,-0.19878683314555));
#1465=CARTESIAN_POINT('',(0.0131900386595598,0.00863865075058815,-0.198686385995091));
#1466=CARTESIAN_POINT('',(0.013206304044241,0.00857370503448841,-0.198589204607931));
#1467=CARTESIAN_POINT('',(0.0132196222307166,0.00848087732847858,-0.19855240537626));
#1468=CARTESIAN_POINT('',(0.0131826735810033,0.00864019739489003,-0.198786826247029));
#1469=CARTESIAN_POINT('',(0.0132192467594228,0.0084777222810952,-0.198560228059863));
#1470=CARTESIAN_POINT('',(0.0132196222305717,0.00848087732845899,-0.198552405376245));
#1471=CARTESIAN_POINT('',(0.0135296176940185,0.00853541027822039,-0.198589276715916));
#1472=CARTESIAN_POINT('',(0.0139030134966093,0.00860593631615553,-0.198757950766195));
#1473=CARTESIAN_POINT('',(0.0141669743343744,0.00865825656105882,-0.198965549699381));
#1474=CARTESIAN_POINT('',(0.0142880358066157,0.00868231175133249,-0.199084170806097));
#1475=CARTESIAN_POINT('',(0.0143394267270564,0.00869250095915932,-0.199137683737661));
#1476=CARTESIAN_POINT('',(0.0144611931789879,0.00871585458342148,-0.199286232159109));
#1477=CARTESIAN_POINT('',(0.0145783397847793,0.00873736506370733,-0.199465078917787));
#1478=CARTESIAN_POINT('',(0.0146778747565242,0.00875407547971967,-0.199666381724666));
#1479=CARTESIAN_POINT('',(0.0147472868767605,0.00876323256019547,-0.199873267808771));
#1480=CARTESIAN_POINT('',(0.0147858568737479,0.0087664843639703,-0.200033056266708));
#1481=CARTESIAN_POINT('',(0.0148061101109988,0.00876615762834228,-0.200164433427155));
#1482=CARTESIAN_POINT('',(0.0148142182037802,0.00876398125979694,-0.20026308547499));
#1483=CARTESIAN_POINT('',(0.01481688176743,0.00876264141748028,-0.200309413308365));
#1484=CARTESIAN_POINT('',(0.0148179827465139,0.00876106694699651,-0.200351392312141));
#1485=CARTESIAN_POINT('',(0.0148180470389262,0.00876093206604444,-0.20035473072644));
#1486=CARTESIAN_POINT('',(0.0131826735810738,0.00864019739490273,-0.198786826247081));
#1487=CARTESIAN_POINT('',(0.0133710266695972,0.00866842641731442,-0.198797080087171));
#1488=CARTESIAN_POINT('',(0.0137164482172498,0.00872613599892919,-0.198887117888871));
#1489=CARTESIAN_POINT('',(0.0141788830637783,0.00882100275380715,-0.199281575850818));
#1490=CARTESIAN_POINT('',(0.0144731638307703,0.00889435176360055,-0.199783566695041));
#1491=CARTESIAN_POINT('',(0.0145361469365809,0.00891959379238532,-0.200152672898046));
#1492=CARTESIAN_POINT('',(0.0145362135932991,0.0089264540866476,-0.200348962700387));
#1493=CARTESIAN_POINT('',(0.00874999999980067,0.0390050508310828,-0.209937082069696));
#1494=CARTESIAN_POINT('',(0.00425856085496299,0.00889566755483428,-0.212751045157234));
#1495=CARTESIAN_POINT('',(0.00427719223924141,0.00902046010006039,-0.212740036709955));
#1496=CARTESIAN_POINT('',(0.00429430439650741,0.00912569601794863,-0.212619828060481));
#1497=CARTESIAN_POINT('',(0.00429527930398716,0.00912134867141972,-0.21249325142812));
#1498=CARTESIAN_POINT('',(0.00429531563986221,0.00912159350610442,-0.212493243299026));
#1499=CARTESIAN_POINT('',(0.0132047498757864,0.00912160322105473,-0.212493242468156));
#1500=CARTESIAN_POINT('',(0.0102565019043891,0.00868442324143476,-0.212530630426332));
#1501=CARTESIAN_POINT('',(0.00724352089109229,0.00868442644412187,-0.212530630478593));
#1502=CARTESIAN_POINT('',(0.00429531563975986,0.00912159350611857,-0.212493243298995));
#1503=CARTESIAN_POINT('',(0.00875023529315218,0.0347747945694973,-0.208293805145597));
#1504=CARTESIAN_POINT('',(0.00431733089919527,0.00864022765823138,-0.198786825165299));
#1505=CARTESIAN_POINT('',(0.00431157173039145,0.00863752914944474,-0.198687479229695));
#1506=CARTESIAN_POINT('',(0.00429641390193051,0.00857020212794834,-0.198593579223366));
#1507=CARTESIAN_POINT('',(0.00428075320881788,0.00847773334485508,-0.198560197615525));
#1508=CARTESIAN_POINT('',(0.00431732641887194,0.0086401973948459,-0.198786826247023));
#1509=CARTESIAN_POINT('',(0.00428075324026124,0.00847772228110612,-0.198560228059866));
#1510=CARTESIAN_POINT('',(0.00428135564417312,0.00848127006750397,-0.198561505349526));
#1511=CARTESIAN_POINT('',(0.00723561765869947,0.00803814993526165,-0.198401971290783));
#1512=CARTESIAN_POINT('',(0.0102643878343431,0.00803812121125993,-0.198401960949441));
#1513=CARTESIAN_POINT('',(0.0132186592459033,0.00848118587905125,-0.198561475039629));
#1514=CARTESIAN_POINT('',(0.0043173264188049,0.00864019739485722,-0.198786826247068));
#1515=CARTESIAN_POINT('',(0.00725117802842887,0.00820049256451836,-0.198627108955306));
#1516=CARTESIAN_POINT('',(0.0102488219711817,0.00820049256450457,-0.19862710895531));
#1517=CARTESIAN_POINT('',(0.0131826735809628,0.00864019739488613,-0.198786826247077));
#1518=CARTESIAN_POINT('',(0.00435139004914611,0.00882421501905432,-0.211070560718929));
#1519=CARTESIAN_POINT('',(0.00425817842940911,0.00889656993768619,-0.21275946609994));
#1520=CARTESIAN_POINT('',(0.00372635675860598,0.00900141028954076,-0.212724332230172));
#1521=CARTESIAN_POINT('',(0.00285384064175622,0.00915067941692424,-0.21212979681553));
#1522=CARTESIAN_POINT('',(0.00268235046520701,0.00914892334556629,-0.211338992057855));
#1523=CARTESIAN_POINT('',(0.00268811951236412,0.0091261185798696,-0.211011287348409));
#1524=CARTESIAN_POINT('',(0.00268220674989997,0.00912795042298582,-0.211011055780935));
#1525=CARTESIAN_POINT('',(0.00296808275344725,0.00929720939441594,-0.211005142679901));
#1526=CARTESIAN_POINT('',(0.00284922905114911,0.0093199979639357,-0.211004369134129));
#1527=CARTESIAN_POINT('',(0.00271943771833101,0.00924303382365188,-0.21100707123447));
#1528=CARTESIAN_POINT('',(0.00268249342920913,0.00912785857317584,-0.211011058840625));
#1529=CARTESIAN_POINT('',(0.00296810787023093,0.00929734023437606,-0.211005138116003));
#1530=CARTESIAN_POINT('',(0.00429531563976705,0.0091215935061175,-0.212493243298995));
#1531=CARTESIAN_POINT('',(0.00393319440934998,0.00917528972496666,-0.212488651118219));
#1532=CARTESIAN_POINT('',(0.003230680552253,0.00928266790994144,-0.212109542572797));
#1533=CARTESIAN_POINT('',(0.00296826088280517,0.0093109305505967,-0.211395580379771));
#1534=CARTESIAN_POINT('',(0.00296810786993228,0.00929734023443415,-0.211005138116001));
#1535=CARTESIAN_POINT('',(0.00447863306661501,0.00842935563200784,-0.200352144603012));
#1536=CARTESIAN_POINT('',(0.00267904716844053,0.00876191449830685,-0.200354712285285));
#1537=CARTESIAN_POINT('',(0.00271784219077415,0.00887495918056911,-0.200350797524234));
#1538=CARTESIAN_POINT('',(0.00284639042134635,0.00894919349922665,-0.200348190579963));
#1539=CARTESIAN_POINT('',(0.00296376294927194,0.00892633378968328,-0.200348966896701));
#1540=CARTESIAN_POINT('',(0.00296378640631139,0.00892645409073592,-0.20034896281777));
#1541=CARTESIAN_POINT('',(0.00267940672500816,0.00876179124609482,-0.200354716402776));
#1542=CARTESIAN_POINT('',(0.00268198969831058,0.00876091985048219,-0.200354730376343));
#1543=CARTESIAN_POINT('',(0.00268767076014001,0.00877298062281949,-0.200056701763376));
#1544=CARTESIAN_POINT('',(0.00283680645773715,0.00874907817202398,-0.199293990228304));
#1545=CARTESIAN_POINT('',(0.00370702319922107,0.0085817770426791,-0.198620500228211));
#1546=CARTESIAN_POINT('',(0.00428037844049693,0.00848088344690745,-0.198552390607311));
#1547=CARTESIAN_POINT('',(0.00296378640637067,0.00892645409072433,-0.200348962817764));
#1548=CARTESIAN_POINT('',(0.00296385297283297,0.00891958999910914,-0.200152563654319));
#1549=CARTESIAN_POINT('',(0.00302680633462464,0.00889434942995875,-0.199783314492803));
#1550=CARTESIAN_POINT('',(0.00332070840040348,0.00882107843389209,-0.199281580867718));
#1551=CARTESIAN_POINT('',(0.00378316294374965,0.00872619966599163,-0.198887119377451));
#1552=CARTESIAN_POINT('',(0.00412880545136315,0.00866845157776751,-0.198797089226392));
#1553=CARTESIAN_POINT('',(0.00431732641859417,0.00864019739488867,-0.198786826247075));
#1554=CARTESIAN_POINT('',(0.00291839206401609,0.00886610671584978,-0.205685645958149));
#1555=CARTESIAN_POINT('',(0.00268249342920397,0.00912785857315978,-0.211011058840626));
#1556=CARTESIAN_POINT('',(0.00268132852649743,0.00900588250898503,-0.207458943145625));
#1557=CARTESIAN_POINT('',(0.00268017980890941,0.00888390125915319,-0.203906827623385));
#1558=CARTESIAN_POINT('',(0.00267904716844081,0.00876191449830747,-0.200354712285279));
#1559=CARTESIAN_POINT('',(0.00296376294933794,0.00892633379376546,-0.200348967014095));
#1560=CARTESIAN_POINT('',(0.00296377381009848,0.00893635725386976,-0.200636373129468));
#1561=CARTESIAN_POINT('',(0.00296388195826687,0.00895912792409064,-0.201289756452474));
#1562=CARTESIAN_POINT('',(0.00296430120655893,0.0090013712651773,-0.202503110426108));
#1563=CARTESIAN_POINT('',(0.00296487071234365,0.00904352486781253,-0.203714723558866));
#1564=CARTESIAN_POINT('',(0.00296544541899218,0.00908095373546432,-0.204790916479682));
#1565=CARTESIAN_POINT('',(0.00296614356548323,0.00912242973423991,-0.205983817361613));
#1566=CARTESIAN_POINT('',(0.00296691143939499,0.00916982803955008,-0.207346887596775));
#1567=CARTESIAN_POINT('',(0.00296777888407784,0.00923633212738737,-0.209258229330283));
#1568=CARTESIAN_POINT('',(0.00296806187952849,0.00927566739842025,-0.210387451876436));
#1569=CARTESIAN_POINT('',(0.00296808275344725,0.00929720939441594,-0.211005142679901));
#1570=CARTESIAN_POINT('',(0.00268321984123905,0.00913110417314339,-0.211010279436722));
#1571=CARTESIAN_POINT('',(0.00170547989409874,0.00608740278212713,-0.211759533358252));
#1572=CARTESIAN_POINT('',(0.000727739946958418,0.00304370139111086,-0.212508787279775));
#1573=CARTESIAN_POINT('',(-0.000250000000181899,9.45892253412239E-14,-0.213258041201305));
#1574=CARTESIAN_POINT('',(0.00268321984765213,0.00914002799154486,-0.211266928087035));
#1575=CARTESIAN_POINT('',(0.0017055321095515,0.00609335443401585,-0.211943159034869));
#1576=CARTESIAN_POINT('',(0.000727687725092054,0.00304667355702426,-0.21261921015129));
#1577=CARTESIAN_POINT('',(-0.000250000000181899,9.45892253412239E-14,-0.213295441113849));
#1578=CARTESIAN_POINT('',(0.00280042363575147,0.00915787388376851,-0.211780175218339));
#1579=CARTESIAN_POINT('',(0.00178933201375679,0.00610524741269491,-0.212310149404552));
#1580=CARTESIAN_POINT('',(0.000778160692806199,0.00305262647162101,-0.212840259456991));
#1581=CARTESIAN_POINT('',(-0.00023293092266249,9.45892253412239E-14,-0.213370233632078));
#1582=CARTESIAN_POINT('',(0.00321102102250544,0.00917574439599597,-0.212294130418104));
#1583=CARTESIAN_POINT('',(0.00208301904575274,0.0061171603799682,-0.212677734053888));
#1584=CARTESIAN_POINT('',(0.000954868754136359,0.003058584016749,-0.213061525711031));
#1585=CARTESIAN_POINT('',(-0.00017313321047186,9.45887812520141E-14,-0.21344512933142));
#1586=CARTESIAN_POINT('',(0.00375832152516966,0.00918768657045852,-0.212637586865401));
#1587=CARTESIAN_POINT('',(0.00247441336187464,0.00612512360826439,-0.212923432020971));
#1588=CARTESIAN_POINT('',(0.00119048154310955,0.00306256296247841,-0.213209334088236));
#1589=CARTESIAN_POINT('',(-9.34266182484862E-5,9.45896694304338E-14,-0.213495179239144));
#1590=CARTESIAN_POINT('',(0.00414302552535721,0.00919075550241419,-0.2127258492254));
#1591=CARTESIAN_POINT('',(0.00274960765642349,0.00612716431180913,-0.212986431901265));
#1592=CARTESIAN_POINT('',(0.00135601794213652,0.00306359119217936,-0.213247458561794));
#1593=CARTESIAN_POINT('',(-3.73999127259594E-5,9.45892253412239E-14,-0.213508041201305));
#1594=CARTESIAN_POINT('',(0.0043998297619368,0.00919075550315404,-0.212725849243577));
#1595=CARTESIAN_POINT('',(0.00293321984123178,0.00612717033546756,-0.212986579896155));
#1596=CARTESIAN_POINT('',(0.00146660992052313,0.00306358516778107,-0.213247310548727));
#1597=CARTESIAN_POINT('',(-1.81898940354586E-13,9.45892253412239E-14,-0.213508041201305));
#1598=CARTESIAN_POINT('',(0.00121610367667825,0.00456397615110107,-0.212134548259783));
#1599=CARTESIAN_POINT('',(0.0131003669768974,0.00919034453689704,-0.212725884219439));
#1600=CARTESIAN_POINT('',(0.0145669113178721,0.00612689635796289,-0.212986603213397));
#1601=CARTESIAN_POINT('',(0.016033455658847,0.00306344817902873,-0.213247322207348));
#1602=CARTESIAN_POINT('',(0.0174999999998217,9.45883371628042E-14,-0.213508041201305));
#1603=CARTESIAN_POINT('',(0.0133571614769068,0.00919034453452162,-0.212725884161078));
#1604=CARTESIAN_POINT('',(0.0147506341678827,0.00612689423641861,-0.212986551089309));
#1605=CARTESIAN_POINT('',(0.0161439270871497,0.00306345030295024,-0.213247374389841));
#1606=CARTESIAN_POINT('',(0.0175373999123658,9.45883371628042E-14,-0.213508041201305));
#1607=CARTESIAN_POINT('',(0.0138707000548216,0.00918627194509855,-0.212608755888016));
#1608=CARTESIAN_POINT('',(0.0151178189401915,0.00612418021816473,-0.212902801466573));
#1609=CARTESIAN_POINT('',(0.0163650736466537,0.00306209172944645,-0.213196926604637));
#1610=CARTESIAN_POINT('',(0.0176121924306026,9.45896694304338E-14,-0.213490972123785));
#1611=CARTESIAN_POINT('',(0.0143849471909221,0.00917200452980049,-0.212198422939155));
#1612=CARTESIAN_POINT('',(0.0154855982310694,0.00611466767935823,-0.212609290781688));
#1613=CARTESIAN_POINT('',(0.016586437230161,0.0030573368550367,-0.213020306679613));
#1614=CARTESIAN_POINT('',(0.0176870881299546,9.45887812520141E-14,-0.213431174411591));
#1615=CARTESIAN_POINT('',(0.0147285987831314,0.00915298696515787,-0.211651474987266));
#1616=CARTESIAN_POINT('',(0.015731426251208,0.00610199098999744,-0.212218131399154));
#1617=CARTESIAN_POINT('',(0.0167343106120529,0.00305099597597272,-0.212784811425118));
#1618=CARTESIAN_POINT('',(0.0177371380376462,9.45883371628042E-14,-0.213351467819375));
#1619=CARTESIAN_POINT('',(0.0148169111522254,0.00913961929067197,-0.211267018720977));
#1620=CARTESIAN_POINT('',(0.015794459599476,0.00609307720149113,-0.211943102379728));
#1621=CARTESIAN_POINT('',(0.0167724518839956,0.0030465420944892,-0.212619357583195));
#1622=CARTESIAN_POINT('',(0.0177499999998217,9.45883371628042E-14,-0.213295441113849));
#1623=CARTESIAN_POINT('',(0.0148169113178758,0.00913069587420616,-0.211010379945801));
#1624=CARTESIAN_POINT('',(0.0157946075451911,0.00608713058283564,-0.211759600364305));
#1625=CARTESIAN_POINT('',(0.0167723037725064,0.00304356529146511,-0.212508820782801));
#1626=CARTESIAN_POINT('',(0.0177499999998217,9.45883371628042E-14,-0.213258041201305));
#1627=CARTESIAN_POINT('',(0.00874999999979523,0.0388330387000685,-0.204537284840026));
#1628=CARTESIAN_POINT('',(0.0032541920167896,0.00643403668659652,-0.204615585533473));
#1629=CARTESIAN_POINT('',(0.00355233697684966,0.00729350648030419,-0.20418304120131));
#1630=CARTESIAN_POINT('',(0.00355232974551289,0.00729348526840369,-0.20418304120131));
#1631=CARTESIAN_POINT('',(0.00254298787067094,0.00433274910222286,-0.204183041201311));
#1632=CARTESIAN_POINT('',(0.00355232974550391,0.00712671820479252,-0.199402385378466));
#1633=CARTESIAN_POINT('',(0.00253525795524001,0.00433274910222287,-0.204833041201316));
#1634=CARTESIAN_POINT('',(0.00253525795523999,0.00433274910222285,-0.204833041201313));
#1635=CARTESIAN_POINT('',(0.00254298787067091,0.00433274910222286,-0.204183041201315));
#1636=CARTESIAN_POINT('',(0.00885280734145088,0.0387452579827675,-0.200604774831528));
#1637=CARTESIAN_POINT('',(0.00842499999981777,0.00668167546021733,-0.199242159677631));
#1638=CARTESIAN_POINT('',(0.00842499999982009,0.00677186777693529,-0.201827672756496));
#1639=CARTESIAN_POINT('',(0.0088528073414526,0.0388700812282434,-0.204183041201308));
#1640=CARTESIAN_POINT('',(0.0060696318829723,0.00697250800224305,-0.204183038496424));
#1641=CARTESIAN_POINT('',(0.00842499961829368,0.00677186778365331,-0.201827672802757));
#1642=CARTESIAN_POINT('',(0.00782459827284375,0.00678243981583664,-0.201900472745647));
#1643=CARTESIAN_POINT('',(0.00669804092036428,0.00685469953898956,-0.202455976215512));
#1644=CARTESIAN_POINT('',(0.00614236633202293,0.00694522888159177,-0.203583186713908));
#1645=CARTESIAN_POINT('',(0.00606963221094777,0.00697250787923475,-0.204183035791539));
#1646=CARTESIAN_POINT('',(0.00268220735353839,0.00877016786458418,-0.200359111005855));
#1647=CARTESIAN_POINT('',(0.00170480490229951,0.00584677857642098,-0.198825421071006));
#1648=CARTESIAN_POINT('',(0.000727402451056986,0.00292338928825779,-0.197291731136156));
#1649=CARTESIAN_POINT('',(-0.000250000000181899,9.45892253412239E-14,-0.195758041201305));
#1650=CARTESIAN_POINT('',(0.00268220735353839,0.00880139044682016,-0.201257116375506));
#1651=CARTESIAN_POINT('',(0.00170480490229951,0.00586759363124497,-0.199467724548737));
#1652=CARTESIAN_POINT('',(0.000727402451056986,0.00293379681566978,-0.19767833272197));
#1653=CARTESIAN_POINT('',(-0.000250000000181899,9.45892253412239E-14,-0.195888940895202));
#1654=CARTESIAN_POINT('',(0.00268220735353839,0.00909672971987162,-0.210113049948617));
#1655=CARTESIAN_POINT('',(0.00170480490229951,0.00606448647994594,-0.211117747134886));
#1656=CARTESIAN_POINT('',(0.000727402451056986,0.00303224324002027,-0.212122444321139));
#1657=CARTESIAN_POINT('',(-0.000250000000181899,9.45892253412239E-14,-0.213127141507408));
#1658=CARTESIAN_POINT('',(0.00268220735353839,0.00912795230210756,-0.211011055318261));
#1659=CARTESIAN_POINT('',(0.00170480490229951,0.00608530153476991,-0.211760050612611));
#1660=CARTESIAN_POINT('',(0.000727402451056986,0.00304265076743224,-0.212509045906954));
#1661=CARTESIAN_POINT('',(-0.000250000000181899,9.45892253412239E-14,-0.213258041201305));
#1662=CARTESIAN_POINT('',(0.0012176058616622,0.00438957693466869,-0.198060933255421));
#1663=CARTESIAN_POINT('',(0.0148147494096349,0.00877927011818824,-0.200363886296919));
#1664=CARTESIAN_POINT('',(0.0157931662730317,0.00585284674549036,-0.198828604598384));
#1665=CARTESIAN_POINT('',(0.016771583136425,0.00292642337279247,-0.197293322899841));
#1666=CARTESIAN_POINT('',(0.0177499999998217,9.45883371628042E-14,-0.195758041201305));
#1667=CARTESIAN_POINT('',(0.0148147493505706,0.00877034011912178,-0.200107085794236));
#1668=CARTESIAN_POINT('',(0.0157931140741173,0.00584689097557131,-0.198644877746128));
#1669=CARTESIAN_POINT('',(0.0167716353944482,0.00292344914916682,-0.197182849472532));
#1670=CARTESIAN_POINT('',(0.0177499999998217,9.45883371628042E-14,-0.195720641288761));
#1671=CARTESIAN_POINT('',(0.0146974762623371,0.00875248187601339,-0.199593535214801));
#1672=CARTESIAN_POINT('',(0.0157092679444634,0.00583498975873265,-0.198277684973606));
#1673=CARTESIAN_POINT('',(0.0167211393002968,0.00291749211320351,-0.196961698909215));
#1674=CARTESIAN_POINT('',(0.0177329309222987,9.45870048951747E-14,-0.195645848770517));
#1675=CARTESIAN_POINT('',(0.0142866359842451,0.00873459899225226,-0.199079276059587));
#1676=CARTESIAN_POINT('',(0.0154154190075294,0.00582306854307049,-0.197909897670113));
#1677=CARTESIAN_POINT('',(0.0165443502987082,0.00291153044350311,-0.196740331318806));
#1678=CARTESIAN_POINT('',(0.0176731332101044,9.45878930735944E-14,-0.195570953071176));
#1679=CARTESIAN_POINT('',(0.0137390117953494,0.0087226485481002,-0.198735616434819));
#1680=CARTESIAN_POINT('',(0.0150238088594852,0.00581509980340718,-0.197664064294613));
#1681=CARTESIAN_POINT('',(0.0163086295715945,0.00290754874304011,-0.196592455260738));
#1682=CARTESIAN_POINT('',(0.0175934266178847,9.45874489843845E-14,-0.195520903163466));
#1683=CARTESIAN_POINT('',(0.0133540801930093,0.00871957749673435,-0.198647302003172));
#1684=CARTESIAN_POINT('',(0.0147484628790207,0.00581305768172885,-0.197601029572284));
#1685=CARTESIAN_POINT('',(0.0161430173559937,0.00290651980146743,-0.196554313297254));
#1686=CARTESIAN_POINT('',(0.0175373999123658,9.45883371628042E-14,-0.195508041201305));
#1687=CARTESIAN_POINT('',(0.0130971241145323,0.00871957748992059,-0.198647301835766));
#1688=CARTESIAN_POINT('',(0.0145647494096276,0.00581305165997859,-0.197600881624276));
#1689=CARTESIAN_POINT('',(0.0160323747047264,0.00290652583003659,-0.196554461412794));
#1690=CARTESIAN_POINT('',(0.0174999999998217,9.45883371628042E-14,-0.195508041201305));
#1691=CARTESIAN_POINT('',(0.0174999999998217,9.46864443332469E-14,-0.195508041201305));
#1692=CARTESIAN_POINT('',(0.0129999999998363,0.0089119247798044,-0.198716551552963));
#1693=CARTESIAN_POINT('',(0.00428075320439348,0.00847772234655243,-0.198560228083427));
#1694=CARTESIAN_POINT('',(0.00440281758534132,0.00871946203138312,-0.198647260267871));
#1695=CARTESIAN_POINT('',(0.00293521172349904,0.00581297468762028,-0.197600853912347));
#1696=CARTESIAN_POINT('',(0.00146760586166038,0.00290648734385744,-0.19655444755683));
#1697=CARTESIAN_POINT('',(-1.81898940354586E-13,9.45883371628042E-14,-0.195508041201305));
#1698=CARTESIAN_POINT('',(0.00414586427836439,0.00871946203389378,-0.198647260329555));
#1699=CARTESIAN_POINT('',(0.00275138296512461,0.00581297681056649,-0.19760090607088));
#1700=CARTESIAN_POINT('',(0.00135708154239865,0.0029064852183986,-0.196554395336563));
#1701=CARTESIAN_POINT('',(-3.73999127259594E-5,9.45883371628042E-14,-0.195508041201305));
#1702=CARTESIAN_POINT('',(0.00363200813187738,0.0087235375710916,-0.198764461026302));
#1703=CARTESIAN_POINT('',(0.00238398654548237,0.00581569279335913,-0.19768470396023));
#1704=CARTESIAN_POINT('',(0.00113582904823182,0.00290784477527129,-0.196604867282089));
#1705=CARTESIAN_POINT('',(-0.000112192430966388,9.45874489843845E-14,-0.19552511027881));
#1706=CARTESIAN_POINT('',(0.00311744298349655,0.00873781531355417,-0.199175047702637));
#1707=CARTESIAN_POINT('',(0.0020159952571604,0.00582521221751657,-0.197978383810886));
#1708=CARTESIAN_POINT('',(0.000914359447674729,0.00291260309137606,-0.196781571765917));
#1709=CARTESIAN_POINT('',(-0.000187088130314805,9.45874489843845E-14,-0.195584907991019));
#1710=CARTESIAN_POINT('',(0.00277357887241892,0.00875684664347147,-0.199722333852684));
#1711=CARTESIAN_POINT('',(0.00177002553076297,0.00583789808268326,-0.19836976863321));
#1712=CARTESIAN_POINT('',(0.00076641525873603,0.00291894856012422,-0.197017179784057));
#1713=CARTESIAN_POINT('',(-0.000237138038017292,9.45878930735944E-14,-0.19566461458322));
#1714=CARTESIAN_POINT('',(0.00268521189858656,0.00877022399393519,-0.200107027847476));
#1715=CARTESIAN_POINT('',(0.00170695585908861,0.00584681832308241,-0.198644956168798));
#1716=CARTESIAN_POINT('',(0.000728255689017464,0.00292340566543668,-0.197182712832048));
#1717=CARTESIAN_POINT('',(-0.000250000000181899,9.45883371628042E-14,-0.195720641288761));
#1718=CARTESIAN_POINT('',(0.00268521172350631,0.00877915386924279,-0.200363825309538));
#1719=CARTESIAN_POINT('',(0.00170680781561024,0.00585276924619339,-0.198828563940124));
#1720=CARTESIAN_POINT('',(0.000728403907714171,0.00292638462314399,-0.197293302570718));
#1721=CARTESIAN_POINT('',(-0.000250000000181899,9.45883371628042E-14,-0.195758041201305));
#1722=CARTESIAN_POINT('',(0.0087499999998181,0.00433274910222286,-0.204833041201309));
#1723=CARTESIAN_POINT('',(0.0087499999998181,0.00433274910222286,-0.204508041201319));
#1724=CARTESIAN_POINT('',(0.00907499999982411,0.00433274910222286,-0.201827672756497));
#1725=CARTESIAN_POINT('',(0.00842499999982108,0.00433274910222286,-0.201827672756496));
#1726=CARTESIAN_POINT('',(0.00907499999982247,0.00433274910222286,-0.204508041201305));
#1727=CARTESIAN_POINT('',(0.00842499999982101,0.00433274910222286,-0.204833041201309));
#1728=CARTESIAN_POINT('',(0.00907499999982247,0.00583274910222286,-0.204508041201305));
#1729=CARTESIAN_POINT('',(0.00907499999982628,9.38191746513439E-14,-0.201827672756497));
#1730=CARTESIAN_POINT('',(0.00842499999981555,0.00883274910222288,-0.188633041201305));
#1731=CARTESIAN_POINT('',(0.00842499999982115,9.38191746513439E-14,-0.201827672756496));
#1732=CARTESIAN_POINT('',(-0.0104166666668486,-0.013504750397764,-0.204833041201322));
#1733=CARTESIAN_POINT('',(0.0060696315549808,9.38191746513439E-14,-0.204833041201196));
#1734=CARTESIAN_POINT('',(0.00606963155498761,0.00433274910222286,-0.204833041201253));
#1735=CARTESIAN_POINT('',(0.0087499999998181,0.00433274910222286,-0.204833041201309));
#1736=CARTESIAN_POINT('',(0.0087499999998181,0.00433274910222286,-0.204833041201309));
#1737=CARTESIAN_POINT('',(0.0087499999998181,0.00433274910222286,-0.204508041201319));
#1738=CARTESIAN_POINT('',(0.0060696315549967,0.00433274910222286,-0.20418304120131));
#1739=CARTESIAN_POINT('',(0.0087499999998181,0.00433274910222286,-0.204183041201308));
#1740=CARTESIAN_POINT('',(0.0087499999998181,0.00583274910222286,-0.204183041201308));
#1741=CARTESIAN_POINT('',(0.00606963155499656,9.38191746513439E-14,-0.204183041201312));
#1742=CARTESIAN_POINT('',(0.0087499999998181,9.38191746513439E-14,-0.204508041201319));
#1743=CARTESIAN_POINT('',(0.0087499999998181,0.00020000000009382,-0.204508041201319));
#1744=CARTESIAN_POINT('',(0.0114499999998181,0.00020000000009382,-0.204508041201319));
#1745=CARTESIAN_POINT('',(0.00842499999981679,9.38191746513439E-14,-0.207188409646142));
#1746=CARTESIAN_POINT('',(0.00842499999981897,0.00433274910222286,-0.207188409646142));
#1747=CARTESIAN_POINT('',(0.0087499999998181,0.00433274910222286,-0.204508041201319));
#1748=CARTESIAN_POINT('',(0.00907499999982256,0.00433274910222286,-0.207188409646141));
#1749=CARTESIAN_POINT('',(0.00907499999982211,9.38191746513439E-14,-0.207188409646141));
#1750=CARTESIAN_POINT('',(0.0114303684446414,0.00433274910222286,-0.204833041201312));
#1751=CARTESIAN_POINT('',(0.0114303684446416,0.00433274910222286,-0.204833041201311));
#1752=CARTESIAN_POINT('',(0.0087499999998181,0.00433274910222286,-0.204508041201319));
#1753=CARTESIAN_POINT('',(0.0114303684446422,0.00433274910222286,-0.204183041201304));
#1754=CARTESIAN_POINT('',(0.0114303684446452,0.00695589638076014,-0.2041830412013));
#1755=CARTESIAN_POINT('',(0.00907499999982247,0.00583274910222286,-0.204508041201305));
#1756=CARTESIAN_POINT('',(0.00907499999982247,0.00433274910222286,-0.204508041201305));
#1757=CARTESIAN_POINT('',(0.0087499999998181,0.00433274910222286,-0.204833041201309));
#1758=CARTESIAN_POINT('',(0.00842499999982114,0.00433274910222286,-0.204833041201309));
#1759=CARTESIAN_POINT('',(0.00842499999981555,0.00883274910222288,-0.188633041201305));
#1760=CARTESIAN_POINT('',(-0.000250000000181899,0.000200000000093819,-0.195516013692322));
#1761=CARTESIAN_POINT('',(0.0082499999998181,0.000200000000093816,-0.205008041201319));
#1762=CARTESIAN_POINT('',(0.0082499999998181,0.000200000000093816,-0.205008041201319));
#1763=CARTESIAN_POINT('',(0.0082499999998181,0.000200000000093816,-0.206508041201319));
#1764=CARTESIAN_POINT('',(-0.000250000000181899,0.000200000000093816,-0.205008041201319));
#1765=CARTESIAN_POINT('',(0.0067499999998181,0.000200000000093816,-0.205008041201319));
#1766=CARTESIAN_POINT('',(0.0067499999998181,0.000200000000093819,-0.195516013692322));
#1767=CARTESIAN_POINT('',(0.0067499999998181,0.000200000000093817,-0.204008041201319));
#1768=CARTESIAN_POINT('',(-0.000250000000181899,0.000200000000093817,-0.204008041201319));
#1769=CARTESIAN_POINT('',(0.0082499999998181,0.000200000000093817,-0.204008041201319));
#1770=CARTESIAN_POINT('',(0.0082499999998181,0.000200000000093817,-0.205008041201319));
#1771=CARTESIAN_POINT('',(0.0082499999998181,0.000200000000093817,-0.202508041201319));
#1772=CARTESIAN_POINT('',(-0.000250000000181899,0.000200000000093817,-0.202508041201319));
#1773=CARTESIAN_POINT('',(0.0092499999998181,0.000200000000093817,-0.202508041201319));
#1774=CARTESIAN_POINT('',(0.0092499999998181,0.000200000000093819,-0.195516013692322));
#1775=CARTESIAN_POINT('',(0.0092499999998181,0.000200000000093817,-0.204008041201319));
#1776=CARTESIAN_POINT('',(-0.000250000000181899,0.000200000000093817,-0.204008041201319));
#1777=CARTESIAN_POINT('',(0.0107499999998181,0.000200000000093817,-0.204008041201319));
#1778=CARTESIAN_POINT('',(0.0107499999998181,0.000200000000093819,-0.195516013692322));
#1779=CARTESIAN_POINT('',(0.0107499999998181,0.000200000000093816,-0.205008041201319));
#1780=CARTESIAN_POINT('',(-0.000250000000181899,0.000200000000093816,-0.205008041201319));
#1781=CARTESIAN_POINT('',(0.0092499999998181,0.000200000000093816,-0.205008041201319));
#1782=CARTESIAN_POINT('',(0.0092499999998181,0.000200000000093819,-0.195516013692322));
#1783=CARTESIAN_POINT('',(0.0092499999998181,0.000200000000093816,-0.206508041201319));
#1784=CARTESIAN_POINT('',(-0.000250000000181899,0.000200000000093816,-0.206508041201319));
#1785=CARTESIAN_POINT('',(0.0082499999998181,9.38156219376651E-14,-0.206508041201319));
#1786=CARTESIAN_POINT('',(0.0082499999998181,9.38151626951154E-14,-0.206508041201319));
#1787=CARTESIAN_POINT('',(0.0092499999998181,9.38156219376651E-14,-0.206508041201319));
#1788=CARTESIAN_POINT('',(0.0092499999998181,9.38156219376651E-14,-0.206508041201319));
#1789=CARTESIAN_POINT('',(0.0092499999998181,9.38160811802148E-14,-0.205008041201319));
#1790=CARTESIAN_POINT('',(0.0082499999998181,9.38156219376651E-14,-0.205008041201319));
#1791=CARTESIAN_POINT('',(0.0082499999998181,9.38156219376651E-14,-0.205008041201319));
#1792=CARTESIAN_POINT('',(0.0092499999998181,9.38156219376651E-14,-0.205008041201319));
#1793=CARTESIAN_POINT('',(0.0107499999998181,9.38156219376651E-14,-0.205008041201319));
#1794=CARTESIAN_POINT('',(0.0067499999998181,9.38156219376651E-14,-0.205008041201319));
#1795=CARTESIAN_POINT('',(0.0067499999998181,9.3816203954385E-14,-0.205008041201319));
#1796=CARTESIAN_POINT('',(0.0107499999998181,9.38156219376651E-14,-0.205008041201319));
#1797=CARTESIAN_POINT('',(0.0107499999998181,9.38159280993649E-14,-0.204008041201319));
#1798=CARTESIAN_POINT('',(0.0067499999998181,9.38165101160848E-14,-0.204008041201319));
#1799=CARTESIAN_POINT('',(0.0067499999998181,9.38165101160848E-14,-0.204008041201319));
#1800=CARTESIAN_POINT('',(0.0082499999998181,9.38165101160848E-14,-0.204008041201319));
#1801=CARTESIAN_POINT('',(0.0092499999998181,9.38165101160848E-14,-0.204008041201319));
#1802=CARTESIAN_POINT('',(0.0082499999998181,9.38165101160848E-14,-0.204008041201319));
#1803=CARTESIAN_POINT('',(0.0082499999998181,9.38159280993649E-14,-0.204008041201319));
#1804=CARTESIAN_POINT('',(0.0092499999998181,9.38165101160848E-14,-0.204008041201319));
#1805=CARTESIAN_POINT('',(0.0092499999998181,9.38169693586345E-14,-0.202508041201319));
#1806=CARTESIAN_POINT('',(0.0092499999998181,9.38173982945045E-14,-0.202508041201319));
#1807=CARTESIAN_POINT('',(0.0082499999998181,9.38173982945045E-14,-0.202508041201319));
#1808=CARTESIAN_POINT('',(0.0082499999998181,9.38156219376651E-14,-0.205008041201319));
#1809=CARTESIAN_POINT('',(0.0279166666664848,0.00883274910222288,-0.204833041201305));
#1810=CARTESIAN_POINT('',(0.0087499999998181,0.00433274910222286,-0.204833041201309));
#1811=CARTESIAN_POINT('',(0.0087499999998181,0.00433274910222286,-0.204833041201309));
#1812=CARTESIAN_POINT('',(0.0087499999998181,0.00433274910222286,-0.204183041201308));
#1813=CARTESIAN_POINT('',(0.0087499999998181,0.00583274910222286,-0.204183041201308));
#1814=MECHANICAL_DESIGN_GEOMETRIC_PRESENTATION_REPRESENTATION('',(#951),
#1815);
#1815=(
GEOMETRIC_REPRESENTATION_CONTEXT(3)
GLOBAL_UNCERTAINTY_ASSIGNED_CONTEXT((#1816))
GLOBAL_UNIT_ASSIGNED_CONTEXT((#1819,#1818,#1817))
REPRESENTATION_CONTEXT('4DF','TOP_LEVEL_ASSEMBLY_PART')
);
#1816=UNCERTAINTY_MEASURE_WITH_UNIT(LENGTH_MEASURE(2.E-5),#1819,
'DISTANCE_ACCURACY_VALUE','Maximum Tolerance applied to model');
#1817=(
NAMED_UNIT(*)
SI_UNIT($,.STERADIAN.)
SOLID_ANGLE_UNIT()
);
#1818=(
NAMED_UNIT(*)
PLANE_ANGLE_UNIT()
SI_UNIT($,.RADIAN.)
);
#1819=(
LENGTH_UNIT()
NAMED_UNIT(*)
SI_UNIT($,.METRE.)
);
#1820=PRODUCT_DEFINITION_SHAPE('','',#1821);
#1821=PRODUCT_DEFINITION('','',#1823,#1822);
#1822=PRODUCT_DEFINITION_CONTEXT('',#1829,'design');
#1823=PRODUCT_DEFINITION_FORMATION_WITH_SPECIFIED_SOURCE('','',#1825,
 .NOT_KNOWN.);
#1824=PRODUCT_RELATED_PRODUCT_CATEGORY('','',(#1825));
#1825=PRODUCT('4DF','4DF','4DF',(#1827));
#1826=PRODUCT_CATEGORY('','');
#1827=PRODUCT_CONTEXT('',#1829,'mechanical');
#1828=APPLICATION_PROTOCOL_DEFINITION('international standard',
'ap242_managed_model_based_3d_engineering',2020,#1829);
#1829=APPLICATION_CONTEXT('managed model based 3d engineering');
ENDSEC;
END-ISO-10303-21;
