ISO-10303-21;
HEADER;
/* Generated by software containing ST-Developer
 * from STEP Tools, Inc. (www.steptools.com) 
 */
/* OPTION: using custom renumber hook */

FILE_DESCRIPTION(
/* description */ ('STEP AP242 Edition 2',
'CAx-IF Rec.Pracs.---Representation and Presentation of Product Manufa
cturing Information (PMI)---4.0---2014-10-13',
'CAx-IF Rec.Pracs.---3D Tessellated Geometry---0.4---2014-09-14','2;1',
'CAx-IF Rec.Pracs.---User Defined Attributes---1.5---2016-08-15'),
/* implementation_level */ '2;1');

FILE_NAME(
/* name */ 'Assembly 1 - brep_1',
/* time_stamp */ '2026-09-02T13:34:20Z',
/* author */ (''),
/* organization */ (''),
/* preprocessor_version */ 'ST-DEVELOPER v20',
/* originating_system */ 'ONSHAPE BY PTC INC, 1.220',
/* authorisation */ '  ');

FILE_SCHEMA (('AP242_MANAGED_MODEL_BASED_3D_ENGINEERING_MIM_LF { 1 0 10303 442 3 1 4 }'));
ENDSEC;

DATA;
#10=SHAPE_REPRESENTATION_RELATIONSHIP('','',#137,#11);
#11=ADVANCED_BREP_SHAPE_REPRESENTATION('',(#135),#2232);
#12=LINE('',#2218,#16);
#13=LINE('',#2223,#17);
#14=LINE('',#2227,#18);
#15=LINE('',#2228,#19);
#16=VECTOR('',#176,1.);
#17=VECTOR('',#179,1.);
#18=VECTOR('',#184,1.);
#19=VECTOR('',#185,1.);
#20=TOROIDAL_SURFACE('',#146,0.00589581827801042,0.0025000000000236);
#21=CONICAL_SURFACE('',#144,0.00766358523080437,0.785398163505253);
#22=PLANE('',#142);
#23=PLANE('',#147);
#24=PLANE('',#151);
#25=PLANE('',#152);
#26=PLANE('',#153);
#27=B_SPLINE_CURVE_WITH_KNOTS('',3,(#1220,#1221,#1222,#1223,#1224,#1225,
#1226,#1227,#1228,#1229,#1230,#1231,#1232,#1233,#1234,#1235,#1236,#1237,
#1238,#1239,#1240,#1241,#1242,#1243,#1244,#1245,#1246,#1247,#1248,#1249,
#1250,#1251,#1252,#1253,#1254,#1255,#1256,#1257,#1258,#1259,#1260,#1261,
#1262,#1263,#1264,#1265,#1266,#1267,#1268,#1269,#1270,#1271,#1272,#1273,
#1274,#1275,#1276,#1277,#1278,#1279,#1280,#1281,#1282,#1283,#1284,#1285,
#1286,#1287,#1288,#1289,#1290,#1291,#1292,#1293,#1294,#1295,#1296,#1297,
#1298,#1299,#1300,#1301,#1302,#1303,#1304,#1305,#1306,#1307,#1308,#1309,
#1310,#1311,#1312,#1313,#1314,#1315,#1316,#1317,#1318,#1319,#1320,#1321,
#1322,#1323,#1324,#1325,#1326,#1327,#1328,#1329,#1330,#1331,#1332,#1333,
#1334,#1335,#1336,#1337,#1338,#1339,#1340,#1341,#1342,#1343,#1344,#1345,
#1346,#1347,#1348,#1349,#1350,#1351,#1352,#1353,#1354,#1355,#1356,#1357,
#1358,#1359,#1360,#1361,#1362,#1363,#1364,#1365,#1366,#1367,#1368,#1369,
#1370,#1371,#1372,#1373,#1374,#1375,#1376,#1377,#1378,#1379,#1380,#1381,
#1382,#1383,#1384,#1385,#1386,#1387,#1388,#1389,#1390,#1391,#1392,#1393,
#1394,#1395,#1396,#1397,#1398,#1399,#1400,#1401,#1402,#1403,#1404,#1405,
#1406,#1407,#1408,#1409,#1410,#1411,#1412,#1413,#1414,#1415,#1416,#1417,
#1418,#1419,#1420,#1421,#1422,#1423,#1424,#1425,#1426,#1427,#1428,#1429,
#1430,#1431,#1432,#1433,#1434,#1435,#1436,#1437,#1438,#1439,#1440,#1441,
#1442,#1443,#1444,#1445,#1446,#1447,#1448,#1449,#1450,#1451,#1452,#1453,
#1454,#1455,#1456,#1457,#1458,#1459,#1460,#1461,#1462,#1463,#1464,#1465,
#1466,#1467,#1468,#1469,#1470,#1471,#1472,#1473,#1474,#1475,#1476,#1477,
#1478,#1479,#1480,#1481,#1482,#1483,#1484,#1485,#1486,#1487,#1488,#1489,
#1490,#1491,#1492,#1493,#1494,#1495,#1496,#1497,#1498,#1499,#1500,#1501,
#1502,#1503,#1504,#1505,#1506,#1507,#1508,#1509,#1510,#1511,#1512,#1513,
#1514,#1515,#1516,#1517,#1518,#1519,#1520,#1521,#1522,#1523,#1524,#1525,
#1526,#1527,#1528,#1529,#1530,#1531,#1532,#1533,#1534,#1535,#1536,#1537,
#1538,#1539,#1540,#1541,#1542,#1543,#1544,#1545,#1546,#1547,#1548,#1549,
#1550,#1551,#1552,#1553,#1554,#1555,#1556,#1557,#1558,#1559,#1560,#1561,
#1562,#1563,#1564,#1565,#1566,#1567,#1568,#1569,#1570,#1571,#1572,#1573,
#1574,#1575,#1576,#1577,#1578,#1579,#1580,#1581,#1582,#1583,#1584,#1585,
#1586,#1587,#1588,#1589,#1590,#1591,#1592,#1593,#1594,#1595,#1596,#1597,
#1598,#1599,#1600,#1601,#1602,#1603,#1604,#1605,#1606,#1607,#1608,#1609,
#1610,#1611,#1612,#1613,#1614,#1615,#1616,#1617,#1618,#1619,#1620,#1621,
#1622,#1623,#1624,#1625,#1626,#1627,#1628,#1629,#1630,#1631,#1632,#1633,
#1634,#1635,#1636,#1637,#1638,#1639,#1640,#1641,#1642,#1643,#1644,#1645,
#1646,#1647,#1648,#1649,#1650,#1651,#1652,#1653,#1654,#1655,#1656,#1657,
#1658,#1659,#1660,#1661,#1662,#1663,#1664,#1665,#1666,#1667,#1668,#1669,
#1670,#1671,#1672,#1673,#1674,#1675,#1676,#1677,#1678,#1679,#1680,#1681,
#1682,#1683,#1684,#1685,#1686,#1687,#1688,#1689,#1690,#1691,#1692,#1693,
#1694,#1695,#1696,#1697,#1698,#1699,#1700,#1701,#1702,#1703,#1704,#1705,
#1706,#1707,#1708,#1709,#1710,#1711,#1712,#1713,#1714,#1715,#1716,#1717,
#1718,#1719,#1720,#1721,#1722,#1723,#1724,#1725,#1726,#1727,#1728,#1729,
#1730,#1731),.UNSPECIFIED.,.T.,.F.,(1,1,1,1,1,1,1,1,1,1,1,1,1,1,1,1,1,1,
1,1,1,1,1,1,1,1,1,1,1,1,1,1,1,1,1,1,1,1,1,1,1,1,1,1,1,1,1,1,1,1,1,1,1,1,
1,1,1,1,1,1,1,1,1,1,1,1,1,1,1,1,1,1,1,1,1,1,1,1,1,1,1,1,1,1,1,1,1,1,1,1,
1,1,1,1,1,1,1,1,1,1,1,1,1,1,1,1,1,1,1,1,1,1,1,1,1,1,1,1,1,1,1,1,1,1,1,1,
1,1,1,1,1,1,1,1,1,1,1,1,1,1,1,1,1,1,1,1,1,1,1,1,1,1,1,1,1,1,1,1,1,1,1,1,
1,1,1,1,1,1,1,1,1,1,1,1,1,1,1,1,1,1,1,1,1,1,1,1,1,1,1,1,1,1,1,1,1,1,1,1,
1,1,1,1,1,1,1,1,1,1,1,1,1,1,1,1,1,1,1,1,1,1,1,1,1,1,1,1,1,1,1,1,1,1,1,1,
1,1,1,1,1,1,1,1,1,1,1,1,1,1,1,1,1,1,1,1,1,1,1,1,1,1,1,1,1,1,1,1,1,1,1,1,
1,1,1,1,1,1,1,1,1,1,1,1,1,1,1,1,1,1,1,1,1,1,1,1,1,1,1,1,1,1,1,1,1,1,1,1,
1,1,1,1,1,1,1,1,1,1,1,1,1,1,1,1,1,1,1,1,1,1,1,1,1,1,1,1,1,1,1,1,1,1,1,1,
1,1,1,1,1,1,1,1,1,1,1,1,1,1,1,1,1,1,1,1,1,1,1,1,1,1,1,1,1,1,1,1,1,1,1,1,
1,1,1,1,1,1,1,1,1,1,1,1,1,1,1,1,1,1,1,1,1,1,1,1,1,1,1,1,1,1,1,1,1,1,1,1,
1,1,1,1,1,1,1,1,1,1,1,1,1,1,1,1,1,1,1,1,1,1,1,1,1,1,1,1,1,1,1,1,1,1,1,1,
1,1,1,1,1,1,1,1,1,1,1,1,1,1,1,1,1,1,1,1,1,1,1,1,1,1,1,1,1,1,1,1,1,1,1,1,
1,1,1,1,1,1,1,1,1,1,1,1,1,1,1,1,1,1,1,1,1,1,1,1,1,1,1,1,1,1),(-0.000235616201725262,
-0.000117808100862628,-5.89040504313174E-5,0.,0.000117808100862628,0.000235616201725256,
0.000471232403450512,0.00058904050431314,0.000706848605175769,0.000824656706038397,
0.000942464806901025,0.00117808100862628,0.00129588910948891,0.00141369721035154,
0.00153150531121416,0.00164931341207679,0.00176712151293942,0.00188492961380205,
0.00200273771466467,0.00212054581552731,0.00223835391638994,0.00235616201725256,
0.00247397011811519,0.00259177821897782,0.00270958631984044,0.00282739442070308,
0.0029452025215657,0.00306301062242833,0.00318081872329096,0.00329862682415359,
0.00341643492501621,0.00353424302587885,0.00365205112674147,0.0037698592276041,
0.00388766732846673,0.00400547542932935,0.00412328353019199,0.00424109163105461,
0.00435889973191724,0.00447670783277987,0.0045945159336425,0.00471232403450512,
0.00483013213536775,0.00494794023623038,0.00506574833709301,0.00518355643795564,
0.00530136453881826,0.00541917263968089,0.00547807669011221,0.00553698074054352,
0.00565478884140615,0.00577259694226878,0.0058904050431314,0.00600821314399403,
0.00612602124485666,0.00624382934571929,0.00636163744658192,0.00659725364830717,
0.0067150617491698,0.00683286985003243,0.00695067795089506,0.00706848605175769,
0.00718629415262031,0.00730410225348294,0.00742191035434557,0.0075397184552082,
0.00765752655607083,0.00777533465693345,0.00789314275779608,0.00801095085865871,
0.00812875895952134,0.00824656706038397,0.00836437516124659,0.00848218326210922,
0.00859999136297185,0.00871779946383448,0.00883560756469711,0.00895341566555974,
0.00907122376642236,0.00918903186728499,0.00930683996814762,0.00942464806901025,
0.00954245616987287,0.0096602642707355,0.00977807237159813,0.00989588047246076,
0.0100136885733234,0.010131496674186,0.0102493047750486,0.0103671128759113,
0.0104849209767739,0.0106027290776365,0.0107205371784992,0.0108383452793618,
0.0109561533802244,0.011073961481087,0.0111917695819497,0.0113095776828123,
0.0114273857836749,0.0115451938845375,0.0116630019854002,0.0117808100862628,
0.0118986181871254,0.0120164262879881,0.0121342343888507,0.0122520424897133,
0.0123698505905759,0.0124876586914386,0.0126054667923012,0.0127232748931638,
0.0128410829940265,0.0129588910948891,0.0130766991957517,0.0131945072966143,
0.013312315397477,0.0134301234983396,0.0135479315992022,0.0136657397000649,
0.0137835478009275,0.0139013559017901,0.0140191640026527,0.0141369721035154,
0.014254780204378,0.0143725883052406,0.0144903964061033,0.0146082045069659,
0.0147260126078285,0.0148438207086911,0.0149616288095538,0.0150794369104164,
0.0153150531121417,0.0154328612130043,0.0155506693138669,0.0156684774147295,
0.0157862855155921,0.0160219017173174,0.0161397098181801,0.0162575179190427,
0.0163753260199053,0.016493134120768,0.0166109422216306,0.0167287503224932,
0.0168465584233558,0.0169643665242184,0.0170821746250811,0.0171999827259437,
0.0173177908268064,0.0174355989276689,0.0175534070285316,0.0176712151293942,
0.0177890232302568,0.0179068313311194,0.0180246394319821,0.0181424475328448,
0.0182602556337074,0.01837806373457,0.0184958718354326,0.0186136799362953,
0.0187314880371579,0.0188492961380205,0.0189671042388831,0.0190849123397457,
0.0192027204406084,0.019320528541471,0.0194383366423337,0.0195561447431962,
0.0196739528440589,0.0197917609449215,0.0199095690457841,0.0200273771466468,
0.0201451852475094,0.020262993348372,0.0203808014492346,0.0204986095500973,
0.0206164176509599,0.0207342257518226,0.0208520338526852,0.0209698419535478,
0.0210876500544105,0.021205458155273,0.0213232662561357,0.0214410743569983,
0.0215588824578609,0.0216766905587236,0.0217944986595862,0.0219123067604488,
0.0221479229621741,0.0222657310630367,0.0223835391638993,0.0225013472647619,
0.0226191553656246,0.0228547715673499,0.0229725796682125,0.0230903877690751,
0.0232081958699378,0.0233260039708004,0.0235616201725256,0.0236794282733883,
0.0237972363742509,0.0239150444751135,0.0240328525759761,0.0241506606768387,
0.0242684687777014,0.024386276878564,0.0245040849794266,0.0246218930802892,
0.0247397011811519,0.0248575092820146,0.0249753173828772,0.0250931254837398,
0.0252109335846024,0.0253287416854651,0.0254465497863277,0.0255643578871903,
0.025682165988053,0.0257999740889155,0.0259177821897782,0.0260355902906408,
0.0261533983915034,0.026271206492366,0.0263890145932287,0.0265068226940913,
0.0266246307949539,0.0267424388958166,0.0268602469966792,0.0269780550975419,
0.0270958631984045,0.0272136712992671,0.0273314794001297,0.0274492875009923,
0.027567095601855,0.0276849037027176,0.0278027118035803,0.0279205199044428,
0.0280383280053055,0.0281561361061681,0.0282739442070308,0.0283917523078933,
0.028509560408756,0.0286273685096186,0.0287451766104812,0.0288629847113439,
0.0289807928122065,0.0290986009130692,0.0292164090139318,0.0293342171147944,
0.029452025215657,0.0295698333165197,0.0296876414173823,0.0298054495182449,
0.0299232576191075,0.0300410657199702,0.0301588738208328,0.0302766819216954,
0.030394490022558,0.0305122981234207,0.0306301062242833,0.030747914325146,
0.0308657224260085,0.0309835305268712,0.0311013386277338,0.0312191467285965,
0.0313369548294591,0.0314547629303217,0.0315725710311843,0.0316903791320469,
0.0318081872329096,0.0319259953337722,0.0320438034346349,0.0321616115354975,
0.0322794196363601,0.0323972277372227,0.0325150358380853,0.032632843938948,
0.0327506520398106,0.0328684601406733,0.0329862682415359,0.0331040763423985,
0.0332218844432611,0.0333396925441238,0.0334575006449864,0.033575308745849,
0.0336931168467116,0.0338109249475742,0.0339287330484369,0.0340465411492995,
0.0341643492501622,0.0342821573510248,0.0343999654518874,0.03451777355275,
0.0346355816536126,0.0347533897544753,0.0348711978553379,0.0349890059562006,
0.0351068140570632,0.0352246221579258,0.0353424302587885,0.0354602383596511,
0.0355780464605137,0.0356958545613763,0.0358136626622389,0.0359314707631016,
0.0360492788639642,0.0361670869648269,0.0362848950656894,0.0364027031665521,
0.0365205112674147,0.0366383193682773,0.0367561274691399,0.0368739355700026,
0.0369917436708652,0.0371095517717279,0.0372273598725905,0.0373451679734531,
0.0374629760743157,0.0375807841751784,0.037698592276041,0.0378164003769036,
0.0379342084777663,0.0380520165786289,0.0381698246794915,0.0382876327803541,
0.0384054408812168,0.0385232489820794,0.038641057082942,0.0388766732846673,
0.0389944813855299,0.0391122894863925,0.0392300975872551,0.0393479056881178,
0.0394657137889804,0.039583521889843,0.0397013299907056,0.039760234041137,
0.0398191380915683,0.039936946192431,0.0400547542932936,0.0401725623941562,
0.0402903704950188,0.0404081785958815,0.0405259866967441,0.0406437947976067,
0.0407616028984693,0.040879410999332,0.0409972191001946,0.0410561231506259,
0.0411150272010572,0.0412328353019199,0.0414684515036451,0.0415862596045077,
0.0417040677053703,0.0418218758062329,0.0419396839070956,0.0420574920079583,
0.0421753001088208,0.0422931082096835,0.0423520122601148,0.0424109163105461,
0.0425287244114088,0.0426465325122714,0.042764340613134,0.0428821487139966,
0.0429999568148593,0.0431177649157219,0.0432355730165845,0.0433533811174471,
0.0434711892183098,0.0435889973191724,0.0436479013696037,0.043706805420035,
0.0438246135208976,0.0439424216217603,0.0440602297226229,0.0441780378234855,
0.0442958459243481,0.0444136540252108,0.0445314621260734,0.0446492702269361,
0.0447670783277987,0.0448848864286613,0.0449437904790926,0.0450026945295239,
0.0451205026303866,0.0452383107312492,0.0453561188321118,0.0454739269329745,
0.0455917350338371,0.0457095431346997,0.0458273512355623,0.045945159336425,
0.0460629674372876,0.0461807755381502,0.0462396795885815,0.0462985836390128,
0.0464163917398755,0.0465341998407381,0.0466520079416007,0.0467698160424634,
0.046887624143326,0.0470054322441886,0.0471232403450512,0.0473588565467765,
0.0474766646476391,0.0475944727485018,0.0477122808493644,0.047830088950227,
0.0479478970510896,0.0480657051519523,0.0481835132528149,0.0483013213536775,
0.0484191294545401,0.0485369375554028,0.0486547456562654,0.048772553757128,
0.0488903618579907,0.0490081699588533,0.0491259780597159,0.0492437861605785,
0.0493615942614412,0.0494794023623038,0.0495972104631664,0.0497150185640291,
0.0498328266648917,0.0499506347657543,0.0500684428666169,0.0501862509674796,
0.0503040590683422,0.0504218671692048,0.0505396752700674,0.0506574833709301,
0.0507752914717927,0.0508930995726553,0.051010907673518,0.0511287157743806,
0.0512465238752432,0.0513643319761059,0.0514821400769685,0.0515999481778311,
0.0517177562786937,0.0518355643795564,0.051953372480419,0.0520711805812816,
0.0521889886821442,0.0523067967830069,0.0524246048838695,0.0525424129847321,
0.0526602210855948,0.0527780291864574,0.05289583728732,0.0530136453881826,
0.0531314534890453,0.0532492615899079,0.0533670696907705,0.0534848777916332,
0.0536026858924958,0.0537204939933584,0.053838302094221,0.0539561101950837,
0.054015014245515,0.0540739182959463,0.0541917263968089,0.0543095344976715,
0.0544273425985342,0.0545451506993968,0.0546629588002594,0.0547807669011221,
0.0548985750019847,0.0550163831028473,0.05513419120371,0.0552519993045726,
0.0553698074054352,0.0554876155062978,0.0556054236071605,0.0557232317080231,
0.0558410398088857,0.0559588479097484,0.056076656010611,0.0563122722123362,
0.0564300803131989,0.0564889843636302,0.0565478884140615,0.0566656965149241,
0.0567835046157867,0.0569013127166494,0.057019120817512,0.0571369289183746,
0.0572547370192373,0.0573725451200999,0.0574903532209625,0.0576081613218251,
0.0577259694226878,0.0578437775235504,0.057961585624413,0.0581972018261383,
0.0583150099270009,0.0584328180278635,0.0585506261287262,0.0586684342295888,
0.0587862423304514,0.058904050431314,0.0590218585321767,0.0591396666330393,
0.0592574747339019,0.0593752828347646,0.0594930909356272,0.0596108990364898,
0.0597287071373524,0.0598465152382151,0.0599643233390777,0.0600821314399403,
0.060199939540803,0.0602588435912343,0.0603177476416656,0.0604355557425282,
0.0605533638433908,0.0607889800451161),.UNSPECIFIED.);
#28=B_SPLINE_CURVE_WITH_KNOTS('',3,(#1733,#1734,#1735,#1736,#1737,#1738,
#1739,#1740,#1741,#1742,#1743,#1744,#1745,#1746,#1747,#1748,#1749,#1750,
#1751,#1752,#1753,#1754,#1755,#1756,#1757,#1758,#1759,#1760,#1761,#1762,
#1763,#1764,#1765,#1766,#1767,#1768,#1769,#1770,#1771,#1772,#1773,#1774,
#1775,#1776,#1777,#1778,#1779,#1780,#1781,#1782,#1783,#1784,#1785,#1786,
#1787,#1788,#1789,#1790,#1791,#1792,#1793,#1794,#1795,#1796,#1797,#1798,
#1799,#1800,#1801,#1802,#1803,#1804,#1805,#1806,#1807,#1808,#1809,#1810,
#1811,#1812,#1813,#1814,#1815,#1816,#1817,#1818,#1819,#1820,#1821,#1822,
#1823,#1824,#1825,#1826,#1827,#1828,#1829,#1830,#1831,#1832,#1833,#1834,
#1835,#1836,#1837,#1838,#1839,#1840,#1841,#1842,#1843,#1844,#1845,#1846,
#1847,#1848,#1849,#1850,#1851,#1852,#1853,#1854,#1855,#1856,#1857,#1858,
#1859,#1860,#1861,#1862,#1863,#1864,#1865,#1866,#1867,#1868,#1869,#1870,
#1871,#1872,#1873,#1874,#1875,#1876,#1877,#1878,#1879,#1880,#1881,#1882,
#1883,#1884,#1885,#1886,#1887,#1888,#1889,#1890,#1891,#1892,#1893,#1894,
#1895,#1896,#1897,#1898,#1899,#1900,#1901,#1902,#1903,#1904,#1905,#1906,
#1907,#1908,#1909,#1910,#1911,#1912,#1913,#1914,#1915,#1916,#1917,#1918,
#1919,#1920,#1921,#1922,#1923,#1924,#1925,#1926,#1927,#1928,#1929,#1930,
#1931,#1932,#1933,#1934,#1935,#1936,#1937,#1938,#1939,#1940,#1941,#1942,
#1943,#1944,#1945,#1946,#1947,#1948,#1949,#1950,#1951,#1952,#1953,#1954,
#1955,#1956,#1957,#1958,#1959,#1960,#1961,#1962,#1963,#1964,#1965,#1966,
#1967,#1968,#1969,#1970,#1971,#1972,#1973,#1974,#1975,#1976,#1977,#1978,
#1979,#1980,#1981,#1982,#1983,#1984,#1985,#1986,#1987,#1988,#1989,#1990,
#1991,#1992,#1993,#1994,#1995,#1996,#1997,#1998,#1999,#2000,#2001,#2002,
#2003,#2004,#2005,#2006,#2007,#2008,#2009,#2010,#2011,#2012,#2013,#2014,
#2015,#2016,#2017,#2018,#2019,#2020,#2021,#2022,#2023,#2024,#2025,#2026,
#2027,#2028,#2029,#2030,#2031,#2032,#2033,#2034,#2035,#2036,#2037,#2038,
#2039,#2040,#2041,#2042,#2043,#2044,#2045,#2046,#2047,#2048,#2049,#2050,
#2051,#2052,#2053,#2054,#2055,#2056,#2057,#2058,#2059,#2060,#2061,#2062,
#2063,#2064,#2065,#2066,#2067,#2068,#2069,#2070,#2071,#2072,#2073,#2074,
#2075,#2076,#2077,#2078,#2079,#2080,#2081,#2082,#2083,#2084,#2085,#2086,
#2087,#2088,#2089,#2090,#2091,#2092,#2093,#2094,#2095,#2096,#2097,#2098,
#2099,#2100,#2101,#2102,#2103,#2104,#2105,#2106,#2107,#2108,#2109,#2110,
#2111,#2112,#2113,#2114,#2115,#2116,#2117,#2118,#2119,#2120,#2121,#2122,
#2123,#2124,#2125,#2126,#2127,#2128,#2129,#2130,#2131,#2132,#2133,#2134,
#2135,#2136,#2137,#2138,#2139,#2140,#2141,#2142,#2143,#2144,#2145,#2146,
#2147,#2148,#2149,#2150,#2151,#2152,#2153,#2154,#2155,#2156,#2157,#2158,
#2159,#2160,#2161,#2162,#2163,#2164,#2165,#2166,#2167,#2168,#2169,#2170,
#2171,#2172,#2173,#2174,#2175,#2176,#2177,#2178,#2179,#2180,#2181,#2182,
#2183,#2184,#2185,#2186,#2187,#2188,#2189,#2190,#2191,#2192,#2193,#2194,
#2195,#2196,#2197,#2198,#2199,#2200,#2201,#2202,#2203,#2204,#2205,#2206,
#2207),.UNSPECIFIED.,.T.,.F.,(1,1,1,1,1,1,1,1,1,1,1,1,1,1,1,1,1,1,1,1,1,
1,1,1,1,1,1,1,1,1,1,1,1,1,1,1,1,1,1,1,1,1,1,1,1,1,1,1,1,1,1,1,1,1,1,1,1,
1,1,1,1,1,1,1,1,1,1,1,1,1,1,1,1,1,1,1,1,1,1,1,1,1,1,1,1,1,1,1,1,1,1,1,1,
1,1,1,1,1,1,1,1,1,1,1,1,1,1,1,1,1,1,1,1,1,1,1,1,1,1,1,1,1,1,1,1,1,1,1,1,
1,1,1,1,1,1,1,1,1,1,1,1,1,1,1,1,1,1,1,1,1,1,1,1,1,1,1,1,1,1,1,1,1,1,1,1,
1,1,1,1,1,1,1,1,1,1,1,1,1,1,1,1,1,1,1,1,1,1,1,1,1,1,1,1,1,1,1,1,1,1,1,1,
1,1,1,1,1,1,1,1,1,1,1,1,1,1,1,1,1,1,1,1,1,1,1,1,1,1,1,1,1,1,1,1,1,1,1,1,
1,1,1,1,1,1,1,1,1,1,1,1,1,1,1,1,1,1,1,1,1,1,1,1,1,1,1,1,1,1,1,1,1,1,1,1,
1,1,1,1,1,1,1,1,1,1,1,1,1,1,1,1,1,1,1,1,1,1,1,1,1,1,1,1,1,1,1,1,1,1,1,1,
1,1,1,1,1,1,1,1,1,1,1,1,1,1,1,1,1,1,1,1,1,1,1,1,1,1,1,1,1,1,1,1,1,1,1,1,
1,1,1,1,1,1,1,1,1,1,1,1,1,1,1,1,1,1,1,1,1,1,1,1,1,1,1,1,1,1,1,1,1,1,1,1,
1,1,1,1,1,1,1,1,1,1,1,1,1,1,1,1,1,1,1,1,1,1,1,1,1,1,1,1,1,1,1,1,1,1,1,1,
1,1,1,1,1,1,1,1,1,1,1,1,1,1,1,1,1,1,1,1,1,1,1,1,1,1,1,1,1,1,1,1,1,1,1,1,
1,1,1,1,1,1,1,1,1,1,1,1,1,1,1,1,1,1,1,1,1,1,1,1,1,1),(-0.000584360517809815,
-0.000292180258904914,-0.00014609012945245,4.33680868994202E-18,0.000146090129452456,
0.000292180258904907,0.000584360517809809,0.00073045064726226,0.000876540776714712,
0.00102263090616716,0.00116872103561961,0.00131481116507207,0.00146090129452452,
0.00160699142397697,0.00175308155342942,0.00189917168288187,0.00204526181233432,
0.00219135194178677,0.00233744207123922,0.00248353220069168,0.00262962233014413,
0.00277571245959658,0.00292180258904903,0.00306789271850148,0.00321398284795393,
0.00336007297740638,0.00350616310685883,0.00379834336576374,0.00394443349521619,
0.00409052362466864,0.00423661375412109,0.00438270388357354,0.00467488414247844,
0.00482097427193089,0.00496706440138335,0.0051131545308358,0.00525924466028825,
0.00555142491919315,0.0056975150486456,0.00584360517809805,0.0059896953075505,
0.00613578543700295,0.00642796569590786,0.00657405582536031,0.00672014595481276,
0.00686623608426521,0.00701232621371766,0.00715841634317011,0.00730450647262256,
0.00745059660207502,0.00759668673152747,0.00774277686097992,0.00788886699043237,
0.00803495711988482,0.00818104724933727,0.00832713737878972,0.00847322750824217,
0.00861931763769462,0.00876540776714708,0.00891149789659953,0.00905758802605198,
0.00920367815550443,0.00934976828495688,0.00964194854386178,0.00978803867331423,
0.00993412880276669,0.0100802189322191,0.0102263090616716,0.0105184893205765,
0.0106645794500289,0.0108106695794814,0.0109567597089338,0.0111028498383863,
0.0113950300972912,0.0115411202267437,0.0116872103561961,0.0118333004856486,
0.011979390615101,0.0122715708740059,0.0124176610034584,0.0125637511329108,
0.0127098412623633,0.0128559313918157,0.0131481116507206,0.0132942017801731,
0.0134402919096255,0.013586382039078,0.0137324721685304,0.0138785622979829,
0.0140246524274353,0.0141707425568878,0.0143168326863402,0.0144629228157927,
0.0146090129452451,0.0147551030746976,0.01490119320415,0.0150472833336025,
0.0151933734630549,0.0153394635925074,0.0154855537219598,0.0156316438514123,
0.0157777339808647,0.0159238241103172,0.0160699142397696,0.0163620944986745,
0.016508184628127,0.0166542747575794,0.0168003648870319,0.0169464550164843,
0.0172386352753892,0.0173847254048417,0.0175308155342941,0.0176769056637466,
0.017822995793199,0.018115176052104,0.0182612661815564,0.0184073563110089,
0.0185534464404613,0.0186995365699138,0.0188456266993662,0.0189917168288187,
0.0191378069582711,0.0192838970877236,0.019429987217176,0.0195760773466285,
0.0197221674760809,0.0198682576055334,0.0200143477349858,0.0201604378644383,
0.0203065279938907,0.0204526181233432,0.0205987082527956,0.0207447983822481,
0.0208908885117005,0.021036978641153,0.0213291589000579,0.0214752490295103,
0.0216213391589628,0.0217674292884152,0.0219135194178677,0.0222056996767726,
0.022351789806225,0.0224978799356775,0.0226439700651299,0.0227900601945824,
0.0229361503240348,0.0230822404534873,0.0232283305829397,0.0233744207123922,
0.0235205108418446,0.0236666009712971,0.0238126911007495,0.023958781230202,
0.0241048713596545,0.0242509614891069,0.0245431417480118,0.0246892318774643,
0.0248353220069167,0.0249814121363692,0.0251275022658216,0.0254196825247265,
0.025565772654179,0.0257118627836314,0.0258579529130839,0.0260040430425363,
0.0261501331719888,0.0262962233014412,0.0264423134308937,0.0265884035603461,
0.0267344936897986,0.026880583819251,0.0270266739487035,0.0271727640781559,
0.0273188542076084,0.0274649443370608,0.0277571245959657,0.0279032147254182,
0.0280493048548706,0.0281953949843231,0.0283414851137755,0.0286336653726804,
0.0287797555021329,0.0289258456315853,0.0290719357610378,0.0292180258904902,
0.0293641160199427,0.0295102061493951,0.0296562962788476,0.0298023864083001,
0.0299484765377525,0.030094566667205,0.0302406567966574,0.0303867469261099,
0.0305328370555623,0.0306789271850148,0.0308250173144672,0.0309711074439197,
0.0311171975733721,0.0312632877028246,0.031409377832277,0.0315554679617295,
0.0318476482206344,0.0319937383500868,0.0321398284795393,0.0322859186089917,
0.0324320087384442,0.0327241889973491,0.0328702791268015,0.033016369256254,
0.0331624593857064,0.0333085495151589,0.0336007297740638,0.0337468199035162,
0.0338929100329687,0.0340390001624211,0.0341850902918736,0.034331180421326,
0.0344772705507785,0.0346233606802309,0.0347694508096834,0.0349155409391358,
0.0350616310685883,0.0352077211980407,0.0353538113274932,0.0354999014569456,
0.0356459915863981,0.0357920817158505,0.035938171845303,0.0360842619747554,
0.0362303521042079,0.0363764422336603,0.0365225323631128,0.0368147126220177,
0.0369608027514702,0.0371068928809226,0.0372529830103751,0.0373990731398275,
0.0376912533987324,0.0378373435281849,0.0379834336576373,0.0381295237870898,
0.0382756139165422,0.0385677941754471,0.0387138843048996,0.038859974434352,
0.0390060645638045,0.0391521546932569,0.0394443349521618,0.0395904250816143,
0.0397365152110667,0.0398826053405192,0.0400286954699716,0.0403208757288765,
0.040466965858329,0.0406130559877814,0.0407591461172339,0.0409052362466863,
0.0410513263761388,0.0411974165055913,0.0413435066350437,0.0414895967644962,
0.0416356868939486,0.0417817770234011,0.0419278671528535,0.042073957282306,
0.0422200474117584,0.0423661375412109,0.0425122276706633,0.0426583178001158,
0.0428044079295682,0.0429504980590207,0.0430965881884731,0.0432426783179256,
0.043388768447378,0.0435348585768305,0.0436809487062829,0.0438270388357354,
0.0439731289651878,0.0441192190946403,0.0442653092240927,0.0444113993535452,
0.0445574894829976,0.0447035796124501,0.0448496697419025,0.044995759871355,
0.0451418500008074,0.0452879401302599,0.0454340302597123,0.0455801203891648,
0.0457262105186172,0.0458723006480697,0.0460183907775221,0.0461644809069746,
0.046310571036427,0.0464566611658795,0.0466027512953319,0.0467488414247844,
0.0468949315542368,0.0470410216836893,0.0471871118131417,0.0473332019425942,
0.0474792920720466,0.0476253822014991,0.0477714723309515,0.047917562460404,
0.0480636525898565,0.0482097427193089,0.0483558328487614,0.0485019229782138,
0.0486480131076663,0.0487941032371187,0.0489401933665712,0.0490862834960236,
0.0492323736254761,0.0493784637549285,0.049524553884381,0.0496706440138334,
0.0498167341432859,0.0499628242727383,0.0501089144021908,0.0502550045316432,
0.0504010946610957,0.0505471847905481,0.0506932749200006,0.050839365049453,
0.0509854551789055,0.0511315453083579,0.0514237255672628,0.0515698156967153,
0.0517159058261677,0.0518619959556202,0.0520080860850726,0.0523002663439775,
0.05244635647343,0.0525924466028824,0.0527385367323349,0.0528846268617873,
0.0531768071206922,0.0533228972501447,0.0534689873795971,0.0536150775090496,
0.053761167638502,0.0540533478974069,0.0541994380268594,0.0543455281563118,
0.0544916182857643,0.0546377084152167,0.0549298886741217,0.0550759788035741,
0.0552220689330266,0.055368159062479,0.0555142491919315,0.0556603393213839,
0.0558064294508364,0.0559525195802888,0.0560986097097413,0.0562446998391937,
0.0563907899686462,0.0565368800980986,0.0566829702275511,0.0568290603570035,
0.056975150486456,0.0571212406159084,0.0572673307453609,0.0574134208748133,
0.0575595110042658,0.0577056011337182,0.0578516912631707,0.0579977813926231,
0.0581438715220756,0.058289961651528,0.0584360517809805,0.0585821419104329,
0.0587282320398854,0.0588743221693378,0.0590204122987903,0.0591665024282427,
0.0593125925576952,0.0594586826871476,0.0596047728166001,0.059896953075505,
0.0600430432049574,0.0601891333344099,0.0603352234638623,0.0604813135933148,
0.0607734938522197,0.0609195839816721,0.0610656741111246,0.061211764240577,
0.0613578543700295,0.0615039444994819,0.0616500346289344,0.0617961247583868,
0.0619422148878393,0.0620883050172918,0.0622343951467442,0.0623804852761967,
0.0625265754056491,0.0626726655351016,0.062818755664554,0.0629648457940065,
0.0631109359234589,0.0632570260529114,0.0634031161823638,0.0635492063118163,
0.0636952964412687,0.0639874767001736,0.0641335668296261,0.0642796569590785,
0.064425747088531,0.0645718372179834,0.0648640174768883,0.0650101076063408,
0.0651561977357932,0.0653022878652457,0.0654483779946981,0.0655944681241506,
0.065740558253603,0.0658866483830555,0.0660327385125079,0.0661788286419604,
0.0663249187714128,0.0664710089008653,0.0666170990303177,0.0667631891597702,
0.0669092792892226,0.0670553694186751,0.0672014595481275,0.06734754967758,
0.0674936398070324,0.0676397299364849,0.0677858200659373,0.0680780003248423,
0.0682240904542947,0.0683701805837472,0.0685162707131996,0.0686623608426521,
0.068954541101557,0.0691006312310094,0.0692467213604619,0.0693928114899143,
0.0695389016193668,0.0696849917488192,0.0698310818782717,0.0699771720077241,
0.0701232621371766,0.070269352266629,0.0704154423960815,0.0705615325255339,
0.0707076226549864,0.0708537127844388,0.0709998029138913,0.0711458930433437,
0.0712919831727962,0.0714380733022486,0.0715841634317011,0.0717302535611535,
0.071876343690606,0.0721685239495109,0.0723146140789633,0.0724607042084158,
0.0726067943378682,0.0727528844673207,0.0728989745967732,0.0730450647262256,
0.0731911548556781,0.0733372449851305,0.073483335114583,0.0736294252440354,
0.0737755153734879,0.0739216055029403,0.0740676956323928,0.0742137857618452,
0.0745059660207501,0.0746520561502026,0.074798146279655,0.0749442364091075,
0.0750903265385599,0.0753825067974648),.UNSPECIFIED.);
#29=B_SPLINE_SURFACE_WITH_KNOTS('',3,1,((#196,#197),(#198,#199),(#200,#201),
(#202,#203),(#204,#205),(#206,#207),(#208,#209),(#210,#211),(#212,#213),
(#214,#215),(#216,#217),(#218,#219),(#220,#221),(#222,#223),(#224,#225),
(#226,#227),(#228,#229),(#230,#231),(#232,#233),(#234,#235),(#236,#237),
(#238,#239),(#240,#241),(#242,#243),(#244,#245),(#246,#247),(#248,#249),
(#250,#251),(#252,#253),(#254,#255),(#256,#257),(#258,#259),(#260,#261),
(#262,#263),(#264,#265),(#266,#267),(#268,#269),(#270,#271),(#272,#273),
(#274,#275),(#276,#277),(#278,#279),(#280,#281),(#282,#283),(#284,#285),
(#286,#287),(#288,#289),(#290,#291),(#292,#293),(#294,#295),(#296,#297),
(#298,#299),(#300,#301),(#302,#303),(#304,#305),(#306,#307),(#308,#309),
(#310,#311),(#312,#313),(#314,#315),(#316,#317),(#318,#319),(#320,#321),
(#322,#323),(#324,#325),(#326,#327),(#328,#329),(#330,#331),(#332,#333),
(#334,#335),(#336,#337),(#338,#339),(#340,#341),(#342,#343),(#344,#345),
(#346,#347),(#348,#349),(#350,#351),(#352,#353),(#354,#355),(#356,#357),
(#358,#359),(#360,#361),(#362,#363),(#364,#365),(#366,#367),(#368,#369),
(#370,#371),(#372,#373),(#374,#375),(#376,#377),(#378,#379),(#380,#381),
(#382,#383),(#384,#385),(#386,#387),(#388,#389),(#390,#391),(#392,#393),
(#394,#395),(#396,#397),(#398,#399),(#400,#401),(#402,#403),(#404,#405),
(#406,#407),(#408,#409),(#410,#411),(#412,#413),(#414,#415),(#416,#417),
(#418,#419),(#420,#421),(#422,#423),(#424,#425),(#426,#427),(#428,#429),
(#430,#431),(#432,#433),(#434,#435),(#436,#437),(#438,#439),(#440,#441),
(#442,#443),(#444,#445),(#446,#447),(#448,#449),(#450,#451),(#452,#453),
(#454,#455),(#456,#457),(#458,#459),(#460,#461),(#462,#463),(#464,#465),
(#466,#467),(#468,#469),(#470,#471),(#472,#473),(#474,#475),(#476,#477),
(#478,#479),(#480,#481),(#482,#483),(#484,#485),(#486,#487),(#488,#489),
(#490,#491),(#492,#493),(#494,#495),(#496,#497),(#498,#499),(#500,#501),
(#502,#503),(#504,#505),(#506,#507),(#508,#509),(#510,#511),(#512,#513),
(#514,#515),(#516,#517),(#518,#519),(#520,#521),(#522,#523),(#524,#525),
(#526,#527),(#528,#529),(#530,#531),(#532,#533),(#534,#535),(#536,#537),
(#538,#539),(#540,#541),(#542,#543),(#544,#545),(#546,#547),(#548,#549),
(#550,#551),(#552,#553),(#554,#555),(#556,#557),(#558,#559),(#560,#561),
(#562,#563),(#564,#565),(#566,#567),(#568,#569),(#570,#571),(#572,#573),
(#574,#575),(#576,#577),(#578,#579),(#580,#581),(#582,#583),(#584,#585),
(#586,#587),(#588,#589),(#590,#591),(#592,#593),(#594,#595),(#596,#597),
(#598,#599),(#600,#601),(#602,#603),(#604,#605),(#606,#607),(#608,#609),
(#610,#611),(#612,#613),(#614,#615),(#616,#617),(#618,#619),(#620,#621),
(#622,#623),(#624,#625),(#626,#627),(#628,#629),(#630,#631),(#632,#633),
(#634,#635),(#636,#637),(#638,#639),(#640,#641),(#642,#643),(#644,#645),
(#646,#647),(#648,#649),(#650,#651),(#652,#653),(#654,#655),(#656,#657),
(#658,#659),(#660,#661),(#662,#663),(#664,#665),(#666,#667),(#668,#669),
(#670,#671),(#672,#673),(#674,#675),(#676,#677),(#678,#679),(#680,#681),
(#682,#683),(#684,#685),(#686,#687),(#688,#689),(#690,#691),(#692,#693),
(#694,#695),(#696,#697),(#698,#699),(#700,#701),(#702,#703),(#704,#705),
(#706,#707),(#708,#709),(#710,#711),(#712,#713),(#714,#715),(#716,#717),
(#718,#719),(#720,#721),(#722,#723),(#724,#725),(#726,#727),(#728,#729),
(#730,#731),(#732,#733),(#734,#735),(#736,#737),(#738,#739),(#740,#741),
(#742,#743),(#744,#745),(#746,#747),(#748,#749),(#750,#751),(#752,#753),
(#754,#755),(#756,#757),(#758,#759),(#760,#761),(#762,#763),(#764,#765),
(#766,#767),(#768,#769),(#770,#771),(#772,#773),(#774,#775),(#776,#777),
(#778,#779),(#780,#781),(#782,#783),(#784,#785),(#786,#787),(#788,#789),
(#790,#791),(#792,#793),(#794,#795),(#796,#797),(#798,#799),(#800,#801),
(#802,#803),(#804,#805),(#806,#807),(#808,#809),(#810,#811),(#812,#813),
(#814,#815),(#816,#817),(#818,#819),(#820,#821),(#822,#823),(#824,#825),
(#826,#827),(#828,#829),(#830,#831),(#832,#833),(#834,#835),(#836,#837),
(#838,#839),(#840,#841),(#842,#843),(#844,#845),(#846,#847),(#848,#849),
(#850,#851),(#852,#853),(#854,#855),(#856,#857),(#858,#859),(#860,#861),
(#862,#863),(#864,#865),(#866,#867),(#868,#869),(#870,#871),(#872,#873),
(#874,#875),(#876,#877),(#878,#879),(#880,#881),(#882,#883),(#884,#885),
(#886,#887),(#888,#889),(#890,#891),(#892,#893),(#894,#895),(#896,#897),
(#898,#899),(#900,#901),(#902,#903),(#904,#905),(#906,#907),(#908,#909),
(#910,#911),(#912,#913),(#914,#915),(#916,#917),(#918,#919),(#920,#921),
(#922,#923),(#924,#925),(#926,#927),(#928,#929),(#930,#931),(#932,#933),
(#934,#935),(#936,#937),(#938,#939),(#940,#941),(#942,#943),(#944,#945),
(#946,#947),(#948,#949),(#950,#951),(#952,#953),(#954,#955),(#956,#957),
(#958,#959),(#960,#961),(#962,#963),(#964,#965),(#966,#967),(#968,#969),
(#970,#971),(#972,#973),(#974,#975),(#976,#977),(#978,#979),(#980,#981),
(#982,#983),(#984,#985),(#986,#987),(#988,#989),(#990,#991),(#992,#993),
(#994,#995),(#996,#997),(#998,#999),(#1000,#1001),(#1002,#1003),(#1004,
#1005),(#1006,#1007),(#1008,#1009),(#1010,#1011),(#1012,#1013),(#1014,#1015),
(#1016,#1017),(#1018,#1019),(#1020,#1021),(#1022,#1023),(#1024,#1025),(#1026,
#1027),(#1028,#1029),(#1030,#1031),(#1032,#1033),(#1034,#1035),(#1036,#1037),
(#1038,#1039),(#1040,#1041),(#1042,#1043),(#1044,#1045),(#1046,#1047),(#1048,
#1049),(#1050,#1051),(#1052,#1053),(#1054,#1055),(#1056,#1057),(#1058,#1059),
(#1060,#1061),(#1062,#1063),(#1064,#1065),(#1066,#1067),(#1068,#1069),(#1070,
#1071),(#1072,#1073),(#1074,#1075),(#1076,#1077),(#1078,#1079),(#1080,#1081),
(#1082,#1083),(#1084,#1085),(#1086,#1087),(#1088,#1089),(#1090,#1091),(#1092,
#1093),(#1094,#1095),(#1096,#1097),(#1098,#1099),(#1100,#1101),(#1102,#1103),
(#1104,#1105),(#1106,#1107),(#1108,#1109),(#1110,#1111),(#1112,#1113),(#1114,
#1115),(#1116,#1117),(#1118,#1119),(#1120,#1121),(#1122,#1123),(#1124,#1125),
(#1126,#1127),(#1128,#1129),(#1130,#1131),(#1132,#1133),(#1134,#1135),(#1136,
#1137),(#1138,#1139),(#1140,#1141),(#1142,#1143),(#1144,#1145),(#1146,#1147),
(#1148,#1149),(#1150,#1151),(#1152,#1153),(#1154,#1155),(#1156,#1157),(#1158,
#1159),(#1160,#1161),(#1162,#1163),(#1164,#1165),(#1166,#1167),(#1168,#1169),
(#1170,#1171),(#1172,#1173),(#1174,#1175),(#1176,#1177),(#1178,#1179),(#1180,
#1181),(#1182,#1183),(#1184,#1185),(#1186,#1187),(#1188,#1189),(#1190,#1191),
(#1192,#1193),(#1194,#1195),(#1196,#1197),(#1198,#1199),(#1200,#1201),(#1202,
#1203),(#1204,#1205),(#1206,#1207),(#1208,#1209),(#1210,#1211),(#1212,#1213),
(#1214,#1215),(#1216,#1217),(#1218,#1219)),.SURF_OF_LINEAR_EXTRUSION.,.T.,
 .F.,.F.,(1,1,1,1,1,1,1,1,1,1,1,1,1,1,1,1,1,1,1,1,1,1,1,1,1,1,1,1,1,1,1,
1,1,1,1,1,1,1,1,1,1,1,1,1,1,1,1,1,1,1,1,1,1,1,1,1,1,1,1,1,1,1,1,1,1,1,1,
1,1,1,1,1,1,1,1,1,1,1,1,1,1,1,1,1,1,1,1,1,1,1,1,1,1,1,1,1,1,1,1,1,1,1,1,
1,1,1,1,1,1,1,1,1,1,1,1,1,1,1,1,1,1,1,1,1,1,1,1,1,1,1,1,1,1,1,1,1,1,1,1,
1,1,1,1,1,1,1,1,1,1,1,1,1,1,1,1,1,1,1,1,1,1,1,1,1,1,1,1,1,1,1,1,1,1,1,1,
1,1,1,1,1,1,1,1,1,1,1,1,1,1,1,1,1,1,1,1,1,1,1,1,1,1,1,1,1,1,1,1,1,1,1,1,
1,1,1,1,1,1,1,1,1,1,1,1,1,1,1,1,1,1,1,1,1,1,1,1,1,1,1,1,1,1,1,1,1,1,1,1,
1,1,1,1,1,1,1,1,1,1,1,1,1,1,1,1,1,1,1,1,1,1,1,1,1,1,1,1,1,1,1,1,1,1,1,1,
1,1,1,1,1,1,1,1,1,1,1,1,1,1,1,1,1,1,1,1,1,1,1,1,1,1,1,1,1,1,1,1,1,1,1,1,
1,1,1,1,1,1,1,1,1,1,1,1,1,1,1,1,1,1,1,1,1,1,1,1,1,1,1,1,1,1,1,1,1,1,1,1,
1,1,1,1,1,1,1,1,1,1,1,1,1,1,1,1,1,1,1,1,1,1,1,1,1,1,1,1,1,1,1,1,1,1,1,1,
1,1,1,1,1,1,1,1,1,1,1,1,1,1,1,1,1,1,1,1,1,1,1,1,1,1,1,1,1,1,1,1,1,1,1,1,
1,1,1,1,1,1,1,1,1,1,1,1,1,1,1,1,1,1,1,1,1,1,1,1,1,1,1,1,1,1,1,1,1,1,1,1,
1,1,1,1,1,1,1,1,1,1,1,1,1,1,1,1,1,1,1,1,1,1,1,1,1,1,1,1,1,1,1,1,1,1,1,1,
1,1,1,1,1,1,1,1,1,1,1,1,1,1,1,1,1),(2,2),(-0.000235616201725262,-0.000117808100862628,
-5.89040504313174E-5,0.,0.000117808100862628,0.000235616201725256,0.000471232403450512,
0.00058904050431314,0.000706848605175769,0.000824656706038397,0.000942464806901025,
0.00117808100862628,0.00129588910948891,0.00141369721035154,0.00153150531121416,
0.00164931341207679,0.00176712151293942,0.00188492961380205,0.00200273771466467,
0.00212054581552731,0.00223835391638994,0.00235616201725256,0.00247397011811519,
0.00259177821897782,0.00270958631984044,0.00282739442070308,0.0029452025215657,
0.00306301062242833,0.00318081872329096,0.00329862682415359,0.00341643492501621,
0.00353424302587885,0.00365205112674147,0.0037698592276041,0.00388766732846673,
0.00400547542932935,0.00412328353019199,0.00424109163105461,0.00435889973191724,
0.00447670783277987,0.0045945159336425,0.00471232403450512,0.00483013213536775,
0.00494794023623038,0.00506574833709301,0.00518355643795564,0.00530136453881826,
0.00541917263968089,0.00547807669011221,0.00553698074054352,0.00565478884140615,
0.00577259694226878,0.0058904050431314,0.00600821314399403,0.00612602124485666,
0.00624382934571929,0.00636163744658192,0.00659725364830717,0.0067150617491698,
0.00683286985003243,0.00695067795089506,0.00706848605175769,0.00718629415262031,
0.00730410225348294,0.00742191035434557,0.0075397184552082,0.00765752655607083,
0.00777533465693345,0.00789314275779608,0.00801095085865871,0.00812875895952134,
0.00824656706038397,0.00836437516124659,0.00848218326210922,0.00859999136297185,
0.00871779946383448,0.00883560756469711,0.00895341566555974,0.00907122376642236,
0.00918903186728499,0.00930683996814762,0.00942464806901025,0.00954245616987287,
0.0096602642707355,0.00977807237159813,0.00989588047246076,0.0100136885733234,
0.010131496674186,0.0102493047750486,0.0103671128759113,0.0104849209767739,
0.0106027290776365,0.0107205371784992,0.0108383452793618,0.0109561533802244,
0.011073961481087,0.0111917695819497,0.0113095776828123,0.0114273857836749,
0.0115451938845375,0.0116630019854002,0.0117808100862628,0.0118986181871254,
0.0120164262879881,0.0121342343888507,0.0122520424897133,0.0123698505905759,
0.0124876586914386,0.0126054667923012,0.0127232748931638,0.0128410829940265,
0.0129588910948891,0.0130766991957517,0.0131945072966143,0.013312315397477,
0.0134301234983396,0.0135479315992022,0.0136657397000649,0.0137835478009275,
0.0139013559017901,0.0140191640026527,0.0141369721035154,0.014254780204378,
0.0143725883052406,0.0144903964061033,0.0146082045069659,0.0147260126078285,
0.0148438207086911,0.0149616288095538,0.0150794369104164,0.0153150531121417,
0.0154328612130043,0.0155506693138669,0.0156684774147295,0.0157862855155921,
0.0160219017173174,0.0161397098181801,0.0162575179190427,0.0163753260199053,
0.016493134120768,0.0166109422216306,0.0167287503224932,0.0168465584233558,
0.0169643665242184,0.0170821746250811,0.0171999827259437,0.0173177908268064,
0.0174355989276689,0.0175534070285316,0.0176712151293942,0.0177890232302568,
0.0179068313311194,0.0180246394319821,0.0181424475328448,0.0182602556337074,
0.01837806373457,0.0184958718354326,0.0186136799362953,0.0187314880371579,
0.0188492961380205,0.0189671042388831,0.0190849123397457,0.0192027204406084,
0.019320528541471,0.0194383366423337,0.0195561447431962,0.0196739528440589,
0.0197917609449215,0.0199095690457841,0.0200273771466468,0.0201451852475094,
0.020262993348372,0.0203808014492346,0.0204986095500973,0.0206164176509599,
0.0207342257518226,0.0208520338526852,0.0209698419535478,0.0210876500544105,
0.021205458155273,0.0213232662561357,0.0214410743569983,0.0215588824578609,
0.0216766905587236,0.0217944986595862,0.0219123067604488,0.0221479229621741,
0.0222657310630367,0.0223835391638993,0.0225013472647619,0.0226191553656246,
0.0228547715673499,0.0229725796682125,0.0230903877690751,0.0232081958699378,
0.0233260039708004,0.0235616201725256,0.0236794282733883,0.0237972363742509,
0.0239150444751135,0.0240328525759761,0.0241506606768387,0.0242684687777014,
0.024386276878564,0.0245040849794266,0.0246218930802892,0.0247397011811519,
0.0248575092820146,0.0249753173828772,0.0250931254837398,0.0252109335846024,
0.0253287416854651,0.0254465497863277,0.0255643578871903,0.025682165988053,
0.0257999740889155,0.0259177821897782,0.0260355902906408,0.0261533983915034,
0.026271206492366,0.0263890145932287,0.0265068226940913,0.0266246307949539,
0.0267424388958166,0.0268602469966792,0.0269780550975419,0.0270958631984045,
0.0272136712992671,0.0273314794001297,0.0274492875009923,0.027567095601855,
0.0276849037027176,0.0278027118035803,0.0279205199044428,0.0280383280053055,
0.0281561361061681,0.0282739442070308,0.0283917523078933,0.028509560408756,
0.0286273685096186,0.0287451766104812,0.0288629847113439,0.0289807928122065,
0.0290986009130692,0.0292164090139318,0.0293342171147944,0.029452025215657,
0.0295698333165197,0.0296876414173823,0.0298054495182449,0.0299232576191075,
0.0300410657199702,0.0301588738208328,0.0302766819216954,0.030394490022558,
0.0305122981234207,0.0306301062242833,0.030747914325146,0.0308657224260085,
0.0309835305268712,0.0311013386277338,0.0312191467285965,0.0313369548294591,
0.0314547629303217,0.0315725710311843,0.0316903791320469,0.0318081872329096,
0.0319259953337722,0.0320438034346349,0.0321616115354975,0.0322794196363601,
0.0323972277372227,0.0325150358380853,0.032632843938948,0.0327506520398106,
0.0328684601406733,0.0329862682415359,0.0331040763423985,0.0332218844432611,
0.0333396925441238,0.0334575006449864,0.033575308745849,0.0336931168467116,
0.0338109249475742,0.0339287330484369,0.0340465411492995,0.0341643492501622,
0.0342821573510248,0.0343999654518874,0.03451777355275,0.0346355816536126,
0.0347533897544753,0.0348711978553379,0.0349890059562006,0.0351068140570632,
0.0352246221579258,0.0353424302587885,0.0354602383596511,0.0355780464605137,
0.0356958545613763,0.0358136626622389,0.0359314707631016,0.0360492788639642,
0.0361670869648269,0.0362848950656894,0.0364027031665521,0.0365205112674147,
0.0366383193682773,0.0367561274691399,0.0368739355700026,0.0369917436708652,
0.0371095517717279,0.0372273598725905,0.0373451679734531,0.0374629760743157,
0.0375807841751784,0.037698592276041,0.0378164003769036,0.0379342084777663,
0.0380520165786289,0.0381698246794915,0.0382876327803541,0.0384054408812168,
0.0385232489820794,0.038641057082942,0.0388766732846673,0.0389944813855299,
0.0391122894863925,0.0392300975872551,0.0393479056881178,0.0394657137889804,
0.039583521889843,0.0397013299907056,0.039760234041137,0.0398191380915683,
0.039936946192431,0.0400547542932936,0.0401725623941562,0.0402903704950188,
0.0404081785958815,0.0405259866967441,0.0406437947976067,0.0407616028984693,
0.040879410999332,0.0409972191001946,0.0410561231506259,0.0411150272010572,
0.0412328353019199,0.0414684515036451,0.0415862596045077,0.0417040677053703,
0.0418218758062329,0.0419396839070956,0.0420574920079583,0.0421753001088208,
0.0422931082096835,0.0423520122601148,0.0424109163105461,0.0425287244114088,
0.0426465325122714,0.042764340613134,0.0428821487139966,0.0429999568148593,
0.0431177649157219,0.0432355730165845,0.0433533811174471,0.0434711892183098,
0.0435889973191724,0.0436479013696037,0.043706805420035,0.0438246135208976,
0.0439424216217603,0.0440602297226229,0.0441780378234855,0.0442958459243481,
0.0444136540252108,0.0445314621260734,0.0446492702269361,0.0447670783277987,
0.0448848864286613,0.0449437904790926,0.0450026945295239,0.0451205026303866,
0.0452383107312492,0.0453561188321118,0.0454739269329745,0.0455917350338371,
0.0457095431346997,0.0458273512355623,0.045945159336425,0.0460629674372876,
0.0461807755381502,0.0462396795885815,0.0462985836390128,0.0464163917398755,
0.0465341998407381,0.0466520079416007,0.0467698160424634,0.046887624143326,
0.0470054322441886,0.0471232403450512,0.0473588565467765,0.0474766646476391,
0.0475944727485018,0.0477122808493644,0.047830088950227,0.0479478970510896,
0.0480657051519523,0.0481835132528149,0.0483013213536775,0.0484191294545401,
0.0485369375554028,0.0486547456562654,0.048772553757128,0.0488903618579907,
0.0490081699588533,0.0491259780597159,0.0492437861605785,0.0493615942614412,
0.0494794023623038,0.0495972104631664,0.0497150185640291,0.0498328266648917,
0.0499506347657543,0.0500684428666169,0.0501862509674796,0.0503040590683422,
0.0504218671692048,0.0505396752700674,0.0506574833709301,0.0507752914717927,
0.0508930995726553,0.051010907673518,0.0511287157743806,0.0512465238752432,
0.0513643319761059,0.0514821400769685,0.0515999481778311,0.0517177562786937,
0.0518355643795564,0.051953372480419,0.0520711805812816,0.0521889886821442,
0.0523067967830069,0.0524246048838695,0.0525424129847321,0.0526602210855948,
0.0527780291864574,0.05289583728732,0.0530136453881826,0.0531314534890453,
0.0532492615899079,0.0533670696907705,0.0534848777916332,0.0536026858924958,
0.0537204939933584,0.053838302094221,0.0539561101950837,0.054015014245515,
0.0540739182959463,0.0541917263968089,0.0543095344976715,0.0544273425985342,
0.0545451506993968,0.0546629588002594,0.0547807669011221,0.0548985750019847,
0.0550163831028473,0.05513419120371,0.0552519993045726,0.0553698074054352,
0.0554876155062978,0.0556054236071605,0.0557232317080231,0.0558410398088857,
0.0559588479097484,0.056076656010611,0.0563122722123362,0.0564300803131989,
0.0564889843636302,0.0565478884140615,0.0566656965149241,0.0567835046157867,
0.0569013127166494,0.057019120817512,0.0571369289183746,0.0572547370192373,
0.0573725451200999,0.0574903532209625,0.0576081613218251,0.0577259694226878,
0.0578437775235504,0.057961585624413,0.0581972018261383,0.0583150099270009,
0.0584328180278635,0.0585506261287262,0.0586684342295888,0.0587862423304514,
0.058904050431314,0.0590218585321767,0.0591396666330393,0.0592574747339019,
0.0593752828347646,0.0594930909356272,0.0596108990364898,0.0597287071373524,
0.0598465152382151,0.0599643233390777,0.0600821314399403,0.060199939540803,
0.0602588435912343,0.0603177476416656,0.0604355557425282,0.0605533638433908,
0.0607889800451161),(0.,1.),.UNSPECIFIED.);
#30=ORIENTED_EDGE('',*,*,#54,.F.);
#31=ORIENTED_EDGE('',*,*,#55,.F.);
#32=ORIENTED_EDGE('',*,*,#56,.T.);
#33=ORIENTED_EDGE('',*,*,#57,.F.);
#34=ORIENTED_EDGE('',*,*,#58,.F.);
#35=ORIENTED_EDGE('',*,*,#59,.T.);
#36=ORIENTED_EDGE('',*,*,#57,.T.);
#37=ORIENTED_EDGE('',*,*,#59,.F.);
#38=ORIENTED_EDGE('',*,*,#58,.T.);
#39=ORIENTED_EDGE('',*,*,#56,.F.);
#40=ORIENTED_EDGE('',*,*,#54,.T.);
#41=ORIENTED_EDGE('',*,*,#60,.F.);
#42=ORIENTED_EDGE('',*,*,#61,.F.);
#43=ORIENTED_EDGE('',*,*,#62,.F.);
#44=ORIENTED_EDGE('',*,*,#63,.F.);
#45=ORIENTED_EDGE('',*,*,#64,.F.);
#46=ORIENTED_EDGE('',*,*,#62,.T.);
#47=ORIENTED_EDGE('',*,*,#65,.F.);
#48=ORIENTED_EDGE('',*,*,#60,.T.);
#49=ORIENTED_EDGE('',*,*,#55,.T.);
#50=ORIENTED_EDGE('',*,*,#63,.T.);
#51=ORIENTED_EDGE('',*,*,#64,.T.);
#52=ORIENTED_EDGE('',*,*,#61,.T.);
#53=ORIENTED_EDGE('',*,*,#65,.T.);
#54=EDGE_CURVE('',#66,#66,#76,.F.);
#55=EDGE_CURVE('',#67,#67,#77,.T.);
#56=EDGE_CURVE('',#68,#68,#27,.F.);
#57=EDGE_CURVE('',#69,#69,#28,.T.);
#58=EDGE_CURVE('',#70,#70,#78,.F.);
#59=EDGE_CURVE('',#71,#71,#79,.T.);
#60=EDGE_CURVE('',#72,#73,#12,.F.);
#61=EDGE_CURVE('',#74,#72,#80,.T.);
#62=EDGE_CURVE('',#75,#74,#13,.T.);
#63=EDGE_CURVE('',#73,#75,#81,.F.);
#64=EDGE_CURVE('',#75,#73,#14,.T.);
#65=EDGE_CURVE('',#72,#74,#15,.F.);
#66=VERTEX_POINT('',#193);
#67=VERTEX_POINT('',#195);
#68=VERTEX_POINT('',#1732);
#69=VERTEX_POINT('',#2208);
#70=VERTEX_POINT('',#2211);
#71=VERTEX_POINT('',#2214);
#72=VERTEX_POINT('',#2219);
#73=VERTEX_POINT('',#2220);
#74=VERTEX_POINT('',#2222);
#75=VERTEX_POINT('',#2224);
#76=CIRCLE('',#140,0.003875);
#77=CIRCLE('',#141,0.003875);
#78=CIRCLE('',#143,0.00589581827803113);
#79=CIRCLE('',#145,0.00766358523080439);
#80=CIRCLE('',#149,0.0031);
#81=CIRCLE('',#150,0.0031);
#82=EDGE_LOOP('',(#30));
#83=EDGE_LOOP('',(#31));
#84=EDGE_LOOP('',(#32));
#85=EDGE_LOOP('',(#33));
#86=EDGE_LOOP('',(#34));
#87=EDGE_LOOP('',(#35));
#88=EDGE_LOOP('',(#36));
#89=EDGE_LOOP('',(#37));
#90=EDGE_LOOP('',(#38));
#91=EDGE_LOOP('',(#39));
#92=EDGE_LOOP('',(#40));
#93=EDGE_LOOP('',(#41,#42,#43,#44));
#94=EDGE_LOOP('',(#45,#46,#47,#48));
#95=EDGE_LOOP('',(#49));
#96=EDGE_LOOP('',(#50,#51));
#97=EDGE_LOOP('',(#52,#53));
#98=FACE_BOUND('',#82,.T.);
#99=FACE_BOUND('',#83,.T.);
#100=FACE_BOUND('',#84,.T.);
#101=FACE_BOUND('',#85,.T.);
#102=FACE_BOUND('',#86,.T.);
#103=FACE_BOUND('',#87,.T.);
#104=FACE_BOUND('',#88,.T.);
#105=FACE_BOUND('',#89,.T.);
#106=FACE_BOUND('',#90,.T.);
#107=FACE_BOUND('',#91,.T.);
#108=FACE_BOUND('',#92,.T.);
#109=FACE_BOUND('',#93,.T.);
#110=FACE_BOUND('',#94,.T.);
#111=FACE_BOUND('',#95,.T.);
#112=FACE_BOUND('',#96,.T.);
#113=FACE_BOUND('',#97,.T.);
#114=CYLINDRICAL_SURFACE('',#139,0.003875);
#115=CYLINDRICAL_SURFACE('',#148,0.0031);
#116=ADVANCED_FACE('',(#98,#99),#114,.F.);
#117=ADVANCED_FACE('',(#100,#101),#29,.T.);
#118=ADVANCED_FACE('',(#102),#22,.T.);
#119=ADVANCED_FACE('',(#103,#104),#21,.T.);
#120=ADVANCED_FACE('',(#105,#106),#20,.T.);
#121=ADVANCED_FACE('',(#107,#108),#23,.T.);
#122=ADVANCED_FACE('',(#109),#115,.F.);
#123=ADVANCED_FACE('',(#110),#24,.T.);
#124=ADVANCED_FACE('',(#111,#112),#25,.T.);
#125=ADVANCED_FACE('',(#113),#26,.T.);
#126=CLOSED_SHELL('',(#116,#117,#118,#119,#120,#121,#122,#123,#124,#125));
#127=STYLED_ITEM('',(#128),#135);
#128=PRESENTATION_STYLE_ASSIGNMENT((#129));
#129=SURFACE_STYLE_USAGE(.BOTH.,#130);
#130=SURFACE_SIDE_STYLE('',(#131));
#131=SURFACE_STYLE_FILL_AREA(#132);
#132=FILL_AREA_STYLE('',(#133));
#133=FILL_AREA_STYLE_COLOUR('',#134);
#134=COLOUR_RGB('',0.901960784313726,0.901960784313726,0.901960784313726);
#135=MANIFOLD_SOLID_BREP('brep_1',#126);
#136=SHAPE_DEFINITION_REPRESENTATION(#2237,#137);
#137=SHAPE_REPRESENTATION('brep_1',(#138),#2232);
#138=AXIS2_PLACEMENT_3D('',#190,#154,#155);
#139=AXIS2_PLACEMENT_3D('',#191,#156,#157);
#140=AXIS2_PLACEMENT_3D('',#192,#158,#159);
#141=AXIS2_PLACEMENT_3D('',#194,#160,#161);
#142=AXIS2_PLACEMENT_3D('',#2209,#162,#163);
#143=AXIS2_PLACEMENT_3D('',#2210,#164,#165);
#144=AXIS2_PLACEMENT_3D('',#2212,#166,#167);
#145=AXIS2_PLACEMENT_3D('',#2213,#168,#169);
#146=AXIS2_PLACEMENT_3D('',#2215,#170,#171);
#147=AXIS2_PLACEMENT_3D('',#2216,#172,#173);
#148=AXIS2_PLACEMENT_3D('',#2217,#174,#175);
#149=AXIS2_PLACEMENT_3D('',#2221,#177,#178);
#150=AXIS2_PLACEMENT_3D('',#2225,#180,#181);
#151=AXIS2_PLACEMENT_3D('',#2226,#182,#183);
#152=AXIS2_PLACEMENT_3D('',#2229,#186,#187);
#153=AXIS2_PLACEMENT_3D('',#2230,#188,#189);
#154=DIRECTION('',(0.,0.,1.));
#155=DIRECTION('',(1.,0.,0.));
#156=DIRECTION('',(0.,-1.,0.));
#157=DIRECTION('',(1.,0.,0.));
#158=DIRECTION('',(0.,-1.,0.));
#159=DIRECTION('',(-1.,0.,0.));
#160=DIRECTION('',(0.,-1.,0.));
#161=DIRECTION('',(-1.,0.,0.));
#162=DIRECTION('',(0.,1.,0.));
#163=DIRECTION('',(1.,0.,0.));
#164=DIRECTION('',(8.36390088717131E-16,1.,-3.04708022948579E-16));
#165=DIRECTION('',(1.,-8.36390088717131E-16,0.));
#166=DIRECTION('',(3.63328829935774E-15,-1.,-1.1568677493799E-14));
#167=DIRECTION('',(0.,1.1568677493799E-14,-1.));
#168=DIRECTION('',(3.63328829935774E-15,-1.,-1.1568677493799E-14));
#169=DIRECTION('',(0.,1.1568677493799E-14,-1.));
#170=DIRECTION('',(8.36390088717131E-16,1.,-3.04708022948579E-16));
#171=DIRECTION('',(1.,-8.36390088717131E-16,0.));
#172=DIRECTION('',(0.,-1.,0.));
#173=DIRECTION('',(1.,0.,0.));
#174=DIRECTION('',(0.,-1.,0.));
#175=DIRECTION('',(1.,0.,0.));
#176=DIRECTION('',(0.,1.,0.));
#177=DIRECTION('',(0.,-1.,0.));
#178=DIRECTION('',(-1.,0.,0.));
#179=DIRECTION('',(0.,1.,0.));
#180=DIRECTION('',(0.,-1.,0.));
#181=DIRECTION('',(-1.,0.,0.));
#182=DIRECTION('',(1.,0.,0.));
#183=DIRECTION('',(0.,0.,-1.));
#184=DIRECTION('',(0.,0.,1.));
#185=DIRECTION('',(0.,0.,1.));
#186=DIRECTION('',(0.,-1.,0.));
#187=DIRECTION('',(1.,0.,0.));
#188=DIRECTION('',(0.,-1.,0.));
#189=DIRECTION('',(1.,0.,0.));
#190=CARTESIAN_POINT('',(0.,0.,0.));
#191=CARTESIAN_POINT('',(-0.0357942098131046,0.00821881510188841,7.105427357601E-18));
#192=CARTESIAN_POINT('',(-0.0357942098131046,0.00472813900991862,7.105427357601E-18));
#193=CARTESIAN_POINT('',(-0.0396692098131046,0.00472813900991862,7.105427357601E-18));
#194=CARTESIAN_POINT('',(-0.0357942098131046,0.0117094911938582,7.105427357601E-18));
#195=CARTESIAN_POINT('',(-0.0396692098131046,0.0117094911938582,7.105427357601E-18));
#196=CARTESIAN_POINT('',(-0.0429337034660632,0.0195169788659784,0.00302286245285172));
#197=CARTESIAN_POINT('',(-0.0429337034660633,0.00472813900995189,0.00302286245285171));
#198=CARTESIAN_POINT('',(-0.0429500744579476,0.0195169788659782,0.00293319363207401));
#199=CARTESIAN_POINT('',(-0.0429500744579476,0.00472813900995169,0.00293319363207401));
#200=CARTESIAN_POINT('',(-0.0430240332257998,0.019516978865979,0.00286685090567502));
#201=CARTESIAN_POINT('',(-0.0430240332257999,0.00472813900995249,0.00286685090567501));
#202=CARTESIAN_POINT('',(-0.0431676990709155,0.0195169788659779,0.00279977869043256));
#203=CARTESIAN_POINT('',(-0.0431676990709156,0.00472813900995139,0.00279977869043255));
#204=CARTESIAN_POINT('',(-0.0433176838487726,0.0195169788659784,0.00275046749133583));
#205=CARTESIAN_POINT('',(-0.0433176838487726,0.00472813900995189,0.00275046749133582));
#206=CARTESIAN_POINT('',(-0.0434563367996666,0.0195169788659782,0.00267626907861883));
#207=CARTESIAN_POINT('',(-0.0434563367996666,0.00472813900995173,0.00267626907861882));
#208=CARTESIAN_POINT('',(-0.0435347417682513,0.0195169788659786,0.00257902807911443));
#209=CARTESIAN_POINT('',(-0.0435347417682513,0.00472813900995209,0.00257902807911443));
#210=CARTESIAN_POINT('',(-0.0435224544518548,0.0195169788659773,0.00245461649749944));
#211=CARTESIAN_POINT('',(-0.0435224544518548,0.00472813900995079,0.00245461649749944));
#212=CARTESIAN_POINT('',(-0.0434537719333347,0.0195169788659769,0.00231325676890072));
#213=CARTESIAN_POINT('',(-0.0434537719333348,0.00472813900995045,0.00231325676890071));
#214=CARTESIAN_POINT('',(-0.0433641961210965,0.0195169788659836,0.0021824945302455));
#215=CARTESIAN_POINT('',(-0.0433641961210965,0.00472813900995711,0.0021824945302455));
#216=CARTESIAN_POINT('',(-0.0432907687108668,0.0195169788659776,0.00204573193511994));
#217=CARTESIAN_POINT('',(-0.0432907687108668,0.00472813900995115,0.00204573193511994));
#218=CARTESIAN_POINT('',(-0.0432792997874656,0.0195169788659786,0.00191764095152071));
#219=CARTESIAN_POINT('',(-0.0432792997874657,0.00472813900995207,0.0019176409515207));
#220=CARTESIAN_POINT('',(-0.0433656860911077,0.0195169788659781,0.00182368832634388));
#221=CARTESIAN_POINT('',(-0.0433656860911078,0.00472813900995165,0.00182368832634387));
#222=CARTESIAN_POINT('',(-0.04346655937137,0.0195169788659786,0.00176195219646289));
#223=CARTESIAN_POINT('',(-0.0434665593713701,0.00472813900995211,0.00176195219646289));
#224=CARTESIAN_POINT('',(-0.0435723540095694,0.0195169788659782,0.00170515303918796));
#225=CARTESIAN_POINT('',(-0.0435723540095694,0.00472813900995171,0.00170515303918795));
#226=CARTESIAN_POINT('',(-0.0436745748075309,0.0195169788659783,0.00164511627873674));
#227=CARTESIAN_POINT('',(-0.043674574807531,0.00472813900995183,0.00164511627873674));
#228=CARTESIAN_POINT('',(-0.0437702749895334,0.0195169788659783,0.00157109592576381));
#229=CARTESIAN_POINT('',(-0.0437702749895335,0.00472813900995177,0.0015710959257638));
#230=CARTESIAN_POINT('',(-0.0438205400815527,0.0195169788659784,0.00145221174626212));
#231=CARTESIAN_POINT('',(-0.0438205400815527,0.00472813900995195,0.00145221174626212));
#232=CARTESIAN_POINT('',(-0.0437750400321063,0.0195169788659778,0.0013327302042618));
#233=CARTESIAN_POINT('',(-0.0437750400321063,0.00472813900995133,0.0013327302042618));
#234=CARTESIAN_POINT('',(-0.043705026481741,0.0195169788659784,0.00123572020463269));
#235=CARTESIAN_POINT('',(-0.043705026481741,0.00472813900995193,0.00123572020463269));
#236=CARTESIAN_POINT('',(-0.0436256651366998,0.0195169788659783,0.00114300604046754));
#237=CARTESIAN_POINT('',(-0.0436256651366998,0.00472813900995177,0.00114300604046754));
#238=CARTESIAN_POINT('',(-0.0435494552855033,0.0195169788659783,0.00105016599950648));
#239=CARTESIAN_POINT('',(-0.0435494552855034,0.00472813900995183,0.00105016599950648));
#240=CARTESIAN_POINT('',(-0.043482020321567,0.0195169788659783,0.000945223348684351));
#241=CARTESIAN_POINT('',(-0.043482020321567,0.00472813900995179,0.000945223348684349));
#242=CARTESIAN_POINT('',(-0.0434908547466516,0.0195169788659783,0.000816459652180993));
#243=CARTESIAN_POINT('',(-0.0434908547466516,0.00472813900995179,0.000816459652180991));
#244=CARTESIAN_POINT('',(-0.043578283033745,0.0195169788659784,0.000725887621978571));
#245=CARTESIAN_POINT('',(-0.0435782830337451,0.00472813900995189,0.000725887621978569));
#246=CARTESIAN_POINT('',(-0.0436728737572868,0.0195169788659782,0.000652100227022745));
#247=CARTESIAN_POINT('',(-0.0436728737572869,0.00472813900995175,0.000652100227022743));
#248=CARTESIAN_POINT('',(-0.0437711458745105,0.0195169788659784,0.000580043744499137));
#249=CARTESIAN_POINT('',(-0.0437711458745106,0.00472813900995191,0.000580043744499135));
#250=CARTESIAN_POINT('',(-0.0438623178999117,0.0195169788659779,0.000501991204828131));
#251=CARTESIAN_POINT('',(-0.0438623178999118,0.00472813900995141,0.000501991204828129));
#252=CARTESIAN_POINT('',(-0.0439375280160244,0.0195169788659798,0.000400320192531443));
#253=CARTESIAN_POINT('',(-0.0439375280160245,0.00472813900995327,0.000400320192531441));
#254=CARTESIAN_POINT('',(-0.0439262525593653,0.0195169788659728,0.000272198732897023));
#255=CARTESIAN_POINT('',(-0.0439262525593654,0.00472813900994635,0.000272198732897021));
#256=CARTESIAN_POINT('',(-0.0438503301675155,0.0195169788659796,0.000174429527355294));
#257=CARTESIAN_POINT('',(-0.0438503301675155,0.00472813900995313,0.000174429527355292));
#258=CARTESIAN_POINT('',(-0.0437634234654057,0.0195169788659784,9.11838298721561E-5));
#259=CARTESIAN_POINT('',(-0.0437634234654057,0.00472813900995195,9.11838298721545E-5));
#260=CARTESIAN_POINT('',(-0.0436717062163455,0.0195169788659764,1.0910160057698E-5));
#261=CARTESIAN_POINT('',(-0.0436717062163455,0.00472813900994993,1.09101600576963E-5));
#262=CARTESIAN_POINT('',(-0.0435866962376966,0.0195169788659857,-7.14239702073507E-5));
#263=CARTESIAN_POINT('',(-0.0435866962376967,0.00472813900995919,-7.14239702073523E-5));
#264=CARTESIAN_POINT('',(-0.0435191497035138,0.0195169788659763,-0.000183024505010456));
#265=CARTESIAN_POINT('',(-0.0435191497035139,0.00472813900994981,-0.000183024505010457));
#266=CARTESIAN_POINT('',(-0.0435576922359871,0.0195169788659788,-0.000308982976947801));
#267=CARTESIAN_POINT('',(-0.0435576922359872,0.00472813900995235,-0.000308982976947803));
#268=CARTESIAN_POINT('',(-0.0436394930037829,0.0195169788659781,-0.000401136433929585));
#269=CARTESIAN_POINT('',(-0.0436394930037829,0.00472813900995165,-0.000401136433929587));
#270=CARTESIAN_POINT('',(-0.0437268317660924,0.0195169788659783,-0.00048718082288821));
#271=CARTESIAN_POINT('',(-0.0437268317660924,0.00472813900995183,-0.000487180822888212));
#272=CARTESIAN_POINT('',(-0.0438123535379475,0.0195169788659784,-0.000574827735707145));
#273=CARTESIAN_POINT('',(-0.0438123535379475,0.00472813900995191,-0.000574827735707147));
#274=CARTESIAN_POINT('',(-0.0438876830397535,0.0195169788659778,-0.000671053996833216));
#275=CARTESIAN_POINT('',(-0.0438876830397536,0.00472813900995135,-0.000671053996833218));
#276=CARTESIAN_POINT('',(-0.0439147561703045,0.0195169788659784,-0.000801897332654153));
#277=CARTESIAN_POINT('',(-0.0439147561703045,0.00472813900995191,-0.000801897332654155));
#278=CARTESIAN_POINT('',(-0.043839162987228,0.0195169788659783,-0.000910920757509896));
#279=CARTESIAN_POINT('',(-0.0438391629872281,0.00472813900995179,-0.000910920757509898));
#280=CARTESIAN_POINT('',(-0.0437426481860236,0.0195169788659782,-0.000987108384293093));
#281=CARTESIAN_POINT('',(-0.0437426481860237,0.00472813900995171,-0.000987108384293095));
#282=CARTESIAN_POINT('',(-0.0436380894107088,0.0195169788659786,-0.00105646034166415));
#283=CARTESIAN_POINT('',(-0.0436380894107089,0.00472813900995211,-0.00105646034166416));
#284=CARTESIAN_POINT('',(-0.0435354669314418,0.0195169788659773,-0.00112650684127383));
#285=CARTESIAN_POINT('',(-0.0435354669314418,0.00472813900995079,-0.00112650684127383));
#286=CARTESIAN_POINT('',(-0.0434576829044438,0.0195169788659812,-0.00119889439068617));
#287=CARTESIAN_POINT('',(-0.0434576829044438,0.00472813900995475,-0.00119889439068617));
#288=CARTESIAN_POINT('',(-0.0434269316554838,0.0195169788659776,-0.00127820470686932));
#289=CARTESIAN_POINT('',(-0.0434269316554838,0.00472813900995109,-0.00127820470686932));
#290=CARTESIAN_POINT('',(-0.0434333891751922,0.0195169788659795,-0.00136302434185613));
#291=CARTESIAN_POINT('',(-0.0434333891751922,0.00472813900995305,-0.00136302434185613));
#292=CARTESIAN_POINT('',(-0.0434838968097056,0.0195169788659814,-0.001454968857977));
#293=CARTESIAN_POINT('',(-0.0434838968097057,0.00472813900995495,-0.001454968857977));
#294=CARTESIAN_POINT('',(-0.0435579692885468,0.0195169788659775,-0.00155409676638465));
#295=CARTESIAN_POINT('',(-0.0435579692885469,0.00472813900995099,-0.00155409676638465));
#296=CARTESIAN_POINT('',(-0.0436336123533552,0.0195169788659786,-0.001653016994402));
#297=CARTESIAN_POINT('',(-0.0436336123533553,0.00472813900995207,-0.001653016994402));
#298=CARTESIAN_POINT('',(-0.0436999613270992,0.019516978865978,-0.00175745322519416));
#299=CARTESIAN_POINT('',(-0.0436999613270993,0.00472813900995155,-0.00175745322519417));
#300=CARTESIAN_POINT('',(-0.0437333752616804,0.019516978865979,-0.0018837921739484));
#301=CARTESIAN_POINT('',(-0.0437333752616804,0.00472813900995255,-0.00188379217394841));
#302=CARTESIAN_POINT('',(-0.0436652764959131,0.0195169788659756,-0.00199689293152428));
#303=CARTESIAN_POINT('',(-0.0436652764959132,0.00472813900994907,-0.00199689293152429));
#304=CARTESIAN_POINT('',(-0.0435262062828774,0.0195169788659799,-0.00208673060554389));
#305=CARTESIAN_POINT('',(-0.0435262062828775,0.00472813900995339,-0.00208673060554389));
#306=CARTESIAN_POINT('',(-0.0433764293278659,0.0195169788659781,-0.00215173390567474));
#307=CARTESIAN_POINT('',(-0.0433764293278659,0.00472813900995161,-0.00215173390567475));
#308=CARTESIAN_POINT('',(-0.0432341157916824,0.0195169788659783,-0.00223290917417385));
#309=CARTESIAN_POINT('',(-0.0432341157916825,0.00472813900995183,-0.00223290917417386));
#310=CARTESIAN_POINT('',(-0.0431588092528626,0.0195169788659783,-0.00233882099815324));
#311=CARTESIAN_POINT('',(-0.0431588092528626,0.00472813900995179,-0.00233882099815324));
#312=CARTESIAN_POINT('',(-0.0431859484957353,0.0195169788659783,-0.00246520233953306));
#313=CARTESIAN_POINT('',(-0.0431859484957353,0.00472813900995181,-0.00246520233953306));
#314=CARTESIAN_POINT('',(-0.043240784327249,0.0195169788659786,-0.00257303880873387));
#315=CARTESIAN_POINT('',(-0.0432407843272491,0.00472813900995207,-0.00257303880873387));
#316=CARTESIAN_POINT('',(-0.0433018138735822,0.0195169788659772,-0.00267938672313993));
#317=CARTESIAN_POINT('',(-0.0433018138735822,0.00472813900995071,-0.00267938672313994));
#318=CARTESIAN_POINT('',(-0.0433567168253623,0.0195169788659823,-0.00278682042048276));
#319=CARTESIAN_POINT('',(-0.0433567168253623,0.00472813900995585,-0.00278682042048276));
#320=CARTESIAN_POINT('',(-0.0433963590810621,0.0195169788659631,-0.0029056525166237));
#321=CARTESIAN_POINT('',(-0.0433963590810622,0.00472813900993663,-0.0029056525166237));
#322=CARTESIAN_POINT('',(-0.0433599277498951,0.0195169788659824,-0.00303141114428096));
#323=CARTESIAN_POINT('',(-0.0433599277498951,0.00472813900995587,-0.00303141114428096));
#324=CARTESIAN_POINT('',(-0.0432522678974006,0.0195169788659772,-0.00310099128067222));
#325=CARTESIAN_POINT('',(-0.0432522678974006,0.00472813900995071,-0.00310099128067223));
#326=CARTESIAN_POINT('',(-0.0431383561662655,0.0195169788659786,-0.00314477177676898));
#327=CARTESIAN_POINT('',(-0.0431383561662656,0.00472813900995211,-0.00314477177676898));
#328=CARTESIAN_POINT('',(-0.0430201483791061,0.0195169788659782,-0.00318125652780536));
#329=CARTESIAN_POINT('',(-0.0430201483791061,0.00472813900995173,-0.00318125652780536));
#330=CARTESIAN_POINT('',(-0.0429061501740185,0.0195169788659783,-0.00322115972946292));
#331=CARTESIAN_POINT('',(-0.0429061501740185,0.00472813900995183,-0.00322115972946292));
#332=CARTESIAN_POINT('',(-0.0427929323184511,0.0195169788659783,-0.00328515359160783));
#333=CARTESIAN_POINT('',(-0.0427929323184512,0.00472813900995179,-0.00328515359160784));
#334=CARTESIAN_POINT('',(-0.0427575164773754,0.0195169788659783,-0.00341340814924387));
#335=CARTESIAN_POINT('',(-0.0427575164773755,0.00472813900995185,-0.00341340814924388));
#336=CARTESIAN_POINT('',(-0.0427927997602147,0.0195169788659781,-0.00353446677735556));
#337=CARTESIAN_POINT('',(-0.0427927997602148,0.00472813900995163,-0.00353446677735557));
#338=CARTESIAN_POINT('',(-0.0428372811522419,0.019516978865979,-0.0036502080704563));
#339=CARTESIAN_POINT('',(-0.0428372811522419,0.00472813900995255,-0.0036502080704563));
#340=CARTESIAN_POINT('',(-0.0428818408415455,0.0195169788659763,-0.00376688854386457));
#341=CARTESIAN_POINT('',(-0.0428818408415456,0.00472813900994983,-0.00376688854386458));
#342=CARTESIAN_POINT('',(-0.0429140347708367,0.0195169788659787,-0.00388615071564347));
#343=CARTESIAN_POINT('',(-0.0429140347708367,0.00472813900995221,-0.00388615071564347));
#344=CARTESIAN_POINT('',(-0.0428962726695061,0.0195169788659786,-0.00401770194627658));
#345=CARTESIAN_POINT('',(-0.0428962726695061,0.00472813900995211,-0.00401770194627659));
#346=CARTESIAN_POINT('',(-0.0427882725812819,0.0195169788659766,-0.0040944573758621));
#347=CARTESIAN_POINT('',(-0.0427882725812819,0.00472813900995011,-0.0040944573758621));
#348=CARTESIAN_POINT('',(-0.0426683351426439,0.0195169788659778,-0.0041269239533645));
#349=CARTESIAN_POINT('',(-0.042668335142644,0.00472813900995129,-0.0041269239533645));
#350=CARTESIAN_POINT('',(-0.0425452539089282,0.0195169788659784,-0.00414813035423024));
#351=CARTESIAN_POINT('',(-0.0425452539089282,0.00472813900995195,-0.00414813035423024));
#352=CARTESIAN_POINT('',(-0.0424235666846701,0.0195169788659782,-0.00417007746084001));
#353=CARTESIAN_POINT('',(-0.0424235666846701,0.00472813900995171,-0.00417007746084002));
#354=CARTESIAN_POINT('',(-0.0423009234037803,0.0195169788659785,-0.0042052321366758));
#355=CARTESIAN_POINT('',(-0.0423009234037804,0.00472813900995203,-0.00420523213667581));
#356=CARTESIAN_POINT('',(-0.0422181916938751,0.0195169788659775,-0.00430825528561052));
#357=CARTESIAN_POINT('',(-0.0422181916938751,0.00472813900995097,-0.00430825528561052));
#358=CARTESIAN_POINT('',(-0.0422261807362646,0.0195169788659814,-0.00443749971063145));
#359=CARTESIAN_POINT('',(-0.0422261807362646,0.00472813900995491,-0.00443749971063145));
#360=CARTESIAN_POINT('',(-0.0422516767727476,0.0195169788659775,-0.00455656645844503));
#361=CARTESIAN_POINT('',(-0.0422516767727476,0.00472813900995097,-0.00455656645844503));
#362=CARTESIAN_POINT('',(-0.0422811106806037,0.0195169788659785,-0.00467705199609518));
#363=CARTESIAN_POINT('',(-0.0422811106806038,0.00472813900995205,-0.00467705199609518));
#364=CARTESIAN_POINT('',(-0.0423009854161149,0.0195169788659782,-0.00479767406127387));
#365=CARTESIAN_POINT('',(-0.0423009854161149,0.00472813900995167,-0.00479767406127387));
#366=CARTESIAN_POINT('',(-0.0422906015848083,0.0195169788659786,-0.00492635199886232));
#367=CARTESIAN_POINT('',(-0.0422906015848083,0.00472813900995211,-0.00492635199886232));
#368=CARTESIAN_POINT('',(-0.0421937847758502,0.0195169788659772,-0.00501396899023175));
#369=CARTESIAN_POINT('',(-0.0421937847758502,0.00472813900995069,-0.00501396899023175));
#370=CARTESIAN_POINT('',(-0.0420716288965927,0.0195169788659785,-0.00503775358802997));
#371=CARTESIAN_POINT('',(-0.0420716288965928,0.00472813900995199,-0.00503775358802997));
#372=CARTESIAN_POINT('',(-0.0419501976778773,0.0195169788659786,-0.00504486096105486));
#373=CARTESIAN_POINT('',(-0.0419501976778774,0.00472813900995215,-0.00504486096105486));
#374=CARTESIAN_POINT('',(-0.0418269415934649,0.0195169788659767,-0.00504766691673969));
#375=CARTESIAN_POINT('',(-0.0418269415934649,0.00472813900995021,-0.00504766691673969));
#376=CARTESIAN_POINT('',(-0.0417070418519805,0.0195169788659843,-0.00505709478277524));
#377=CARTESIAN_POINT('',(-0.0417070418519805,0.00472813900995785,-0.00505709478277524));
#378=CARTESIAN_POINT('',(-0.0415857316164315,0.0195169788659767,-0.00510829194516574));
#379=CARTESIAN_POINT('',(-0.0415857316164316,0.00472813900995017,-0.00510829194516574));
#380=CARTESIAN_POINT('',(-0.0415450647216609,0.0195169788659788,-0.00523400076092444));
#381=CARTESIAN_POINT('',(-0.0415450647216609,0.00472813900995231,-0.00523400076092444));
#382=CARTESIAN_POINT('',(-0.0415501928130174,0.0195169788659782,-0.00535739399680393));
#383=CARTESIAN_POINT('',(-0.0415501928130174,0.00472813900995167,-0.00535739399680393));
#384=CARTESIAN_POINT('',(-0.0415624580328843,0.0195169788659783,-0.00548076049107305));
#385=CARTESIAN_POINT('',(-0.0415624580328844,0.00472813900995181,-0.00548076049107305));
#386=CARTESIAN_POINT('',(-0.0415704806058458,0.0195169788659784,-0.00560385248149806));
#387=CARTESIAN_POINT('',(-0.0415704806058459,0.00472813900995189,-0.00560385248149806));
#388=CARTESIAN_POINT('',(-0.0415616502169326,0.019516978865978,-0.0057293251804322));
#389=CARTESIAN_POINT('',(-0.0415616502169327,0.00472813900995147,-0.0057293251804322));
#390=CARTESIAN_POINT('',(-0.0414852831646659,0.0195169788659784,-0.00583599421258458));
#391=CARTESIAN_POINT('',(-0.041485283164666,0.00472813900995189,-0.00583599421258458));
#392=CARTESIAN_POINT('',(-0.0413584127134874,0.0195169788659783,-0.00586120747051124));
#393=CARTESIAN_POINT('',(-0.0413584127134874,0.00472813900995179,-0.00586120747051124));
#394=CARTESIAN_POINT('',(-0.0412365482559745,0.0195169788659783,-0.00585601554702676));
#395=CARTESIAN_POINT('',(-0.0412365482559745,0.00472813900995181,-0.00585601554702676));
#396=CARTESIAN_POINT('',(-0.0411141249693702,0.0195169788659783,-0.00584152673052738));
#397=CARTESIAN_POINT('',(-0.0411141249693703,0.00472813900995181,-0.00584152673052738));
#398=CARTESIAN_POINT('',(-0.0409929125631585,0.0195169788659783,-0.00583087481928212));
#399=CARTESIAN_POINT('',(-0.0409929125631586,0.00472813900995181,-0.00583087481928212));
#400=CARTESIAN_POINT('',(-0.0408660598372482,0.0195169788659783,-0.00583854353337422));
#401=CARTESIAN_POINT('',(-0.0408660598372483,0.00472813900995181,-0.00583854353337422));
#402=CARTESIAN_POINT('',(-0.0407735669478234,0.0195169788659783,-0.00593022937725205));
#403=CARTESIAN_POINT('',(-0.0407735669478235,0.00472813900995179,-0.00593022937725205));
#404=CARTESIAN_POINT('',(-0.0407526826379026,0.0195169788659783,-0.00605372820045571));
#405=CARTESIAN_POINT('',(-0.0407526826379027,0.00472813900995181,-0.00605372820045571));
#406=CARTESIAN_POINT('',(-0.0407453964145955,0.0195169788659783,-0.00617480881750987));
#407=CARTESIAN_POINT('',(-0.0407453964145956,0.00472813900995181,-0.00617480881750987));
#408=CARTESIAN_POINT('',(-0.0407398511258066,0.0195169788659782,-0.00629751838968867));
#409=CARTESIAN_POINT('',(-0.0407398511258066,0.00472813900995175,-0.00629751838968867));
#410=CARTESIAN_POINT('',(-0.0407241643116795,0.0195169788659783,-0.00641648721812569));
#411=CARTESIAN_POINT('',(-0.0407241643116796,0.00472813900995181,-0.00641648721812569));
#412=CARTESIAN_POINT('',(-0.0406706523375046,0.0195169788659783,-0.00653558398103913));
#413=CARTESIAN_POINT('',(-0.0406706523375047,0.00472813900995179,-0.00653558398103913));
#414=CARTESIAN_POINT('',(-0.0405470774414018,0.0195169788659783,-0.00658103924441424));
#415=CARTESIAN_POINT('',(-0.0405470774414018,0.00472813900995181,-0.00658103924441424));
#416=CARTESIAN_POINT('',(-0.0404235707100185,0.0195169788659782,-0.0065664308350261));
#417=CARTESIAN_POINT('',(-0.0404235707100186,0.00472813900995175,-0.0065664308350261));
#418=CARTESIAN_POINT('',(-0.040303658534664,0.0195169788659782,-0.00653797848857633));
#419=CARTESIAN_POINT('',(-0.0403036585346641,0.00472813900995169,-0.00653797848857633));
#420=CARTESIAN_POINT('',(-0.0401842128159617,0.0195169788659788,-0.00650727623458476));
#421=CARTESIAN_POINT('',(-0.0401842128159618,0.00472813900995229,-0.00650727623458476));
#422=CARTESIAN_POINT('',(-0.0400626545859196,0.0195169788659782,-0.00648463313472042));
#423=CARTESIAN_POINT('',(-0.0400626545859197,0.00472813900995169,-0.00648463313472042));
#424=CARTESIAN_POINT('',(-0.0399349912058717,0.0195169788659783,-0.00651725869890061));
#425=CARTESIAN_POINT('',(-0.0399349912058717,0.00472813900995181,-0.00651725869890061));
#426=CARTESIAN_POINT('',(-0.0398744093906923,0.0195169788659784,-0.0066332046844625));
#427=CARTESIAN_POINT('',(-0.0398744093906923,0.00472813900995189,-0.0066332046844625));
#428=CARTESIAN_POINT('',(-0.0398472256393136,0.0195169788659779,-0.0067516746560118));
#429=CARTESIAN_POINT('',(-0.0398472256393136,0.00472813900995143,-0.0067516746560118));
#430=CARTESIAN_POINT('',(-0.039825513071126,0.0195169788659797,-0.00687309300630519));
#431=CARTESIAN_POINT('',(-0.0398255130711261,0.00472813900995319,-0.00687309300630519));
#432=CARTESIAN_POINT('',(-0.039797938066556,0.0195169788659731,-0.00699175503794632));
#433=CARTESIAN_POINT('',(-0.039797938066556,0.00472813900994663,-0.00699175503794632));
#434=CARTESIAN_POINT('',(-0.0397507134354529,0.0195169788659795,-0.00710793896670238));
#435=CARTESIAN_POINT('',(-0.039750713435453,0.00472813900995301,-0.00710793896670238));
#436=CARTESIAN_POINT('',(-0.0396398661630718,0.019516978865978,-0.00717786860979989));
#437=CARTESIAN_POINT('',(-0.0396398661630719,0.00472813900995147,-0.00717786860979989));
#438=CARTESIAN_POINT('',(-0.0395135147568873,0.0195169788659784,-0.00716033911864695));
#439=CARTESIAN_POINT('',(-0.0395135147568874,0.00472813900995189,-0.00716033911864695));
#440=CARTESIAN_POINT('',(-0.0393987326936081,0.0195169788659783,-0.00712056049299077));
#441=CARTESIAN_POINT('',(-0.0393987326936081,0.00472813900995179,-0.00712056049299077));
#442=CARTESIAN_POINT('',(-0.0392846935065078,0.0195169788659783,-0.00707245668421318));
#443=CARTESIAN_POINT('',(-0.0392846935065079,0.00472813900995179,-0.00707245668421318));
#444=CARTESIAN_POINT('',(-0.0391715851910219,0.0195169788659783,-0.00702997509000501));
#445=CARTESIAN_POINT('',(-0.0391715851910219,0.00472813900995183,-0.00702997509000501));
#446=CARTESIAN_POINT('',(-0.0390441173144743,0.0195169788659782,-0.00700770477990095));
#447=CARTESIAN_POINT('',(-0.0390441173144743,0.00472813900995169,-0.00700770477990095));
#448=CARTESIAN_POINT('',(-0.0389362498200759,0.0195169788659788,-0.0070846387788669));
#449=CARTESIAN_POINT('',(-0.038936249820076,0.00472813900995231,-0.0070846387788669));
#450=CARTESIAN_POINT('',(-0.0388693979916693,0.0195169788659779,-0.0072370770868596));
#451=CARTESIAN_POINT('',(-0.0388693979916693,0.00472813900995143,-0.0072370770868596));
#452=CARTESIAN_POINT('',(-0.0388233823627033,0.0195169788659788,-0.00739352949833697));
#453=CARTESIAN_POINT('',(-0.0388233823627034,0.00472813900995231,-0.00739352949833697));
#454=CARTESIAN_POINT('',(-0.0387549831060124,0.0195169788659773,-0.00754193311832826));
#455=CARTESIAN_POINT('',(-0.0387549831060124,0.00472813900995085,-0.00754193311832826));
#456=CARTESIAN_POINT('',(-0.0386613253668496,0.0195169788659785,-0.00763190433524648));
#457=CARTESIAN_POINT('',(-0.0386613253668497,0.00472813900995203,-0.00763190433524648));
#458=CARTESIAN_POINT('',(-0.0385315368636243,0.0195169788659782,-0.00762680259921251));
#459=CARTESIAN_POINT('',(-0.0385315368636244,0.00472813900995175,-0.00762680259921251));
#460=CARTESIAN_POINT('',(-0.0383839066833542,0.0195169788659783,-0.00756093419090091));
#461=CARTESIAN_POINT('',(-0.0383839066833543,0.00472813900995179,-0.00756093419090091));
#462=CARTESIAN_POINT('',(-0.038246558551343,0.0195169788659785,-0.00747315544013408));
#463=CARTESIAN_POINT('',(-0.038246558551343,0.00472813900995197,-0.00747315544013408));
#464=CARTESIAN_POINT('',(-0.0380982880933781,0.0195169788659783,-0.00740236329602675));
#465=CARTESIAN_POINT('',(-0.0380982880933781,0.00472813900995179,-0.00740236329602675));
#466=CARTESIAN_POINT('',(-0.0379688328110696,0.0195169788659783,-0.00740845964754977));
#467=CARTESIAN_POINT('',(-0.0379688328110697,0.00472813900995179,-0.00740845964754977));
#468=CARTESIAN_POINT('',(-0.0378841916192011,0.0195169788659783,-0.00750486211530932));
#469=CARTESIAN_POINT('',(-0.0378841916192011,0.00472813900995183,-0.00750486211530932));
#470=CARTESIAN_POINT('',(-0.0378261375582435,0.0195169788659785,-0.00761078271208849));
#471=CARTESIAN_POINT('',(-0.0378261375582435,0.00472813900995203,-0.00761078271208849));
#472=CARTESIAN_POINT('',(-0.0377722078859711,0.0195169788659773,-0.00772080879228087));
#473=CARTESIAN_POINT('',(-0.0377722078859712,0.00472813900995079,-0.00772080879228087));
#474=CARTESIAN_POINT('',(-0.0377127389748739,0.019516978865982,-0.00782651921603013));
#475=CARTESIAN_POINT('',(-0.037712738974874,0.00472813900995555,-0.00782651921603013));
#476=CARTESIAN_POINT('',(-0.0376330775242232,0.0195169788659643,-0.00792410628720769));
#477=CARTESIAN_POINT('',(-0.0376330775242232,0.00472813900993779,-0.00792410628720769));
#478=CARTESIAN_POINT('',(-0.0375072348724126,0.019516978865982,-0.00795500369979559));
#479=CARTESIAN_POINT('',(-0.0375072348724127,0.00472813900995555,-0.00795500369979559));
#480=CARTESIAN_POINT('',(-0.0373927371023369,0.0195169788659773,-0.00790241858643276));
#481=CARTESIAN_POINT('',(-0.0373927371023369,0.00472813900995079,-0.00790241858643276));
#482=CARTESIAN_POINT('',(-0.0372941775106959,0.0195169788659786,-0.00783269288181907));
#483=CARTESIAN_POINT('',(-0.037294177510696,0.00472813900995213,-0.00783269288181907));
#484=CARTESIAN_POINT('',(-0.0371988332257643,0.019516978865978,-0.00775576304777004));
#485=CARTESIAN_POINT('',(-0.0371988332257643,0.00472813900995149,-0.00775576304777004));
#486=CARTESIAN_POINT('',(-0.0371015211243148,0.0195169788659791,-0.00768389491665509));
#487=CARTESIAN_POINT('',(-0.0371015211243148,0.00472813900995263,-0.00768389491665509));
#488=CARTESIAN_POINT('',(-0.0369870565091674,0.0195169788659781,-0.00762914986543566));
#489=CARTESIAN_POINT('',(-0.0369870565091675,0.00472813900995159,-0.00762914986543566));
#490=CARTESIAN_POINT('',(-0.0368638835674289,0.0195169788659783,-0.00767174977266201));
#491=CARTESIAN_POINT('',(-0.0368638835674289,0.00472813900995185,-0.00767174977266201));
#492=CARTESIAN_POINT('',(-0.0367845336862851,0.0195169788659783,-0.00776629522809582));
#493=CARTESIAN_POINT('',(-0.0367845336862852,0.00472813900995179,-0.00776629522809582));
#494=CARTESIAN_POINT('',(-0.036714606544553,0.0195169788659783,-0.00786583724279317));
#495=CARTESIAN_POINT('',(-0.0367146065445531,0.00472813900995179,-0.00786583724279317));
#496=CARTESIAN_POINT('',(-0.0366446589130283,0.0195169788659783,-0.0079660851568989));
#497=CARTESIAN_POINT('',(-0.0366446589130284,0.00472813900995179,-0.0079660851568989));
#498=CARTESIAN_POINT('',(-0.0365657571142285,0.0195169788659783,-0.00805850573642142));
#499=CARTESIAN_POINT('',(-0.0365657571142286,0.00472813900995179,-0.00805850573642142));
#500=CARTESIAN_POINT('',(-0.0364535762388559,0.0195169788659783,-0.00812216399895629));
#501=CARTESIAN_POINT('',(-0.0364535762388559,0.00472813900995179,-0.00812216399895629));
#502=CARTESIAN_POINT('',(-0.03632975090956,0.0195169788659783,-0.0080863396633586));
#503=CARTESIAN_POINT('',(-0.0363297509095601,0.00472813900995179,-0.0080863396633586));
#504=CARTESIAN_POINT('',(-0.0362361746539654,0.0195169788659783,-0.0080093912682579));
#505=CARTESIAN_POINT('',(-0.0362361746539655,0.00472813900995179,-0.0080093912682579));
#506=CARTESIAN_POINT('',(-0.036151696432771,0.0195169788659783,-0.00792316415975782));
#507=CARTESIAN_POINT('',(-0.036151696432771,0.00472813900995181,-0.00792316415975782));
#508=CARTESIAN_POINT('',(-0.0360680691587239,0.0195169788659782,-0.00783557182794661));
#509=CARTESIAN_POINT('',(-0.0360680691587239,0.00472813900995173,-0.00783557182794661));
#510=CARTESIAN_POINT('',(-0.0359785376452973,0.0195169788659785,-0.0077544106981891));
#511=CARTESIAN_POINT('',(-0.0359785376452973,0.00472813900995199,-0.0077544106981891));
#512=CARTESIAN_POINT('',(-0.0358561531694539,0.0195169788659776,-0.00771500184016021));
#513=CARTESIAN_POINT('',(-0.0358561531694539,0.00472813900995109,-0.00771500184016021));
#514=CARTESIAN_POINT('',(-0.0357445482852126,0.019516978865981,-0.00777811308350301));
#515=CARTESIAN_POINT('',(-0.0357445482852126,0.00472813900995449,-0.00777811308350301));
#516=CARTESIAN_POINT('',(-0.0356593744144941,0.0195169788659776,-0.00786266191494464));
#517=CARTESIAN_POINT('',(-0.0356593744144941,0.00472813900995109,-0.00786266191494464));
#518=CARTESIAN_POINT('',(-0.0355776710441931,0.0195169788659784,-0.00795282475693146));
#519=CARTESIAN_POINT('',(-0.0355776710441931,0.00472813900995191,-0.00795282475693146));
#520=CARTESIAN_POINT('',(-0.0354929118344975,0.0195169788659785,-0.00803850420202067));
#521=CARTESIAN_POINT('',(-0.0354929118344975,0.00472813900995201,-0.00803850420202067));
#522=CARTESIAN_POINT('',(-0.0353936199100556,0.0195169788659773,-0.00811314895232571));
#523=CARTESIAN_POINT('',(-0.0353936199100556,0.00472813900995081,-0.00811314895232571));
#524=CARTESIAN_POINT('',(-0.0352656947376253,0.0195169788659801,-0.00812299062981366));
#525=CARTESIAN_POINT('',(-0.0352656947376254,0.00472813900995365,-0.00812299062981366));
#526=CARTESIAN_POINT('',(-0.0351649091750674,0.0195169788659718,-0.00804638009450341));
#527=CARTESIAN_POINT('',(-0.0351649091750675,0.00472813900994531,-0.00804638009450341));
#528=CARTESIAN_POINT('',(-0.0350886211706813,0.0195169788659801,-0.00795424164607411));
#529=CARTESIAN_POINT('',(-0.0350886211706814,0.00472813900995363,-0.00795424164607411));
#530=CARTESIAN_POINT('',(-0.0350183267382131,0.0195169788659775,-0.0078548507410266));
#531=CARTESIAN_POINT('',(-0.0350183267382131,0.00472813900995097,-0.0078548507410266));
#532=CARTESIAN_POINT('',(-0.034946173012779,0.0195169788659804,-0.00775884897276573));
#533=CARTESIAN_POINT('',(-0.0349461730127791,0.00472813900995395,-0.00775884897276573));
#534=CARTESIAN_POINT('',(-0.0348583073493068,0.0195169788659778,-0.00767019479159687));
#535=CARTESIAN_POINT('',(-0.0348583073493069,0.00472813900995131,-0.00767019479159687));
#536=CARTESIAN_POINT('',(-0.0347305276284552,0.0195169788659781,-0.00765671255242535));
#537=CARTESIAN_POINT('',(-0.0347305276284553,0.00472813900995159,-0.00765671255242535));
#538=CARTESIAN_POINT('',(-0.0346243378991452,0.0195169788659796,-0.00772123740260764));
#539=CARTESIAN_POINT('',(-0.0346243378991452,0.00472813900995307,-0.00772123740260764));
#540=CARTESIAN_POINT('',(-0.0345306182307739,0.0195169788659778,-0.00779511904731259));
#541=CARTESIAN_POINT('',(-0.034530618230774,0.00472813900995129,-0.00779511904731259));
#542=CARTESIAN_POINT('',(-0.0344375631606599,0.0195169788659791,-0.00787226744060651));
#543=CARTESIAN_POINT('',(-0.03443756316066,0.00472813900995259,-0.00787226744060651));
#544=CARTESIAN_POINT('',(-0.0343397503368523,0.0195169788659746,-0.00794089650367084));
#545=CARTESIAN_POINT('',(-0.0343397503368523,0.00472813900994809,-0.00794089650367084));
#546=CARTESIAN_POINT('',(-0.0342227732222702,0.0195169788659793,-0.00798639986385649));
#547=CARTESIAN_POINT('',(-0.0342227732222702,0.00472813900995279,-0.00798639986385649));
#548=CARTESIAN_POINT('',(-0.0341035472939524,0.019516978865978,-0.00794118361060889));
#549=CARTESIAN_POINT('',(-0.0341035472939524,0.00472813900995153,-0.00794118361060889));
#550=CARTESIAN_POINT('',(-0.0340287449628582,0.0195169788659783,-0.00784472326258127));
#551=CARTESIAN_POINT('',(-0.0340287449628582,0.00472813900995179,-0.00784472326258127));
#552=CARTESIAN_POINT('',(-0.033969890883654,0.0195169788659784,-0.00774167358874816));
#553=CARTESIAN_POINT('',(-0.033969890883654,0.00472813900995187,-0.00774167358874816));
#554=CARTESIAN_POINT('',(-0.0339151834004004,0.019516978865978,-0.007635014214242));
#555=CARTESIAN_POINT('',(-0.0339151834004004,0.00472813900995149,-0.007635014214242));
#556=CARTESIAN_POINT('',(-0.0338558116613823,0.0195169788659832,-0.00753301893620454));
#557=CARTESIAN_POINT('',(-0.0338558116613823,0.00472813900995669,-0.00753301893620454));
#558=CARTESIAN_POINT('',(-0.0337684851337786,0.0195169788659771,-0.00744285726830361));
#559=CARTESIAN_POINT('',(-0.0337684851337787,0.00472813900995065,-0.00744285726830361));
#560=CARTESIAN_POINT('',(-0.0336420228108825,0.019516978865978,-0.00744283772051624));
#561=CARTESIAN_POINT('',(-0.0336420228108826,0.00472813900995151,-0.00744283772051624));
#562=CARTESIAN_POINT('',(-0.0334994780114829,0.0195169788659815,-0.00751359744333771));
#563=CARTESIAN_POINT('',(-0.0334994780114829,0.00472813900995503,-0.00751359744333771));
#564=CARTESIAN_POINT('',(-0.0333669475909716,0.0195169788659773,-0.00760145819059594));
#565=CARTESIAN_POINT('',(-0.0333669475909717,0.00472813900995083,-0.00760145819059594));
#566=CARTESIAN_POINT('',(-0.0332254567493697,0.0195169788659785,-0.0076689940780818));
#567=CARTESIAN_POINT('',(-0.0332254567493698,0.00472813900995199,-0.0076689940780818));
#568=CARTESIAN_POINT('',(-0.0330998133433071,0.0195169788659782,-0.00768416595990721));
#569=CARTESIAN_POINT('',(-0.0330998133433072,0.00472813900995171,-0.00768416595990721));
#570=CARTESIAN_POINT('',(-0.032999514244939,0.0195169788659784,-0.00760575407812511));
#571=CARTESIAN_POINT('',(-0.0329995142449391,0.00472813900995195,-0.00760575407812511));
#572=CARTESIAN_POINT('',(-0.0329261503550677,0.0195169788659775,-0.00746326280984125));
#573=CARTESIAN_POINT('',(-0.0329261503550678,0.00472813900995101,-0.00746326280984125));
#574=CARTESIAN_POINT('',(-0.0328777058963225,0.0195169788659799,-0.00731042300093654));
#575=CARTESIAN_POINT('',(-0.0328777058963226,0.00472813900995341,-0.00731042300093654));
#576=CARTESIAN_POINT('',(-0.0328156195052487,0.019516978865978,-0.00716521881002404));
#577=CARTESIAN_POINT('',(-0.0328156195052488,0.00472813900995149,-0.00716521881002404));
#578=CARTESIAN_POINT('',(-0.0327261972462418,0.0195169788659784,-0.00707206924018284));
#579=CARTESIAN_POINT('',(-0.0327261972462419,0.00472813900995187,-0.00707206924018284));
#580=CARTESIAN_POINT('',(-0.0325976192483823,0.0195169788659783,-0.00707676664956162));
#581=CARTESIAN_POINT('',(-0.0325976192483823,0.00472813900995177,-0.00707676664956162));
#582=CARTESIAN_POINT('',(-0.032447070065403,0.0195169788659783,-0.0071324636872371));
#583=CARTESIAN_POINT('',(-0.032447070065403,0.00472813900995183,-0.0071324636872371));
#584=CARTESIAN_POINT('',(-0.0323009373131513,0.0195169788659782,-0.0072020238116582));
#585=CARTESIAN_POINT('',(-0.0323009373131514,0.00472813900995169,-0.0072020238116582));
#586=CARTESIAN_POINT('',(-0.0321422877744382,0.0195169788659783,-0.00724271911331587));
#587=CARTESIAN_POINT('',(-0.0321422877744382,0.00472813900995181,-0.00724271911331587));
#588=CARTESIAN_POINT('',(-0.0320175312780643,0.0195169788659783,-0.00720928609139926));
#589=CARTESIAN_POINT('',(-0.0320175312780644,0.00472813900995181,-0.00720928609139926));
#590=CARTESIAN_POINT('',(-0.0319512017245787,0.0195169788659781,-0.00709985127588721));
#591=CARTESIAN_POINT('',(-0.0319512017245787,0.00472813900995165,-0.00709985127588721));
#592=CARTESIAN_POINT('',(-0.0319179416033489,0.0195169788659788,-0.00698536362004799));
#593=CARTESIAN_POINT('',(-0.0319179416033489,0.00472813900995229,-0.00698536362004799));
#594=CARTESIAN_POINT('',(-0.031893763065587,0.0195169788659764,-0.00686608541597239));
#595=CARTESIAN_POINT('',(-0.0318937630655871,0.00472813900994995,-0.00686608541597239));
#596=CARTESIAN_POINT('',(-0.0318676100210245,0.0195169788659851,-0.00674895489976764));
#597=CARTESIAN_POINT('',(-0.0318676100210246,0.00472813900995863,-0.00674895489976764));
#598=CARTESIAN_POINT('',(-0.0318268798227023,0.0195169788659765,-0.00663167035224393));
#599=CARTESIAN_POINT('',(-0.0318268798227024,0.00472813900994997,-0.00663167035224393));
#600=CARTESIAN_POINT('',(-0.0317215008328387,0.0195169788659787,-0.00655828544244588));
#601=CARTESIAN_POINT('',(-0.0317215008328388,0.00472813900995225,-0.00655828544244588));
#602=CARTESIAN_POINT('',(-0.0315966048274692,0.0195169788659782,-0.00657046359223531));
#603=CARTESIAN_POINT('',(-0.0315966048274693,0.00472813900995175,-0.00657046359223531));
#604=CARTESIAN_POINT('',(-0.0314808915898225,0.0195169788659782,-0.0065991833968416));
#605=CARTESIAN_POINT('',(-0.0314808915898226,0.00472813900995175,-0.0065991833968416));
#606=CARTESIAN_POINT('',(-0.0313644715786703,0.0195169788659784,-0.00663212659784728));
#607=CARTESIAN_POINT('',(-0.0313644715786704,0.00472813900995195,-0.00663212659784728));
#608=CARTESIAN_POINT('',(-0.0312472339519902,0.0195169788659776,-0.0066562272548232));
#609=CARTESIAN_POINT('',(-0.0312472339519903,0.00472813900995115,-0.0066562272548232));
#610=CARTESIAN_POINT('',(-0.0311224886437577,0.0195169788659784,-0.00665519540203741));
#611=CARTESIAN_POINT('',(-0.0311224886437578,0.00472813900995195,-0.00665519540203741));
#612=CARTESIAN_POINT('',(-0.0310254722536041,0.0195169788659783,-0.00657217350284738));
#613=CARTESIAN_POINT('',(-0.0310254722536041,0.00472813900995177,-0.00657217350284738));
#614=CARTESIAN_POINT('',(-0.0309932895103513,0.0195169788659783,-0.00645344474268806));
#615=CARTESIAN_POINT('',(-0.0309932895103514,0.00472813900995177,-0.00645344474268806));
#616=CARTESIAN_POINT('',(-0.0309804848951131,0.0195169788659784,-0.00633542842409527));
#617=CARTESIAN_POINT('',(-0.0309804848951131,0.00472813900995191,-0.00633542842409527));
#618=CARTESIAN_POINT('',(-0.0309739834812309,0.0195169788659778,-0.00621558730361245));
#619=CARTESIAN_POINT('',(-0.0309739834812309,0.00472813900995131,-0.00621558730361245));
#620=CARTESIAN_POINT('',(-0.0309619324432861,0.01951697886598,-0.00609793330409823));
#621=CARTESIAN_POINT('',(-0.0309619324432861,0.00472813900995353,-0.00609793330409823));
#622=CARTESIAN_POINT('',(-0.030923940789103,0.0195169788659778,-0.00597891983157817));
#623=CARTESIAN_POINT('',(-0.0309239407891031,0.00472813900995133,-0.00597891983157817));
#624=CARTESIAN_POINT('',(-0.030812036686157,0.0195169788659783,-0.005919650355285));
#625=CARTESIAN_POINT('',(-0.030812036686157,0.00472813900995181,-0.005919650355285));
#626=CARTESIAN_POINT('',(-0.0306918053399927,0.0195169788659786,-0.00592314159132468));
#627=CARTESIAN_POINT('',(-0.0306918053399928,0.00472813900995213,-0.00592314159132468));
#628=CARTESIAN_POINT('',(-0.0305741957297214,0.0195169788659782,-0.00593720311753209));
#629=CARTESIAN_POINT('',(-0.0305741957297215,0.00472813900995173,-0.00593720311753209));
#630=CARTESIAN_POINT('',(-0.0304557304106172,0.0195169788659782,-0.00595223924534638));
#631=CARTESIAN_POINT('',(-0.0304557304106172,0.00472813900995169,-0.00595223924534638));
#632=CARTESIAN_POINT('',(-0.0303390097881183,0.0195169788659783,-0.005956489397208));
#633=CARTESIAN_POINT('',(-0.0303390097881183,0.00472813900995181,-0.005956489397208));
#634=CARTESIAN_POINT('',(-0.0302161951305136,0.0195169788659783,-0.00592470604860996));
#635=CARTESIAN_POINT('',(-0.0302161951305136,0.00472813900995179,-0.00592470604860996));
#636=CARTESIAN_POINT('',(-0.0301501404931825,0.0195169788659783,-0.00581500828070057));
#637=CARTESIAN_POINT('',(-0.0301501404931825,0.00472813900995179,-0.00581500828070057));
#638=CARTESIAN_POINT('',(-0.0301417668133011,0.0195169788659783,-0.00569403466500818));
#639=CARTESIAN_POINT('',(-0.0301417668133012,0.00472813900995179,-0.00569403466500818));
#640=CARTESIAN_POINT('',(-0.0301480380403915,0.0195169788659783,-0.00557417352198673));
#641=CARTESIAN_POINT('',(-0.0301480380403916,0.00472813900995179,-0.00557417352198673));
#642=CARTESIAN_POINT('',(-0.0301577700042971,0.0195169788659783,-0.00545411224307122));
#643=CARTESIAN_POINT('',(-0.0301577700042972,0.00472813900995181,-0.00545411224307122));
#644=CARTESIAN_POINT('',(-0.0301600516596007,0.0195169788659783,-0.00533460608087725));
#645=CARTESIAN_POINT('',(-0.0301600516596007,0.00472813900995179,-0.00533460608087725));
#646=CARTESIAN_POINT('',(-0.0301206491,0.0195169788659783,-0.0052131527090799));
#647=CARTESIAN_POINT('',(-0.0301206491000001,0.00472813900995179,-0.0052131527090799));
#648=CARTESIAN_POINT('',(-0.0300046533507431,0.0195169788659783,-0.00516092711436552));
#649=CARTESIAN_POINT('',(-0.0300046533507431,0.00472813900995181,-0.00516092711436552));
#650=CARTESIAN_POINT('',(-0.0298859923578511,0.0195169788659782,-0.00515225800014723));
#651=CARTESIAN_POINT('',(-0.0298859923578512,0.00472813900995169,-0.00515225800014723));
#652=CARTESIAN_POINT('',(-0.0297667895547991,0.0195169788659787,-0.00515129772070931));
#653=CARTESIAN_POINT('',(-0.0297667895547991,0.00472813900995219,-0.00515129772070931));
#654=CARTESIAN_POINT('',(-0.0296478779996953,0.0195169788659769,-0.00514768961584373));
#655=CARTESIAN_POINT('',(-0.0296478779996953,0.00472813900995037,-0.00514768961584373));
#656=CARTESIAN_POINT('',(-0.0295297419551911,0.0195169788659787,-0.00513035709738359));
#657=CARTESIAN_POINT('',(-0.0295297419551911,0.00472813900995219,-0.00513035709738359));
#658=CARTESIAN_POINT('',(-0.0294237309890501,0.0195169788659781,-0.00506252320997232));
#659=CARTESIAN_POINT('',(-0.0294237309890502,0.00472813900995161,-0.00506252320997232));
#660=CARTESIAN_POINT('',(-0.0293959310728516,0.0195169788659783,-0.00494008371130635));
#661=CARTESIAN_POINT('',(-0.0293959310728517,0.00472813900995183,-0.00494008371130635));
#662=CARTESIAN_POINT('',(-0.0294086695409186,0.0195169788659782,-0.00482369320577477));
#663=CARTESIAN_POINT('',(-0.0294086695409187,0.00472813900995175,-0.00482369320577477));
#664=CARTESIAN_POINT('',(-0.0294331331878523,0.0195169788659783,-0.00470755912047033));
#665=CARTESIAN_POINT('',(-0.0294331331878524,0.00472813900995181,-0.00470755912047033));
#666=CARTESIAN_POINT('',(-0.0294580349602734,0.0195169788659782,-0.00459203574495081));
#667=CARTESIAN_POINT('',(-0.0294580349602734,0.00472813900995175,-0.00459203574495081));
#668=CARTESIAN_POINT('',(-0.0294738432714021,0.0195169788659784,-0.0044742601465353));
#669=CARTESIAN_POINT('',(-0.0294738432714022,0.00472813900995189,-0.00447426014653531));
#670=CARTESIAN_POINT('',(-0.0294366942577221,0.0195169788659782,-0.00435462940357913));
#671=CARTESIAN_POINT('',(-0.0294366942577221,0.00472813900995175,-0.00435462940357914));
#672=CARTESIAN_POINT('',(-0.0293254719273362,0.0195169788659783,-0.00429878944203791));
#673=CARTESIAN_POINT('',(-0.0293254719273363,0.00472813900995181,-0.00429878944203792));
#674=CARTESIAN_POINT('',(-0.0292107079183585,0.0195169788659783,-0.00427537083875395));
#675=CARTESIAN_POINT('',(-0.0292107079183585,0.00472813900995179,-0.00427537083875395));
#676=CARTESIAN_POINT('',(-0.0290939116875656,0.0195169788659783,-0.00425853354740625));
#677=CARTESIAN_POINT('',(-0.0290939116875657,0.00472813900995177,-0.00425853354740625));
#678=CARTESIAN_POINT('',(-0.0289776936741401,0.0195169788659783,-0.00423719664709414));
#679=CARTESIAN_POINT('',(-0.0289776936741402,0.00472813900995185,-0.00423719664709414));
#680=CARTESIAN_POINT('',(-0.0288660425247957,0.019516978865978,-0.00420200319379396));
#681=CARTESIAN_POINT('',(-0.0288660425247957,0.00472813900995149,-0.00420200319379397));
#682=CARTESIAN_POINT('',(-0.0287760271753006,0.0195169788659783,-0.00411296817457618));
#683=CARTESIAN_POINT('',(-0.0287760271753007,0.00472813900995179,-0.00411296817457619));
#684=CARTESIAN_POINT('',(-0.0287730117253824,0.0195169788659783,-0.00398774167830143));
#685=CARTESIAN_POINT('',(-0.0287730117253824,0.00472813900995179,-0.00398774167830143));
#686=CARTESIAN_POINT('',(-0.0288033044422619,0.0195169788659782,-0.00387484011845136));
#687=CARTESIAN_POINT('',(-0.028803304442262,0.00472813900995171,-0.00387484011845136));
#688=CARTESIAN_POINT('',(-0.0288443689994068,0.0195169788659783,-0.0037634631227406));
#689=CARTESIAN_POINT('',(-0.0288443689994068,0.00472813900995181,-0.00376346312274061));
#690=CARTESIAN_POINT('',(-0.0288843722728011,0.0195169788659783,-0.00365265988180852));
#691=CARTESIAN_POINT('',(-0.0288843722728012,0.00472813900995179,-0.00365265988180853));
#692=CARTESIAN_POINT('',(-0.0289148790647018,0.0195169788659783,-0.0035366271580475));
#693=CARTESIAN_POINT('',(-0.0289148790647018,0.00472813900995179,-0.00353662715804751));
#694=CARTESIAN_POINT('',(-0.0288841938271489,0.0195169788659783,-0.00341462718546289));
#695=CARTESIAN_POINT('',(-0.0288841938271489,0.00472813900995179,-0.00341462718546289));
#696=CARTESIAN_POINT('',(-0.0287775965648571,0.0195169788659783,-0.00334985196217466));
#697=CARTESIAN_POINT('',(-0.0287775965648572,0.00472813900995179,-0.00334985196217467));
#698=CARTESIAN_POINT('',(-0.0286677219583971,0.0195169788659782,-0.00331204358678797));
#699=CARTESIAN_POINT('',(-0.0286677219583971,0.00472813900995171,-0.00331204358678797));
#700=CARTESIAN_POINT('',(-0.0285541297605016,0.0195169788659785,-0.00327914349820186));
#701=CARTESIAN_POINT('',(-0.0285541297605017,0.00472813900995205,-0.00327914349820186));
#702=CARTESIAN_POINT('',(-0.0284436215299432,0.0195169788659773,-0.00324143038296682));
#703=CARTESIAN_POINT('',(-0.0284436215299433,0.00472813900995081,-0.00324143038296683));
#704=CARTESIAN_POINT('',(-0.0283368078005329,0.0195169788659786,-0.00318666815791167));
#705=CARTESIAN_POINT('',(-0.028336807800533,0.00472813900995209,-0.00318666815791168));
#706=CARTESIAN_POINT('',(-0.0282703871676695,0.0195169788659781,-0.00308208883883985));
#707=CARTESIAN_POINT('',(-0.0282703871676695,0.00472813900995159,-0.00308208883883986));
#708=CARTESIAN_POINT('',(-0.0282899895095613,0.0195169788659783,-0.0029602877160508));
#709=CARTESIAN_POINT('',(-0.0282899895095614,0.00472813900995183,-0.0029602877160508));
#710=CARTESIAN_POINT('',(-0.0283362010068375,0.0195169788659783,-0.00285446424648207));
#711=CARTESIAN_POINT('',(-0.0283362010068376,0.00472813900995177,-0.00285446424648207));
#712=CARTESIAN_POINT('',(-0.0283916645375841,0.0195169788659783,-0.00275198668641475));
#713=CARTESIAN_POINT('',(-0.0283916645375842,0.00472813900995179,-0.00275198668641476));
#714=CARTESIAN_POINT('',(-0.028445532363641,0.0195169788659786,-0.00264897427580141));
#715=CARTESIAN_POINT('',(-0.028445532363641,0.00472813900995213,-0.00264897427580142));
#716=CARTESIAN_POINT('',(-0.0284897130603576,0.0195169788659777,-0.00254193080621742));
#717=CARTESIAN_POINT('',(-0.0284897130603577,0.00472813900995117,-0.00254193080621742));
#718=CARTESIAN_POINT('',(-0.0284758849106554,0.0195169788659814,-0.00241770338809169));
#719=CARTESIAN_POINT('',(-0.0284758849106555,0.00472813900995495,-0.00241770338809169));
#720=CARTESIAN_POINT('',(-0.0283808073395408,0.0195169788659774,-0.00233971028742655));
#721=CARTESIAN_POINT('',(-0.0283808073395409,0.00472813900995093,-0.00233971028742655));
#722=CARTESIAN_POINT('',(-0.028277268993645,0.0195169788659785,-0.0022866887256785));
#723=CARTESIAN_POINT('',(-0.0282772689936451,0.00472813900995201,-0.00228668872567851));
#724=CARTESIAN_POINT('',(-0.0281699527075757,0.0195169788659782,-0.00223863314919248));
#725=CARTESIAN_POINT('',(-0.0281699527075757,0.00472813900995173,-0.00223863314919248));
#726=CARTESIAN_POINT('',(-0.0280655006605583,0.0195169788659783,-0.00218583019823557));
#727=CARTESIAN_POINT('',(-0.0280655006605584,0.00472813900995179,-0.00218583019823558));
#728=CARTESIAN_POINT('',(-0.0279682131525219,0.0195169788659782,-0.00211812917029602));
#729=CARTESIAN_POINT('',(-0.0279682131525219,0.00472813900995169,-0.00211812917029603));
#730=CARTESIAN_POINT('',(-0.0279148262176644,0.0195169788659787,-0.00200601523431602));
#731=CARTESIAN_POINT('',(-0.0279148262176644,0.00472813900995219,-0.00200601523431603));
#732=CARTESIAN_POINT('',(-0.0279496408175067,0.0195169788659767,-0.00188828973596491));
#733=CARTESIAN_POINT('',(-0.0279496408175067,0.00472813900995025,-0.00188828973596492));
#734=CARTESIAN_POINT('',(-0.0280104525831783,0.0195169788659787,-0.00178862770409355));
#735=CARTESIAN_POINT('',(-0.0280104525831783,0.00472813900995219,-0.00178862770409355));
#736=CARTESIAN_POINT('',(-0.0280801415625845,0.0195169788659782,-0.00169409653387373));
#737=CARTESIAN_POINT('',(-0.0280801415625846,0.00472813900995169,-0.00169409653387374));
#738=CARTESIAN_POINT('',(-0.0281482137852761,0.0195169788659783,-0.00159938183544732));
#739=CARTESIAN_POINT('',(-0.0281482137852761,0.00472813900995181,-0.00159938183544733));
#740=CARTESIAN_POINT('',(-0.0282080480981606,0.0195169788659783,-0.00149684458390851));
#741=CARTESIAN_POINT('',(-0.0282080480981606,0.00472813900995177,-0.00149684458390851));
#742=CARTESIAN_POINT('',(-0.0282100449589394,0.0195169788659783,-0.00137286572309053));
#743=CARTESIAN_POINT('',(-0.0282100449589395,0.00472813900995185,-0.00137286572309053));
#744=CARTESIAN_POINT('',(-0.0281265642553969,0.0195169788659783,-0.0012827813093279));
#745=CARTESIAN_POINT('',(-0.028126564255397,0.00472813900995177,-0.0012827813093279));
#746=CARTESIAN_POINT('',(-0.0280325339576576,0.0195169788659783,-0.00121673244669892));
#747=CARTESIAN_POINT('',(-0.0280325339576577,0.00472813900995179,-0.00121673244669892));
#748=CARTESIAN_POINT('',(-0.0279338180588821,0.0195169788659783,-0.00115468579509579));
#749=CARTESIAN_POINT('',(-0.0279338180588822,0.00472813900995179,-0.00115468579509579));
#750=CARTESIAN_POINT('',(-0.0278386688173934,0.0195169788659783,-0.00108872283416023));
#751=CARTESIAN_POINT('',(-0.0278386688173935,0.00472813900995179,-0.00108872283416023));
#752=CARTESIAN_POINT('',(-0.0277524165525767,0.0195169788659783,-0.00100956091221834));
#753=CARTESIAN_POINT('',(-0.0277524165525767,0.00472813900995179,-0.00100956091221834));
#754=CARTESIAN_POINT('',(-0.0277121580211284,0.0195169788659783,-0.000893698050721684));
#755=CARTESIAN_POINT('',(-0.0277121580211285,0.00472813900995179,-0.000893698050721686));
#756=CARTESIAN_POINT('',(-0.0277598064425513,0.0195169788659783,-0.000781715792481769));
#757=CARTESIAN_POINT('',(-0.0277598064425513,0.00472813900995177,-0.000781715792481771));
#758=CARTESIAN_POINT('',(-0.0278312907962526,0.0195169788659783,-0.000692980704608348));
#759=CARTESIAN_POINT('',(-0.0278312907962526,0.00472813900995179,-0.00069298070460835));
#760=CARTESIAN_POINT('',(-0.0279118785467914,0.0195169788659782,-0.000609943108320918));
#761=CARTESIAN_POINT('',(-0.0279118785467915,0.00472813900995175,-0.00060994310832092));
#762=CARTESIAN_POINT('',(-0.0279921611032667,0.0195169788659783,-0.000526670540277859));
#763=CARTESIAN_POINT('',(-0.0279921611032667,0.00472813900995181,-0.000526670540277861));
#764=CARTESIAN_POINT('',(-0.0280646616421207,0.0195169788659783,-0.000438594065246067));
#765=CARTESIAN_POINT('',(-0.0280646616421207,0.00472813900995181,-0.000438594065246068));
#766=CARTESIAN_POINT('',(-0.0280970183600883,0.0195169788659783,-0.000318466098334345));
#767=CARTESIAN_POINT('',(-0.0280970183600884,0.00472813900995185,-0.000318466098334346));
#768=CARTESIAN_POINT('',(-0.0280338432577178,0.0195169788659783,-0.000212955365694147));
#769=CARTESIAN_POINT('',(-0.0280338432577179,0.00472813900995177,-0.000212955365694148));
#770=CARTESIAN_POINT('',(-0.0279503065029114,0.0195169788659783,-0.000132966954671216));
#771=CARTESIAN_POINT('',(-0.0279503065029115,0.00472813900995179,-0.000132966954671217));
#772=CARTESIAN_POINT('',(-0.0278614530360105,0.0195169788659783,-5.76778393213246E-5));
#773=CARTESIAN_POINT('',(-0.0278614530360106,0.00472813900995179,-5.76778393213263E-5));
#774=CARTESIAN_POINT('',(-0.027775135842762,0.0195169788659783,2.02707207540104E-5));
#775=CARTESIAN_POINT('',(-0.0277751358427621,0.00472813900995179,2.02707207540087E-5));
#776=CARTESIAN_POINT('',(-0.0276988584191667,0.0195169788659783,0.000107970912691413));
#777=CARTESIAN_POINT('',(-0.0276988584191667,0.00472813900995183,0.000107970912691411));
#778=CARTESIAN_POINT('',(-0.0276637479817397,0.0195169788659781,0.000225497066077299));
#779=CARTESIAN_POINT('',(-0.0276637479817397,0.00472813900995161,0.000225497066077298));
#780=CARTESIAN_POINT('',(-0.027719210060456,0.0195169788659789,0.000334727964445749));
#781=CARTESIAN_POINT('',(-0.027719210060456,0.00472813900995241,0.000334727964445747));
#782=CARTESIAN_POINT('',(-0.0278024810665662,0.0195169788659759,0.000415317919020627));
#783=CARTESIAN_POINT('',(-0.0278024810665663,0.00472813900994945,0.000415317919020625));
#784=CARTESIAN_POINT('',(-0.0278935381478709,0.0195169788659789,0.000487044790133881));
#785=CARTESIAN_POINT('',(-0.027893538147871,0.00472813900995241,0.000487044790133879));
#786=CARTESIAN_POINT('',(-0.0279853995465514,0.0195169788659781,0.000558119899217568));
#787=CARTESIAN_POINT('',(-0.0279853995465514,0.00472813900995159,0.000558119899217566));
#788=CARTESIAN_POINT('',(-0.028071008327215,0.0195169788659784,0.000634488782036434));
#789=CARTESIAN_POINT('',(-0.028071008327215,0.00472813900995189,0.000634488782036432));
#790=CARTESIAN_POINT('',(-0.0281279857801836,0.0195169788659782,0.000745926240286147));
#791=CARTESIAN_POINT('',(-0.0281279857801837,0.00472813900995175,0.000745926240286145));
#792=CARTESIAN_POINT('',(-0.0280854372881006,0.0195169788659783,0.000863078911125037));
#793=CARTESIAN_POINT('',(-0.0280854372881007,0.00472813900995181,0.000863078911125035));
#794=CARTESIAN_POINT('',(-0.0280145983854657,0.0195169788659783,0.000954211561810268));
#795=CARTESIAN_POINT('',(-0.0280145983854657,0.00472813900995179,0.000954211561810266));
#796=CARTESIAN_POINT('',(-0.0279364675276136,0.0195169788659783,0.00104227550895049));
#797=CARTESIAN_POINT('',(-0.0279364675276137,0.00472813900995179,0.00104227550895049));
#798=CARTESIAN_POINT('',(-0.027861094144989,0.0195169788659783,0.00113147208448037));
#799=CARTESIAN_POINT('',(-0.0278610941449891,0.00472813900995183,0.00113147208448037));
#800=CARTESIAN_POINT('',(-0.0277952451431368,0.0195169788659782,0.00122914120259798));
#801=CARTESIAN_POINT('',(-0.0277952451431368,0.00472813900995169,0.00122914120259798));
#802=CARTESIAN_POINT('',(-0.0277728126212653,0.0195169788659786,0.00135488928114674));
#803=CARTESIAN_POINT('',(-0.0277728126212654,0.00472813900995211,0.00135488928114674));
#804=CARTESIAN_POINT('',(-0.0278456312751761,0.019516978865977,0.00145860958990796));
#805=CARTESIAN_POINT('',(-0.0278456312751762,0.00472813900995055,0.00145860958990796));
#806=CARTESIAN_POINT('',(-0.0279427577693906,0.0195169788659786,0.00152823619183034));
#807=CARTESIAN_POINT('',(-0.0279427577693907,0.00472813900995211,0.00152823619183033));
#808=CARTESIAN_POINT('',(-0.0280461786938853,0.0195169788659782,0.00158794448400894));
#809=CARTESIAN_POINT('',(-0.0280461786938853,0.00472813900995169,0.00158794448400893));
#810=CARTESIAN_POINT('',(-0.0281494767041361,0.0195169788659783,0.00164740595282619));
#811=CARTESIAN_POINT('',(-0.0281494767041361,0.00472813900995185,0.00164740595282619));
#812=CARTESIAN_POINT('',(-0.0282483164934714,0.0195169788659783,0.00171565891385167));
#813=CARTESIAN_POINT('',(-0.0282483164934714,0.00472813900995179,0.00171565891385167));
#814=CARTESIAN_POINT('',(-0.0283088438199987,0.0195169788659782,0.00182644364843743));
#815=CARTESIAN_POINT('',(-0.0283088438199987,0.00472813900995171,0.00182644364843743));
#816=CARTESIAN_POINT('',(-0.0282721568698154,0.0195169788659786,0.00194614406941093));
#817=CARTESIAN_POINT('',(-0.0282721568698154,0.00472813900995211,0.00194614406941093));
#818=CARTESIAN_POINT('',(-0.028211662831461,0.0195169788659782,0.00204764122916403));
#819=CARTESIAN_POINT('',(-0.028211662831461,0.00472813900995169,0.00204764122916403));
#820=CARTESIAN_POINT('',(-0.0281445239337445,0.0195169788659783,0.00214760648514172));
#821=CARTESIAN_POINT('',(-0.0281445239337446,0.00472813900995179,0.00214760648514172));
#822=CARTESIAN_POINT('',(-0.0280833813809874,0.0195169788659783,0.00224898797553965));
#823=CARTESIAN_POINT('',(-0.0280833813809874,0.00472813900995181,0.00224898797553965));
#824=CARTESIAN_POINT('',(-0.0280341417802803,0.0195169788659782,0.00236172825457547));
#825=CARTESIAN_POINT('',(-0.0280341417802804,0.00472813900995167,0.00236172825457546));
#826=CARTESIAN_POINT('',(-0.0280572599581833,0.0195169788659787,0.00249434651681401));
#827=CARTESIAN_POINT('',(-0.0280572599581834,0.00472813900995221,0.00249434651681401));
#828=CARTESIAN_POINT('',(-0.0281617182196648,0.0195169788659767,0.00257348415647134));
#829=CARTESIAN_POINT('',(-0.0281617182196648,0.00472813900995019,0.00257348415647133));
#830=CARTESIAN_POINT('',(-0.028273217152816,0.0195169788659787,0.00262556053758557));
#831=CARTESIAN_POINT('',(-0.0282732171528161,0.00472813900995221,0.00262556053758556));
#832=CARTESIAN_POINT('',(-0.0283906960640578,0.0195169788659782,0.00267102522932175));
#833=CARTESIAN_POINT('',(-0.0283906960640578,0.00472813900995169,0.00267102522932174));
#834=CARTESIAN_POINT('',(-0.0285036869173866,0.0195169788659783,0.00271970452911442));
#835=CARTESIAN_POINT('',(-0.0285036869173867,0.00472813900995179,0.00271970452911441));
#836=CARTESIAN_POINT('',(-0.028612325422267,0.0195169788659783,0.00279433716076));
#837=CARTESIAN_POINT('',(-0.028612325422267,0.00472813900995179,0.00279433716075999));
#838=CARTESIAN_POINT('',(-0.0286332825265727,0.0195169788659783,0.00292683930237623));
#839=CARTESIAN_POINT('',(-0.0286332825265728,0.00472813900995179,0.00292683930237623));
#840=CARTESIAN_POINT('',(-0.0285737257471521,0.0195169788659783,0.00308342889379392));
#841=CARTESIAN_POINT('',(-0.0285737257471521,0.00472813900995181,0.00308342889379392));
#842=CARTESIAN_POINT('',(-0.0284969108266205,0.0195169788659783,0.0032312070275736));
#843=CARTESIAN_POINT('',(-0.0284969108266205,0.00472813900995179,0.0032312070275736));
#844=CARTESIAN_POINT('',(-0.0284427925750921,0.0195169788659783,0.00339022747098341));
#845=CARTESIAN_POINT('',(-0.0284427925750921,0.00472813900995179,0.00339022747098341));
#846=CARTESIAN_POINT('',(-0.0284607689696866,0.0195169788659783,0.00352633623159105));
#847=CARTESIAN_POINT('',(-0.0284607689696866,0.00472813900995179,0.00352633623159105));
#848=CARTESIAN_POINT('',(-0.028571749109627,0.0195169788659783,0.00360425256369903));
#849=CARTESIAN_POINT('',(-0.028571749109627,0.00472813900995179,0.00360425256369902));
#850=CARTESIAN_POINT('',(-0.0286924510678409,0.0195169788659783,0.00364336420405835));
#851=CARTESIAN_POINT('',(-0.028692451067841,0.00472813900995179,0.00364336420405835));
#852=CARTESIAN_POINT('',(-0.0288166695113193,0.0195169788659783,0.00367299473711166));
#853=CARTESIAN_POINT('',(-0.0288166695113193,0.00472813900995179,0.00367299473711165));
#854=CARTESIAN_POINT('',(-0.0289394268929571,0.0195169788659783,0.00370491981075029));
#855=CARTESIAN_POINT('',(-0.0289394268929571,0.00472813900995179,0.00370491981075029));
#856=CARTESIAN_POINT('',(-0.0290382195384539,0.0195169788659783,0.00374990264479947));
#857=CARTESIAN_POINT('',(-0.0290382195384539,0.00472813900995179,0.00374990264479947));
#858=CARTESIAN_POINT('',(-0.0290894257121355,0.0195169788659783,0.00382010742575582));
#859=CARTESIAN_POINT('',(-0.0290894257121356,0.00472813900995179,0.00382010742575581));
#860=CARTESIAN_POINT('',(-0.0291055151025926,0.0195169788659782,0.00390525015435572));
#861=CARTESIAN_POINT('',(-0.0291055151025927,0.00472813900995175,0.00390525015435572));
#862=CARTESIAN_POINT('',(-0.029085705862756,0.0195169788659786,0.00401004539565166));
#863=CARTESIAN_POINT('',(-0.029085705862756,0.00472813900995213,0.00401004539565165));
#864=CARTESIAN_POINT('',(-0.0290479967617501,0.0195169788659785,0.00413084042017648));
#865=CARTESIAN_POINT('',(-0.0290479967617502,0.00472813900995199,0.00413084042017648));
#866=CARTESIAN_POINT('',(-0.0290113787166447,0.0195169788659772,0.00425237240110884));
#867=CARTESIAN_POINT('',(-0.0290113787166447,0.00472813900995073,0.00425237240110883));
#868=CARTESIAN_POINT('',(-0.0289868721728424,0.0195169788659784,0.00437551600507281));
#869=CARTESIAN_POINT('',(-0.0289868721728425,0.00472813900995189,0.00437551600507281));
#870=CARTESIAN_POINT('',(-0.0290185528387394,0.0195169788659781,0.00450935204847132));
#871=CARTESIAN_POINT('',(-0.0290185528387395,0.00472813900995161,0.00450935204847132));
#872=CARTESIAN_POINT('',(-0.0291385536234734,0.0195169788659789,0.00457493139828015));
#873=CARTESIAN_POINT('',(-0.0291385536234735,0.00472813900995239,0.00457493139828015));
#874=CARTESIAN_POINT('',(-0.0292643267311233,0.0195169788659761,0.00459746500319827));
#875=CARTESIAN_POINT('',(-0.0292643267311233,0.00472813900994959,0.00459746500319827));
#876=CARTESIAN_POINT('',(-0.0293925427906304,0.0195169788659807,0.00460979702796874));
#877=CARTESIAN_POINT('',(-0.0293925427906304,0.00472813900995421,0.00460979702796874));
#878=CARTESIAN_POINT('',(-0.0295195015109883,0.0195169788659779,0.00462417243165388));
#879=CARTESIAN_POINT('',(-0.0295195015109883,0.00472813900995145,0.00462417243165388));
#880=CARTESIAN_POINT('',(-0.0296247527726054,0.0195169788659783,0.00465461028437014));
#881=CARTESIAN_POINT('',(-0.0296247527726055,0.00472813900995179,0.00465461028437014));
#882=CARTESIAN_POINT('',(-0.0296862351556475,0.0195169788659783,0.00471724234412925));
#883=CARTESIAN_POINT('',(-0.0296862351556476,0.00472813900995185,0.00471724234412925));
#884=CARTESIAN_POINT('',(-0.0297143741201633,0.0195169788659779,0.00480002771106586));
#885=CARTESIAN_POINT('',(-0.0297143741201633,0.00472813900995145,0.00480002771106586));
#886=CARTESIAN_POINT('',(-0.0297068002312757,0.0195169788659847,0.00495010247183802));
#887=CARTESIAN_POINT('',(-0.0297068002312758,0.00472813900995821,0.00495010247183802));
#888=CARTESIAN_POINT('',(-0.0296709398444053,0.0195169788659773,0.00511697522914014));
#889=CARTESIAN_POINT('',(-0.0296709398444054,0.00472813900995079,0.00511697522914014));
#890=CARTESIAN_POINT('',(-0.0296624037031696,0.0195169788659784,0.00528668996888287));
#891=CARTESIAN_POINT('',(-0.0296624037031697,0.00472813900995195,0.00528668996888287));
#892=CARTESIAN_POINT('',(-0.0297156051648694,0.0195169788659783,0.00541305466215052));
#893=CARTESIAN_POINT('',(-0.0297156051648694,0.00472813900995177,0.00541305466215052));
#894=CARTESIAN_POINT('',(-0.0298436175826587,0.0195169788659782,0.00545872297175058));
#895=CARTESIAN_POINT('',(-0.0298436175826587,0.00472813900995169,0.00545872297175058));
#896=CARTESIAN_POINT('',(-0.0299708323690092,0.0195169788659785,0.00546321098741193));
#897=CARTESIAN_POINT('',(-0.0299708323690092,0.00472813900995201,0.00546321098741193));
#898=CARTESIAN_POINT('',(-0.0300991186177007,0.0195169788659775,0.00545747800800084));
#899=CARTESIAN_POINT('',(-0.0300991186177007,0.00472813900995099,0.00545747800800084));
#900=CARTESIAN_POINT('',(-0.0302264139462465,0.0195169788659813,0.00545422401885658));
#901=CARTESIAN_POINT('',(-0.0302264139462465,0.00472813900995479,0.00545422401885658));
#902=CARTESIAN_POINT('',(-0.0303347841760576,0.0195169788659779,0.0054703756912925));
#903=CARTESIAN_POINT('',(-0.0303347841760577,0.00472813900995139,0.0054703756912925));
#904=CARTESIAN_POINT('',(-0.0304034682820257,0.0195169788659784,0.00552464716708979));
#905=CARTESIAN_POINT('',(-0.0304034682820258,0.00472813900995189,0.00552464716708979));
#906=CARTESIAN_POINT('',(-0.0304419920160657,0.0195169788659781,0.00560293551565171));
#907=CARTESIAN_POINT('',(-0.0304419920160658,0.00472813900995163,0.00560293551565171));
#908=CARTESIAN_POINT('',(-0.0304514104280195,0.0195169788659794,0.005709604999302));
#909=CARTESIAN_POINT('',(-0.0304514104280196,0.00472813900995293,0.005709604999302));
#910=CARTESIAN_POINT('',(-0.0304483431550322,0.019516978865978,0.00583698566076546));
#911=CARTESIAN_POINT('',(-0.0304483431550323,0.00472813900995147,0.00583698566076546));
#912=CARTESIAN_POINT('',(-0.0304466721898798,0.0195169788659784,0.00596444441098082));
#913=CARTESIAN_POINT('',(-0.0304466721898798,0.00472813900995187,0.00596444441098082));
#914=CARTESIAN_POINT('',(-0.0304585627284751,0.0195169788659782,0.00609269324472418));
#915=CARTESIAN_POINT('',(-0.0304585627284751,0.00472813900995175,0.00609269324472418));
#916=CARTESIAN_POINT('',(-0.0305290081779385,0.0195169788659783,0.00620819106351081));
#917=CARTESIAN_POINT('',(-0.0305290081779386,0.00472813900995181,0.00620819106351081));
#918=CARTESIAN_POINT('',(-0.0306616107476186,0.0195169788659782,0.00623548635228146));
#919=CARTESIAN_POINT('',(-0.0306616107476186,0.00472813900995169,0.00623548635228146));
#920=CARTESIAN_POINT('',(-0.0307876607693847,0.0195169788659783,0.00622225908024243));
#921=CARTESIAN_POINT('',(-0.0307876607693848,0.00472813900995179,0.00622225908024243));
#922=CARTESIAN_POINT('',(-0.0309133752220107,0.0195169788659784,0.00619888224557355));
#923=CARTESIAN_POINT('',(-0.0309133752220107,0.00472813900995189,0.00619888224557355));
#924=CARTESIAN_POINT('',(-0.0310382246654947,0.0195169788659778,0.00617795532089911));
#925=CARTESIAN_POINT('',(-0.0310382246654947,0.00472813900995135,0.00617795532089911));
#926=CARTESIAN_POINT('',(-0.0311478187139739,0.0195169788659797,0.00617848375894816));
#927=CARTESIAN_POINT('',(-0.031147818713974,0.00472813900995323,0.00617848375894816));
#928=CARTESIAN_POINT('',(-0.031223460088154,0.0195169788659783,0.00622155645302903));
#929=CARTESIAN_POINT('',(-0.031223460088154,0.00472813900995181,0.00622155645302903));
#930=CARTESIAN_POINT('',(-0.0312730234592157,0.0195169788659784,0.00629253064599687));
#931=CARTESIAN_POINT('',(-0.0312730234592158,0.00472813900995193,0.00629253064599687));
#932=CARTESIAN_POINT('',(-0.0312977543858247,0.0195169788659781,0.00639669027285524));
#933=CARTESIAN_POINT('',(-0.0312977543858248,0.00472813900995159,0.00639669027285524));
#934=CARTESIAN_POINT('',(-0.0313123819056192,0.0195169788659788,0.00652177464956339));
#935=CARTESIAN_POINT('',(-0.0313123819056193,0.00472813900995231,0.00652177464956339));
#936=CARTESIAN_POINT('',(-0.0313282574313546,0.0195169788659763,0.00664738718972272));
#937=CARTESIAN_POINT('',(-0.0313282574313547,0.00472813900994981,0.00664738718972272));
#938=CARTESIAN_POINT('',(-0.0313557134693487,0.0195169788659785,0.0067696774738445));
#939=CARTESIAN_POINT('',(-0.0313557134693487,0.00472813900995199,0.0067696774738445));
#940=CARTESIAN_POINT('',(-0.0314380472400892,0.0195169788659783,0.00687975812543408));
#941=CARTESIAN_POINT('',(-0.0314380472400893,0.00472813900995179,0.00687975812543408));
#942=CARTESIAN_POINT('',(-0.0315745153476411,0.0195169788659781,0.00689178629352314));
#943=CARTESIAN_POINT('',(-0.0315745153476411,0.00472813900995165,0.00689178629352314));
#944=CARTESIAN_POINT('',(-0.0316975267088961,0.0195169788659788,0.0068617058710214));
#945=CARTESIAN_POINT('',(-0.0316975267088961,0.00472813900995231,0.0068617058710214));
#946=CARTESIAN_POINT('',(-0.0318199487309422,0.0195169788659763,0.00682088503315524));
#947=CARTESIAN_POINT('',(-0.0318199487309422,0.00472813900994983,0.00682088503315524));
#948=CARTESIAN_POINT('',(-0.0319412673939259,0.0195169788659856,0.00678231482611667));
#949=CARTESIAN_POINT('',(-0.0319412673939259,0.00472813900995911,0.00678231482611667));
#950=CARTESIAN_POINT('',(-0.0320500666894653,0.0195169788659774,0.0067665721101922));
#951=CARTESIAN_POINT('',(-0.0320500666894654,0.00472813900995089,0.0067665721101922));
#952=CARTESIAN_POINT('',(-0.0321320911352369,0.0195169788659785,0.00679750107746592));
#953=CARTESIAN_POINT('',(-0.032132091135237,0.00472813900995199,0.00679750107746592));
#954=CARTESIAN_POINT('',(-0.0321921362470759,0.0195169788659782,0.00686061725248881));
#955=CARTESIAN_POINT('',(-0.0321921362470759,0.00472813900995169,0.00686061725248881));
#956=CARTESIAN_POINT('',(-0.0322316045904925,0.0195169788659783,0.00696095486033406));
#957=CARTESIAN_POINT('',(-0.0322316045904926,0.00472813900995185,0.00696095486033406));
#958=CARTESIAN_POINT('',(-0.032263729546373,0.0195169788659782,0.0070835268534187));
#959=CARTESIAN_POINT('',(-0.0322637295463731,0.00472813900995169,0.0070835268534187));
#960=CARTESIAN_POINT('',(-0.0322970415997804,0.0195169788659786,0.007206540534576));
#961=CARTESIAN_POINT('',(-0.0322970415997805,0.00472813900995209,0.007206540534576));
#962=CARTESIAN_POINT('',(-0.0323422316421756,0.0195169788659771,0.00732501862723616));
#963=CARTESIAN_POINT('',(-0.0323422316421757,0.00472813900995061,0.00732501862723616));
#964=CARTESIAN_POINT('',(-0.0324383711149012,0.0195169788659786,0.00742042230322861));
#965=CARTESIAN_POINT('',(-0.0324383711149013,0.00472813900995209,0.00742042230322861));
#966=CARTESIAN_POINT('',(-0.0325736371706921,0.0195169788659782,0.00741392223723197));
#967=CARTESIAN_POINT('',(-0.0325736371706921,0.00472813900995169,0.00741392223723197));
#968=CARTESIAN_POINT('',(-0.032689828264221,0.0195169788659783,0.0073679830321571));
#969=CARTESIAN_POINT('',(-0.0326898282642211,0.00472813900995181,0.0073679830321571));
#970=CARTESIAN_POINT('',(-0.0328028870449062,0.0195169788659783,0.00731197463134997));
#971=CARTESIAN_POINT('',(-0.0328028870449063,0.00472813900995179,0.00731197463134997));
#972=CARTESIAN_POINT('',(-0.0329157408470425,0.0195169788659783,0.00725746900801082));
#973=CARTESIAN_POINT('',(-0.0329157408470425,0.00472813900995179,0.00725746900801082));
#974=CARTESIAN_POINT('',(-0.0330176096916759,0.0195169788659783,0.0072255589068316));
#975=CARTESIAN_POINT('',(-0.033017609691676,0.00472813900995181,0.0072255589068316));
#976=CARTESIAN_POINT('',(-0.0331025556274229,0.0195169788659783,0.00723793829848143));
#977=CARTESIAN_POINT('',(-0.0331025556274229,0.00472813900995179,0.00723793829848143));
#978=CARTESIAN_POINT('',(-0.0331734510511785,0.0195169788659783,0.00728582705465954));
#979=CARTESIAN_POINT('',(-0.0331734510511786,0.00472813900995177,0.00728582705465954));
#980=CARTESIAN_POINT('',(-0.033228424583545,0.0195169788659784,0.00737660203029909));
#981=CARTESIAN_POINT('',(-0.033228424583545,0.00472813900995189,0.00737660203029909));
#982=CARTESIAN_POINT('',(-0.0332770120555149,0.0195169788659779,0.00748999265056451));
#983=CARTESIAN_POINT('',(-0.033277012055515,0.00472813900995143,0.00748999265056451));
#984=CARTESIAN_POINT('',(-0.0333249354705566,0.0195169788659796,0.0076050492927471));
#985=CARTESIAN_POINT('',(-0.0333249354705566,0.00472813900995311,0.0076050492927471));
#986=CARTESIAN_POINT('',(-0.0333819760802404,0.0195169788659733,0.00771425448007529));
#987=CARTESIAN_POINT('',(-0.0333819760802404,0.00472813900994683,0.00771425448007529));
#988=CARTESIAN_POINT('',(-0.0334745271836437,0.0195169788659795,0.00780648438071556));
#989=CARTESIAN_POINT('',(-0.0334745271836438,0.00472813900995299,0.00780648438071556));
#990=CARTESIAN_POINT('',(-0.0336065509284917,0.0195169788659784,0.00780423322188846));
#991=CARTESIAN_POINT('',(-0.0336065509284918,0.00472813900995193,0.00780423322188846));
#992=CARTESIAN_POINT('',(-0.0337535440708411,0.0195169788659758,0.00772899698007287));
#993=CARTESIAN_POINT('',(-0.0337535440708412,0.00472813900994929,0.00772899698007287));
#994=CARTESIAN_POINT('',(-0.033886608133876,0.0195169788659787,0.0076308158553597));
#995=CARTESIAN_POINT('',(-0.0338866081338761,0.00472813900995219,0.0076308158553597));
#996=CARTESIAN_POINT('',(-0.0340272516560302,0.0195169788659782,0.00754814451862783));
#997=CARTESIAN_POINT('',(-0.0340272516560302,0.00472813900995171,0.00754814451862783));
#998=CARTESIAN_POINT('',(-0.0341602239594721,0.0195169788659784,0.00753724704970662));
#999=CARTESIAN_POINT('',(-0.0341602239594721,0.00472813900995187,0.00753724704970662));
#1000=CARTESIAN_POINT('',(-0.0342560923196907,0.0195169788659783,0.00762853054982781));
#1001=CARTESIAN_POINT('',(-0.0342560923196907,0.00472813900995179,0.00762853054982781));
#1002=CARTESIAN_POINT('',(-0.0343224941622527,0.0195169788659782,0.00773214832526313));
#1003=CARTESIAN_POINT('',(-0.0343224941622528,0.00472813900995173,0.00773214832526313));
#1004=CARTESIAN_POINT('',(-0.0343852665605046,0.0195169788659785,0.00784029601275605));
#1005=CARTESIAN_POINT('',(-0.0343852665605046,0.00472813900995201,0.00784029601275605));
#1006=CARTESIAN_POINT('',(-0.0344532761744409,0.0195169788659775,0.00794334546736687));
#1007=CARTESIAN_POINT('',(-0.0344532761744409,0.00472813900995103,0.00794334546736687));
#1008=CARTESIAN_POINT('',(-0.034542288289048,0.0195169788659785,0.00803587126102752));
#1009=CARTESIAN_POINT('',(-0.034542288289048,0.00472813900995199,0.00803587126102752));
#1010=CARTESIAN_POINT('',(-0.0346729988436653,0.0195169788659782,0.00805247510145856));
#1011=CARTESIAN_POINT('',(-0.0346729988436654,0.00472813900995173,0.00805247510145856));
#1012=CARTESIAN_POINT('',(-0.0347838174646665,0.0195169788659783,0.00798805723800493));
#1013=CARTESIAN_POINT('',(-0.0347838174646666,0.00472813900995177,0.00798805723800493));
#1014=CARTESIAN_POINT('',(-0.0348781789674595,0.0195169788659784,0.00790924900879477));
#1015=CARTESIAN_POINT('',(-0.0348781789674596,0.00472813900995191,0.00790924900879477));
#1016=CARTESIAN_POINT('',(-0.0349696852989803,0.0195169788659778,0.00782442383876792));
#1017=CARTESIAN_POINT('',(-0.0349696852989804,0.00472813900995129,0.00782442383876792));
#1018=CARTESIAN_POINT('',(-0.0350624678747321,0.0195169788659802,0.00774598297598773));
#1019=CARTESIAN_POINT('',(-0.0350624678747322,0.00472813900995371,0.00774598297598773));
#1020=CARTESIAN_POINT('',(-0.0351829747531753,0.0195169788659778,0.00768862159532513));
#1021=CARTESIAN_POINT('',(-0.0351829747531753,0.00472813900995129,0.00768862159532513));
#1022=CARTESIAN_POINT('',(-0.0353059689527884,0.0195169788659784,0.0077424071928299));
#1023=CARTESIAN_POINT('',(-0.0353059689527884,0.00472813900995193,0.0077424071928299));
#1024=CARTESIAN_POINT('',(-0.03538920587847,0.0195169788659782,0.00783456367506358));
#1025=CARTESIAN_POINT('',(-0.0353892058784701,0.00472813900995175,0.00783456367506358));
#1026=CARTESIAN_POINT('',(-0.035467472479299,0.0195169788659783,0.00793293596132899));
#1027=CARTESIAN_POINT('',(-0.035467472479299,0.00472813900995177,0.00793293596132899));
#1028=CARTESIAN_POINT('',(-0.0355471976008785,0.0195169788659784,0.00802822722475353));
#1029=CARTESIAN_POINT('',(-0.0355471976008786,0.00472813900995193,0.00802822722475353));
#1030=CARTESIAN_POINT('',(-0.0356407936174206,0.0195169788659778,0.00811599085950848));
#1031=CARTESIAN_POINT('',(-0.0356407936174206,0.00472813900995129,0.00811599085950848));
#1032=CARTESIAN_POINT('',(-0.0357740751655459,0.0195169788659784,0.00814444689797828));
#1033=CARTESIAN_POINT('',(-0.0357740751655459,0.00472813900995191,0.00814444689797828));
#1034=CARTESIAN_POINT('',(-0.0358867250194541,0.0195169788659783,0.00807137004132103));
#1035=CARTESIAN_POINT('',(-0.0358867250194542,0.00472813900995177,0.00807137004132103));
#1036=CARTESIAN_POINT('',(-0.0359730181995859,0.0195169788659783,0.00797937482214516));
#1037=CARTESIAN_POINT('',(-0.0359730181995859,0.00472813900995179,0.00797937482214516));
#1038=CARTESIAN_POINT('',(-0.0360545370689692,0.0195169788659783,0.00787952331953133));
#1039=CARTESIAN_POINT('',(-0.0360545370689693,0.00472813900995179,0.00787952331953133));
#1040=CARTESIAN_POINT('',(-0.0361365407497703,0.0195169788659783,0.00778547320455086));
#1041=CARTESIAN_POINT('',(-0.0361365407497703,0.00472813900995179,0.00778547320455086));
#1042=CARTESIAN_POINT('',(-0.0362473733727841,0.0195169788659783,0.00770185134592586));
#1043=CARTESIAN_POINT('',(-0.0362473733727841,0.00472813900995179,0.00770185134592586));
#1044=CARTESIAN_POINT('',(-0.0363856320382518,0.0195169788659783,0.00773316782999027));
#1045=CARTESIAN_POINT('',(-0.0363856320382519,0.00472813900995179,0.00773316782999027));
#1046=CARTESIAN_POINT('',(-0.036485617592779,0.0195169788659783,0.00781834055017057));
#1047=CARTESIAN_POINT('',(-0.0364856175927791,0.00472813900995179,0.00781834055017057));
#1048=CARTESIAN_POINT('',(-0.036580253515582,0.0195169788659783,0.00790817159413449));
#1049=CARTESIAN_POINT('',(-0.0365802535155821,0.00472813900995181,0.00790817159413449));
#1050=CARTESIAN_POINT('',(-0.0366768789805461,0.0195169788659783,0.00799460796779944));
#1051=CARTESIAN_POINT('',(-0.0366768789805461,0.00472813900995177,0.00799460796779944));
#1052=CARTESIAN_POINT('',(-0.0367885342883328,0.0195169788659783,0.00806838902082388));
#1053=CARTESIAN_POINT('',(-0.0367885342883329,0.00472813900995183,0.00806838902082388));
#1054=CARTESIAN_POINT('',(-0.0369272096434676,0.0195169788659782,0.00806060694094704));
#1055=CARTESIAN_POINT('',(-0.0369272096434677,0.00472813900995169,0.00806060694094704));
#1056=CARTESIAN_POINT('',(-0.0370225241266359,0.0195169788659787,0.007964721173321));
#1057=CARTESIAN_POINT('',(-0.037022524126636,0.00472813900995221,0.007964721173321));
#1058=CARTESIAN_POINT('',(-0.0370943398947299,0.0195169788659768,0.00785867410008269));
#1059=CARTESIAN_POINT('',(-0.0370943398947299,0.00472813900995027,0.00785867410008269));
#1060=CARTESIAN_POINT('',(-0.0371618803941613,0.019516978865984,0.00774716592770895));
#1061=CARTESIAN_POINT('',(-0.0371618803941613,0.00472813900995749,0.00774716592770895));
#1062=CARTESIAN_POINT('',(-0.0372337066996547,0.0195169788659768,0.00764003944830319));
#1063=CARTESIAN_POINT('',(-0.0372337066996548,0.00472813900995033,0.00764003944830319));
#1064=CARTESIAN_POINT('',(-0.0373436712965548,0.0195169788659787,0.00755669478787195));
#1065=CARTESIAN_POINT('',(-0.0373436712965549,0.00472813900995219,0.00755669478787195));
#1066=CARTESIAN_POINT('',(-0.0374787233544889,0.0195169788659782,0.00759033510195884));
#1067=CARTESIAN_POINT('',(-0.0374787233544889,0.00472813900995171,0.00759033510195884));
#1068=CARTESIAN_POINT('',(-0.0375852325462126,0.0195169788659783,0.00766012352833514));
#1069=CARTESIAN_POINT('',(-0.0375852325462127,0.00472813900995185,0.00766012352833514));
#1070=CARTESIAN_POINT('',(-0.0376906195597188,0.0195169788659781,0.00773604636809017));
#1071=CARTESIAN_POINT('',(-0.0376906195597188,0.00472813900995163,0.00773604636809017));
#1072=CARTESIAN_POINT('',(-0.0377984725170502,0.0195169788659783,0.00780587390552051));
#1073=CARTESIAN_POINT('',(-0.0377984725170503,0.00472813900995177,0.00780587390552051));
#1074=CARTESIAN_POINT('',(-0.0379216033624172,0.0195169788659782,0.00785694865525031));
#1075=CARTESIAN_POINT('',(-0.0379216033624173,0.00472813900995171,0.00785694865525031));
#1076=CARTESIAN_POINT('',(-0.0380527350255263,0.0195169788659783,0.0078132023175238));
#1077=CARTESIAN_POINT('',(-0.0380527350255264,0.00472813900995181,0.0078132023175238));
#1078=CARTESIAN_POINT('',(-0.0381273884940618,0.0195169788659783,0.00770280455646634));
#1079=CARTESIAN_POINT('',(-0.0381273884940618,0.00472813900995179,0.00770280455646634));
#1080=CARTESIAN_POINT('',(-0.0381824162709179,0.0195169788659783,0.0075870189574126));
#1081=CARTESIAN_POINT('',(-0.0381824162709179,0.00472813900995181,0.0075870189574126));
#1082=CARTESIAN_POINT('',(-0.0382336755274054,0.0195169788659783,0.00746825569347683));
#1083=CARTESIAN_POINT('',(-0.0382336755274055,0.00472813900995179,0.00746825569347683));
#1084=CARTESIAN_POINT('',(-0.0382913463987732,0.0195169788659795,0.00735255825419868));
#1085=CARTESIAN_POINT('',(-0.0382913463987732,0.00472813900995299,0.00735255825419868));
#1086=CARTESIAN_POINT('',(-0.0383973968567353,0.0195169788659781,0.00726469246792895));
#1087=CARTESIAN_POINT('',(-0.0383973968567354,0.00472813900995165,0.00726469246792895));
#1088=CARTESIAN_POINT('',(-0.0385324775053161,0.0195169788659784,0.00728976776375888));
#1089=CARTESIAN_POINT('',(-0.0385324775053161,0.00472813900995189,0.00728976776375888));
#1090=CARTESIAN_POINT('',(-0.0386466801064297,0.0195169788659782,0.00734446910591441));
#1091=CARTESIAN_POINT('',(-0.0386466801064297,0.00472813900995175,0.00734446910591441));
#1092=CARTESIAN_POINT('',(-0.0387616047046351,0.0195169788659784,0.00740501876177759));
#1093=CARTESIAN_POINT('',(-0.0387616047046352,0.00472813900995189,0.00740501876177759));
#1094=CARTESIAN_POINT('',(-0.0388764514978729,0.019516978865978,0.00745725614698641));
#1095=CARTESIAN_POINT('',(-0.0388764514978729,0.00472813900995153,0.00745725614698641));
#1096=CARTESIAN_POINT('',(-0.0390117438772627,0.0195169788659783,0.00748616946381027));
#1097=CARTESIAN_POINT('',(-0.0390117438772627,0.00472813900995185,0.00748616946381027));
#1098=CARTESIAN_POINT('',(-0.0391296112151401,0.0195169788659783,0.00740927812247621));
#1099=CARTESIAN_POINT('',(-0.0391296112151401,0.00472813900995181,0.00740927812247621));
#1100=CARTESIAN_POINT('',(-0.0391834684372766,0.0195169788659782,0.00728639909151887));
#1101=CARTESIAN_POINT('',(-0.0391834684372767,0.00472813900995171,0.00728639909151887));
#1102=CARTESIAN_POINT('',(-0.0392210970749084,0.0195169788659783,0.00716103197148606));
#1103=CARTESIAN_POINT('',(-0.0392210970749084,0.00472813900995183,0.00716103197148606));
#1104=CARTESIAN_POINT('',(-0.0392560995598223,0.0195169788659782,0.00703413408830575));
#1105=CARTESIAN_POINT('',(-0.0392560995598224,0.00472813900995175,0.00703413408830575));
#1106=CARTESIAN_POINT('',(-0.0392954064776774,0.0195169788659784,0.00693209529304171));
#1107=CARTESIAN_POINT('',(-0.0392954064776775,0.00472813900995189,0.00693209529304171));
#1108=CARTESIAN_POINT('',(-0.0393565265883646,0.0195169788659783,0.00686389984377175));
#1109=CARTESIAN_POINT('',(-0.0393565265883646,0.00472813900995179,0.00686389984377175));
#1110=CARTESIAN_POINT('',(-0.0394416423578041,0.0195169788659783,0.00683031974539296));
#1111=CARTESIAN_POINT('',(-0.0394416423578042,0.00472813900995181,0.00683031974539296));
#1112=CARTESIAN_POINT('',(-0.0395548123969644,0.0195169788659783,0.00684892095424176));
#1113=CARTESIAN_POINT('',(-0.0395548123969644,0.00472813900995179,0.00684892095424176));
#1114=CARTESIAN_POINT('',(-0.039680235204491,0.0195169788659783,0.00689185428817913));
#1115=CARTESIAN_POINT('',(-0.0396802352044911,0.00472813900995181,0.00689185428817913));
#1116=CARTESIAN_POINT('',(-0.0398067003517782,0.0195169788659783,0.00693579791717353));
#1117=CARTESIAN_POINT('',(-0.0398067003517783,0.00472813900995179,0.00693579791717353));
#1118=CARTESIAN_POINT('',(-0.0399360041014209,0.0195169788659783,0.00696907729273367));
#1119=CARTESIAN_POINT('',(-0.039936004101421,0.00472813900995179,0.00696907729273367));
#1120=CARTESIAN_POINT('',(-0.0400800997768128,0.0195169788659783,0.00694130708771196));
#1121=CARTESIAN_POINT('',(-0.0400800997768128,0.00472813900995179,0.00694130708771196));
#1122=CARTESIAN_POINT('',(-0.0401498303412688,0.0195169788659783,0.00681390545496746));
#1123=CARTESIAN_POINT('',(-0.0401498303412688,0.00472813900995179,0.00681390545496746));
#1124=CARTESIAN_POINT('',(-0.0401755611871316,0.0195169788659783,0.00668254882999932));
#1125=CARTESIAN_POINT('',(-0.0401755611871317,0.00472813900995181,0.00668254882999932));
#1126=CARTESIAN_POINT('',(-0.0401928887665639,0.0195169788659783,0.00654792495317344));
#1127=CARTESIAN_POINT('',(-0.040192888766564,0.00472813900995179,0.00654792495317344));
#1128=CARTESIAN_POINT('',(-0.0402135586683061,0.0195169788659783,0.00641615358230271));
#1129=CARTESIAN_POINT('',(-0.0402135586683062,0.00472813900995181,0.00641615358230271));
#1130=CARTESIAN_POINT('',(-0.0402732320984341,0.0195169788659783,0.00628523730319788));
#1131=CARTESIAN_POINT('',(-0.0402732320984341,0.00472813900995179,0.00628523730319788));
#1132=CARTESIAN_POINT('',(-0.0404145484853713,0.0195169788659783,0.00625238372723658));
#1133=CARTESIAN_POINT('',(-0.0404145484853713,0.00472813900995181,0.00625238372723658));
#1134=CARTESIAN_POINT('',(-0.0405463965309758,0.0195169788659783,0.00627444588237199));
#1135=CARTESIAN_POINT('',(-0.0405463965309759,0.00472813900995179,0.00627444588237199));
#1136=CARTESIAN_POINT('',(-0.040678132946144,0.0195169788659783,0.00630170814092361));
#1137=CARTESIAN_POINT('',(-0.0406781329461441,0.00472813900995183,0.00630170814092361));
#1138=CARTESIAN_POINT('',(-0.0408093042890977,0.0195169788659782,0.00632218275319045));
#1139=CARTESIAN_POINT('',(-0.0408093042890978,0.00472813900995169,0.00632218275319045));
#1140=CARTESIAN_POINT('',(-0.0409492620494696,0.0195169788659787,0.00631398770459761));
#1141=CARTESIAN_POINT('',(-0.0409492620494697,0.00472813900995223,0.00631398770459761));
#1142=CARTESIAN_POINT('',(-0.0410436797651604,0.019516978865975,0.00620617995406708));
#1143=CARTESIAN_POINT('',(-0.0410436797651605,0.00472813900994853,0.00620617995406708));
#1144=CARTESIAN_POINT('',(-0.0410671962507679,0.0195169788659802,0.00602664156796532));
#1145=CARTESIAN_POINT('',(-0.0410671962507679,0.00472813900995371,0.00602664156796532));
#1146=CARTESIAN_POINT('',(-0.0410569894429189,0.019516978865978,0.00585097246389485));
#1147=CARTESIAN_POINT('',(-0.0410569894429189,0.00472813900995149,0.00585097246389485));
#1148=CARTESIAN_POINT('',(-0.0410725070365181,0.0195169788659783,0.00569407402323843));
#1149=CARTESIAN_POINT('',(-0.0410725070365181,0.00472813900995183,0.00569407402323843));
#1150=CARTESIAN_POINT('',(-0.0411157088199596,0.0195169788659783,0.00561378414245666));
#1151=CARTESIAN_POINT('',(-0.0411157088199597,0.00472813900995179,0.00561378414245666));
#1152=CARTESIAN_POINT('',(-0.0411912311311374,0.0195169788659783,0.00556164344267501));
#1153=CARTESIAN_POINT('',(-0.0411912311311375,0.00472813900995181,0.00556164344267501));
#1154=CARTESIAN_POINT('',(-0.0413046555178777,0.0195169788659783,0.00555066766230994));
#1155=CARTESIAN_POINT('',(-0.0413046555178778,0.00472813900995183,0.00555066766230994));
#1156=CARTESIAN_POINT('',(-0.0414363067382518,0.0195169788659782,0.00555761778251208));
#1157=CARTESIAN_POINT('',(-0.0414363067382518,0.00472813900995169,0.00555761778251208));
#1158=CARTESIAN_POINT('',(-0.0415691562251761,0.0195169788659787,0.00556480179489241));
#1159=CARTESIAN_POINT('',(-0.0415691562251762,0.00472813900995221,0.00556480179489241));
#1160=CARTESIAN_POINT('',(-0.0417014609872289,0.0195169788659767,0.00555964324783647));
#1161=CARTESIAN_POINT('',(-0.0417014609872289,0.00472813900995019,0.00555964324783647));
#1162=CARTESIAN_POINT('',(-0.0418270390661364,0.0195169788659787,0.00549378442958016));
#1163=CARTESIAN_POINT('',(-0.0418270390661364,0.00472813900995221,0.00549378442958016));
#1164=CARTESIAN_POINT('',(-0.0418594064494762,0.0195169788659782,0.00535574844963986));
#1165=CARTESIAN_POINT('',(-0.0418594064494762,0.00472813900995169,0.00535574844963986));
#1166=CARTESIAN_POINT('',(-0.0418491672583,0.0195169788659783,0.00522645269391684));
#1167=CARTESIAN_POINT('',(-0.0418491672583,0.00472813900995181,0.00522645269391684));
#1168=CARTESIAN_POINT('',(-0.0418293428301885,0.0195169788659783,0.00509582897404771));
#1169=CARTESIAN_POINT('',(-0.0418293428301885,0.00472813900995179,0.00509582897404771));
#1170=CARTESIAN_POINT('',(-0.0418131500368538,0.0195169788659783,0.00496726931504727));
#1171=CARTESIAN_POINT('',(-0.0418131500368538,0.00472813900995179,0.00496726931504727));
#1172=CARTESIAN_POINT('',(-0.0418242375450538,0.0195169788659783,0.00482864109437028));
#1173=CARTESIAN_POINT('',(-0.0418242375450538,0.00472813900995181,0.00482864109437028));
#1174=CARTESIAN_POINT('',(-0.0419370212205736,0.0195169788659783,0.00474552298177655));
#1175=CARTESIAN_POINT('',(-0.0419370212205736,0.00472813900995181,0.00474552298177655));
#1176=CARTESIAN_POINT('',(-0.0421097720986503,0.0195169788659783,0.00472121916088687));
#1177=CARTESIAN_POINT('',(-0.0421097720986503,0.00472813900995179,0.00472121916088687));
#1178=CARTESIAN_POINT('',(-0.0422813654414135,0.0195169788659783,0.00471379284413582));
#1179=CARTESIAN_POINT('',(-0.0422813654414135,0.00472813900995181,0.00471379284413582));
#1180=CARTESIAN_POINT('',(-0.042451252513237,0.0195169788659782,0.00467278638764242));
#1181=CARTESIAN_POINT('',(-0.0424512525132371,0.00472813900995175,0.00467278638764242));
#1182=CARTESIAN_POINT('',(-0.0425444809489385,0.0195169788659783,0.00457026884360703));
#1183=CARTESIAN_POINT('',(-0.0425444809489386,0.00472813900995181,0.00457026884360703));
#1184=CARTESIAN_POINT('',(-0.0425407594970695,0.0195169788659783,0.00443432299181251));
#1185=CARTESIAN_POINT('',(-0.0425407594970696,0.00472813900995177,0.00443432299181251));
#1186=CARTESIAN_POINT('',(-0.0425113127688709,0.0195169788659783,0.00431155906118164));
#1187=CARTESIAN_POINT('',(-0.042511312768871,0.00472813900995181,0.00431155906118164));
#1188=CARTESIAN_POINT('',(-0.0424739913835909,0.0195169788659783,0.00418801782687178));
#1189=CARTESIAN_POINT('',(-0.042473991383591,0.00472813900995179,0.00418801782687177));
#1190=CARTESIAN_POINT('',(-0.0424421978799888,0.0195169788659783,0.00406530261501025));
#1191=CARTESIAN_POINT('',(-0.0424421978799888,0.00472813900995181,0.00406530261501025));
#1192=CARTESIAN_POINT('',(-0.0424440928599689,0.0195169788659783,0.00392882582001529));
#1193=CARTESIAN_POINT('',(-0.042444092859969,0.00472813900995181,0.00392882582001528));
#1194=CARTESIAN_POINT('',(-0.0425495694349933,0.0195169788659783,0.00384239075524797));
#1195=CARTESIAN_POINT('',(-0.0425495694349933,0.00472813900995179,0.00384239075524796));
#1196=CARTESIAN_POINT('',(-0.0426721455825656,0.0195169788659783,0.00380799599047278));
#1197=CARTESIAN_POINT('',(-0.0426721455825657,0.00472813900995181,0.00380799599047278));
#1198=CARTESIAN_POINT('',(-0.0427973549978524,0.0195169788659783,0.00378050839553726));
#1199=CARTESIAN_POINT('',(-0.0427973549978525,0.00472813900995179,0.00378050839553726));
#1200=CARTESIAN_POINT('',(-0.0429197387005631,0.0195169788659783,0.00374938373643144));
#1201=CARTESIAN_POINT('',(-0.0429197387005632,0.00472813900995179,0.00374938373643144));
#1202=CARTESIAN_POINT('',(-0.0430424938423911,0.0195169788659783,0.0036991996698341));
#1203=CARTESIAN_POINT('',(-0.0430424938423911,0.00472813900995185,0.00369919966983409));
#1204=CARTESIAN_POINT('',(-0.0431157158797773,0.0195169788659781,0.00358120545770756));
#1205=CARTESIAN_POINT('',(-0.0431157158797774,0.00472813900995157,0.00358120545770755));
#1206=CARTESIAN_POINT('',(-0.0430902642230147,0.0195169788659784,0.00344749190187213));
#1207=CARTESIAN_POINT('',(-0.0430902642230148,0.00472813900995187,0.00344749190187212));
#1208=CARTESIAN_POINT('',(-0.0430423479225423,0.0195169788659783,0.0033278441814398));
#1209=CARTESIAN_POINT('',(-0.0430423479225424,0.00472813900995179,0.00332784418143979));
#1210=CARTESIAN_POINT('',(-0.0429873106724386,0.0195169788659783,0.0032097604911508));
#1211=CARTESIAN_POINT('',(-0.0429873106724386,0.00472813900995185,0.0032097604911508));
#1212=CARTESIAN_POINT('',(-0.0429474584760437,0.0195169788659782,0.00310856202511833));
#1213=CARTESIAN_POINT('',(-0.0429474584760438,0.00472813900995175,0.00310856202511833));
#1214=CARTESIAN_POINT('',(-0.0429337034660632,0.0195169788659784,0.00302286245285172));
#1215=CARTESIAN_POINT('',(-0.0429337034660633,0.00472813900995189,0.00302286245285171));
#1216=CARTESIAN_POINT('',(-0.0429500744579476,0.0195169788659782,0.00293319363207401));
#1217=CARTESIAN_POINT('',(-0.0429500744579476,0.00472813900995169,0.00293319363207401));
#1218=CARTESIAN_POINT('',(-0.0430240332257998,0.019516978865979,0.00286685090567502));
#1219=CARTESIAN_POINT('',(-0.0430240332257999,0.00472813900995249,0.00286685090567501));
#1220=CARTESIAN_POINT('',(-0.0429337034660633,0.00472813900991862,0.00302286245285171));
#1221=CARTESIAN_POINT('',(-0.0429500744579476,0.00472813900991862,0.00293319363207401));
#1222=CARTESIAN_POINT('',(-0.0430240332257998,0.00472813900991862,0.00286685090567502));
#1223=CARTESIAN_POINT('',(-0.0431676990709155,0.00472813900991862,0.00279977869043256));
#1224=CARTESIAN_POINT('',(-0.0433176838487726,0.00472813900991862,0.00275046749133583));
#1225=CARTESIAN_POINT('',(-0.0434563367996666,0.00472813900991862,0.00267626907861882));
#1226=CARTESIAN_POINT('',(-0.0435347417682513,0.00472813900991862,0.00257902807911443));
#1227=CARTESIAN_POINT('',(-0.0435224544518548,0.00472813900991862,0.00245461649749944));
#1228=CARTESIAN_POINT('',(-0.0434537719333348,0.00472813900991862,0.00231325676890071));
#1229=CARTESIAN_POINT('',(-0.0433641961210965,0.00472813900991862,0.0021824945302455));
#1230=CARTESIAN_POINT('',(-0.0432907687108669,0.00472813900991862,0.00204573193511994));
#1231=CARTESIAN_POINT('',(-0.0432792997874657,0.00472813900991862,0.00191764095152071));
#1232=CARTESIAN_POINT('',(-0.0433656860911078,0.00472813900991862,0.00182368832634388));
#1233=CARTESIAN_POINT('',(-0.04346655937137,0.00472813900991862,0.00176195219646289));
#1234=CARTESIAN_POINT('',(-0.0435723540095694,0.00472813900991862,0.00170515303918795));
#1235=CARTESIAN_POINT('',(-0.0436745748075309,0.00472813900991862,0.00164511627873674));
#1236=CARTESIAN_POINT('',(-0.0437702749895335,0.00472813900991862,0.00157109592576381));
#1237=CARTESIAN_POINT('',(-0.0438205400815527,0.00472813900991862,0.00145221174626212));
#1238=CARTESIAN_POINT('',(-0.0437750400321064,0.00472813900991862,0.0013327302042618));
#1239=CARTESIAN_POINT('',(-0.043705026481741,0.00472813900991862,0.00123572020463268));
#1240=CARTESIAN_POINT('',(-0.0436256651366999,0.00472813900991862,0.00114300604046754));
#1241=CARTESIAN_POINT('',(-0.0435494552855033,0.00472813900991862,0.00105016599950648));
#1242=CARTESIAN_POINT('',(-0.043482020321567,0.00472813900991862,0.000945223348684349));
#1243=CARTESIAN_POINT('',(-0.0434908547466516,0.00472813900991862,0.000816459652180991));
#1244=CARTESIAN_POINT('',(-0.0435782830337451,0.00472813900991862,0.000725887621978569));
#1245=CARTESIAN_POINT('',(-0.0436728737572869,0.00472813900991862,0.000652100227022743));
#1246=CARTESIAN_POINT('',(-0.0437711458745106,0.00472813900991862,0.000580043744499135));
#1247=CARTESIAN_POINT('',(-0.0438623178999118,0.00472813900991862,0.000501991204828129));
#1248=CARTESIAN_POINT('',(-0.0439375280160244,0.00472813900991862,0.000400320192531441));
#1249=CARTESIAN_POINT('',(-0.0439262525593654,0.00472813900991862,0.000272198732897021));
#1250=CARTESIAN_POINT('',(-0.0438503301675155,0.00472813900991862,0.000174429527355292));
#1251=CARTESIAN_POINT('',(-0.0437634234654058,0.00472813900991862,9.11838298721545E-5));
#1252=CARTESIAN_POINT('',(-0.0436717062163455,0.00472813900991862,1.09101600576963E-5));
#1253=CARTESIAN_POINT('',(-0.0435866962376966,0.00472813900991862,-7.14239702073524E-5));
#1254=CARTESIAN_POINT('',(-0.0435191497035139,0.00472813900991862,-0.000183024505010457));
#1255=CARTESIAN_POINT('',(-0.0435576922359871,0.00472813900991862,-0.000308982976947803));
#1256=CARTESIAN_POINT('',(-0.0436394930037829,0.00472813900991862,-0.000401136433929587));
#1257=CARTESIAN_POINT('',(-0.0437268317660924,0.00472813900991862,-0.000487180822888212));
#1258=CARTESIAN_POINT('',(-0.0438123535379475,0.00472813900991862,-0.000574827735707146));
#1259=CARTESIAN_POINT('',(-0.0438876830397535,0.00472813900991862,-0.000671053996833218));
#1260=CARTESIAN_POINT('',(-0.0439147561703045,0.00472813900991862,-0.000801897332654155));
#1261=CARTESIAN_POINT('',(-0.0438391629872281,0.00472813900991862,-0.000910920757509898));
#1262=CARTESIAN_POINT('',(-0.0437426481860236,0.00472813900991862,-0.000987108384293095));
#1263=CARTESIAN_POINT('',(-0.0436380894107089,0.00472813900991862,-0.00105646034166415));
#1264=CARTESIAN_POINT('',(-0.0435354669314418,0.00472813900991862,-0.00112650684127384));
#1265=CARTESIAN_POINT('',(-0.0434576829044438,0.00472813900991862,-0.00119889439068617));
#1266=CARTESIAN_POINT('',(-0.0434269316554838,0.00472813900991862,-0.00127820470686932));
#1267=CARTESIAN_POINT('',(-0.0434333891751922,0.00472813900991862,-0.00136302434185614));
#1268=CARTESIAN_POINT('',(-0.0434838968097057,0.00472813900991862,-0.001454968857977));
#1269=CARTESIAN_POINT('',(-0.0435579692885468,0.00472813900991862,-0.00155409676638465));
#1270=CARTESIAN_POINT('',(-0.0436336123533553,0.00472813900991862,-0.001653016994402));
#1271=CARTESIAN_POINT('',(-0.0436999613270993,0.00472813900991862,-0.00175745322519416));
#1272=CARTESIAN_POINT('',(-0.0437333752616805,0.00472813900991862,-0.00188379217394841));
#1273=CARTESIAN_POINT('',(-0.0436652764959132,0.00472813900991862,-0.00199689293152428));
#1274=CARTESIAN_POINT('',(-0.0435262062828774,0.00472813900991862,-0.00208673060554389));
#1275=CARTESIAN_POINT('',(-0.0433764293278659,0.00472813900991862,-0.00215173390567475));
#1276=CARTESIAN_POINT('',(-0.0432341157916825,0.00472813900991862,-0.00223290917417385));
#1277=CARTESIAN_POINT('',(-0.0431588092528626,0.00472813900991862,-0.00233882099815325));
#1278=CARTESIAN_POINT('',(-0.0431859484957353,0.00472813900991862,-0.00246520233953306));
#1279=CARTESIAN_POINT('',(-0.0432407843272491,0.00472813900991862,-0.00257303880873387));
#1280=CARTESIAN_POINT('',(-0.0433018138735822,0.00472813900991862,-0.00267938672313993));
#1281=CARTESIAN_POINT('',(-0.0433567168253623,0.00472813900991862,-0.00278682042048276));
#1282=CARTESIAN_POINT('',(-0.0433963590810622,0.00472813900991862,-0.0029056525166237));
#1283=CARTESIAN_POINT('',(-0.0433599277498952,0.00472813900991862,-0.00303141114428096));
#1284=CARTESIAN_POINT('',(-0.0432522678974006,0.00472813900991862,-0.00310099128067223));
#1285=CARTESIAN_POINT('',(-0.0431383561662655,0.00472813900991862,-0.00314477177676898));
#1286=CARTESIAN_POINT('',(-0.0430201483791061,0.00472813900991862,-0.00318125652780536));
#1287=CARTESIAN_POINT('',(-0.0429061501740185,0.00472813900991862,-0.00322115972946292));
#1288=CARTESIAN_POINT('',(-0.0427929323184512,0.00472813900991862,-0.00328515359160784));
#1289=CARTESIAN_POINT('',(-0.0427575164773755,0.00472813900991862,-0.00341340814924388));
#1290=CARTESIAN_POINT('',(-0.0427927997602148,0.00472813900991862,-0.00353446677735556));
#1291=CARTESIAN_POINT('',(-0.0428372811522419,0.00472813900991862,-0.0036502080704563));
#1292=CARTESIAN_POINT('',(-0.0428818408415456,0.00472813900991862,-0.00376688854386457));
#1293=CARTESIAN_POINT('',(-0.0429140347708367,0.00472813900991862,-0.00388615071564347));
#1294=CARTESIAN_POINT('',(-0.0428962726695061,0.00472813900991862,-0.00401770194627659));
#1295=CARTESIAN_POINT('',(-0.0427882725812819,0.00472813900991862,-0.00409445737586211));
#1296=CARTESIAN_POINT('',(-0.042668335142644,0.00472813900991862,-0.0041269239533645));
#1297=CARTESIAN_POINT('',(-0.0425452539089282,0.00472813900991862,-0.00414813035423024));
#1298=CARTESIAN_POINT('',(-0.0424235666846701,0.00472813900991862,-0.00417007746084001));
#1299=CARTESIAN_POINT('',(-0.0423009234037804,0.00472813900991862,-0.0042052321366758));
#1300=CARTESIAN_POINT('',(-0.0422181916938751,0.00472813900991862,-0.00430825528561052));
#1301=CARTESIAN_POINT('',(-0.0422261807362646,0.00472813900991862,-0.00443749971063145));
#1302=CARTESIAN_POINT('',(-0.0422516767727476,0.00472813900991862,-0.00455656645844504));
#1303=CARTESIAN_POINT('',(-0.0422811106806038,0.00472813900991862,-0.00467705199609518));
#1304=CARTESIAN_POINT('',(-0.0423009854161149,0.00472813900991862,-0.00479767406127387));
#1305=CARTESIAN_POINT('',(-0.0422906015848083,0.00472813900991862,-0.00492635199886232));
#1306=CARTESIAN_POINT('',(-0.0421937847758502,0.00472813900991862,-0.00501396899023175));
#1307=CARTESIAN_POINT('',(-0.0420716288965928,0.00472813900991862,-0.00503775358802998));
#1308=CARTESIAN_POINT('',(-0.0419501976778774,0.00472813900991862,-0.00504486096105486));
#1309=CARTESIAN_POINT('',(-0.0418269415934649,0.00472813900991862,-0.00504766691673969));
#1310=CARTESIAN_POINT('',(-0.0417070418519805,0.00472813900991862,-0.00505709478277524));
#1311=CARTESIAN_POINT('',(-0.0415857316164316,0.00472813900991862,-0.00510829194516574));
#1312=CARTESIAN_POINT('',(-0.0415450647216609,0.00472813900991862,-0.00523400076092444));
#1313=CARTESIAN_POINT('',(-0.0415501928130174,0.00472813900991862,-0.00535739399680393));
#1314=CARTESIAN_POINT('',(-0.0415624580328843,0.00472813900991862,-0.00548076049107305));
#1315=CARTESIAN_POINT('',(-0.0415704806058459,0.00472813900991862,-0.00560385248149806));
#1316=CARTESIAN_POINT('',(-0.0415616502169327,0.00472813900991862,-0.0057293251804322));
#1317=CARTESIAN_POINT('',(-0.041485283164666,0.00472813900991862,-0.00583599421258459));
#1318=CARTESIAN_POINT('',(-0.0413584127134874,0.00472813900991862,-0.00586120747051124));
#1319=CARTESIAN_POINT('',(-0.0412365482559745,0.00472813900991862,-0.00585601554702676));
#1320=CARTESIAN_POINT('',(-0.0411141249693703,0.00472813900991862,-0.00584152673052738));
#1321=CARTESIAN_POINT('',(-0.0409929125631585,0.00472813900991862,-0.00583087481928212));
#1322=CARTESIAN_POINT('',(-0.0408660598372483,0.00472813900991862,-0.00583854353337422));
#1323=CARTESIAN_POINT('',(-0.0407735669478234,0.00472813900991862,-0.00593022937725205));
#1324=CARTESIAN_POINT('',(-0.0407526826379027,0.00472813900991862,-0.00605372820045571));
#1325=CARTESIAN_POINT('',(-0.0407453964145955,0.00472813900991862,-0.00617480881750987));
#1326=CARTESIAN_POINT('',(-0.0407398511258066,0.00472813900991862,-0.00629751838968867));
#1327=CARTESIAN_POINT('',(-0.0407241643116796,0.00472813900991862,-0.00641648721812569));
#1328=CARTESIAN_POINT('',(-0.0406706523375047,0.00472813900991862,-0.00653558398103913));
#1329=CARTESIAN_POINT('',(-0.0405470774414018,0.00472813900991862,-0.00658103924441424));
#1330=CARTESIAN_POINT('',(-0.0404235707100186,0.00472813900991862,-0.00656643083502611));
#1331=CARTESIAN_POINT('',(-0.040303658534664,0.00472813900991862,-0.00653797848857633));
#1332=CARTESIAN_POINT('',(-0.0401842128159618,0.00472813900991862,-0.00650727623458477));
#1333=CARTESIAN_POINT('',(-0.0400626545859197,0.00472813900991862,-0.00648463313472042));
#1334=CARTESIAN_POINT('',(-0.0399349912058717,0.00472813900991862,-0.00651725869890061));
#1335=CARTESIAN_POINT('',(-0.0398744093906923,0.00472813900991862,-0.0066332046844625));
#1336=CARTESIAN_POINT('',(-0.0398472256393136,0.00472813900991862,-0.0067516746560118));
#1337=CARTESIAN_POINT('',(-0.039825513071126,0.00472813900991862,-0.00687309300630519));
#1338=CARTESIAN_POINT('',(-0.0397979380665561,0.00472813900991862,-0.00699175503794632));
#1339=CARTESIAN_POINT('',(-0.039750713435453,0.00472813900991862,-0.00710793896670238));
#1340=CARTESIAN_POINT('',(-0.0396398661630719,0.00472813900991862,-0.00717786860979989));
#1341=CARTESIAN_POINT('',(-0.0395135147568874,0.00472813900991862,-0.00716033911864696));
#1342=CARTESIAN_POINT('',(-0.0393987326936081,0.00472813900991862,-0.00712056049299077));
#1343=CARTESIAN_POINT('',(-0.0392846935065079,0.00472813900991862,-0.00707245668421318));
#1344=CARTESIAN_POINT('',(-0.0391715851910219,0.00472813900991862,-0.00702997509000502));
#1345=CARTESIAN_POINT('',(-0.0390441173144743,0.00472813900991862,-0.00700770477990095));
#1346=CARTESIAN_POINT('',(-0.038936249820076,0.00472813900991862,-0.0070846387788669));
#1347=CARTESIAN_POINT('',(-0.0388693979916693,0.00472813900991862,-0.0072370770868596));
#1348=CARTESIAN_POINT('',(-0.0388233823627034,0.00472813900991862,-0.00739352949833697));
#1349=CARTESIAN_POINT('',(-0.0387549831060124,0.00472813900991862,-0.00754193311832827));
#1350=CARTESIAN_POINT('',(-0.0386613253668497,0.00472813900991862,-0.00763190433524648));
#1351=CARTESIAN_POINT('',(-0.0385315368636244,0.00472813900991862,-0.00762680259921251));
#1352=CARTESIAN_POINT('',(-0.0383839066833543,0.00472813900991862,-0.00756093419090091));
#1353=CARTESIAN_POINT('',(-0.038246558551343,0.00472813900991862,-0.00747315544013408));
#1354=CARTESIAN_POINT('',(-0.0380982880933781,0.00472813900991862,-0.00740236329602675));
#1355=CARTESIAN_POINT('',(-0.0379688328110696,0.00472813900991862,-0.00740845964754977));
#1356=CARTESIAN_POINT('',(-0.0378841916192011,0.00472813900991862,-0.00750486211530932));
#1357=CARTESIAN_POINT('',(-0.0378261375582435,0.00472813900991862,-0.00761078271208849));
#1358=CARTESIAN_POINT('',(-0.0377722078859711,0.00472813900991862,-0.00772080879228087));
#1359=CARTESIAN_POINT('',(-0.0377127389748739,0.00472813900991862,-0.00782651921603013));
#1360=CARTESIAN_POINT('',(-0.0376330775242232,0.00472813900991862,-0.00792410628720769));
#1361=CARTESIAN_POINT('',(-0.0375072348724126,0.00472813900991862,-0.00795500369979559));
#1362=CARTESIAN_POINT('',(-0.0373927371023369,0.00472813900991862,-0.00790241858643276));
#1363=CARTESIAN_POINT('',(-0.0372941775106959,0.00472813900991862,-0.00783269288181907));
#1364=CARTESIAN_POINT('',(-0.0371988332257643,0.00472813900991862,-0.00775576304777004));
#1365=CARTESIAN_POINT('',(-0.0371015211243148,0.00472813900991862,-0.0076838949166551));
#1366=CARTESIAN_POINT('',(-0.0369870565091674,0.00472813900991862,-0.00762914986543566));
#1367=CARTESIAN_POINT('',(-0.0368638835674289,0.00472813900991862,-0.00767174977266201));
#1368=CARTESIAN_POINT('',(-0.0367845336862852,0.00472813900991862,-0.00776629522809582));
#1369=CARTESIAN_POINT('',(-0.036714606544553,0.00472813900991862,-0.00786583724279317));
#1370=CARTESIAN_POINT('',(-0.0366446589130284,0.00472813900991862,-0.0079660851568989));
#1371=CARTESIAN_POINT('',(-0.0365657571142285,0.00472813900991862,-0.00805850573642142));
#1372=CARTESIAN_POINT('',(-0.0364535762388559,0.00472813900991862,-0.00812216399895629));
#1373=CARTESIAN_POINT('',(-0.0363297509095601,0.00472813900991862,-0.0080863396633586));
#1374=CARTESIAN_POINT('',(-0.0362361746539654,0.00472813900991862,-0.0080093912682579));
#1375=CARTESIAN_POINT('',(-0.036151696432771,0.00472813900991862,-0.00792316415975782));
#1376=CARTESIAN_POINT('',(-0.0360680691587239,0.00472813900991862,-0.00783557182794661));
#1377=CARTESIAN_POINT('',(-0.0359785376452973,0.00472813900991862,-0.0077544106981891));
#1378=CARTESIAN_POINT('',(-0.0358561531694539,0.00472813900991862,-0.00771500184016021));
#1379=CARTESIAN_POINT('',(-0.0357445482852126,0.00472813900991862,-0.00777811308350301));
#1380=CARTESIAN_POINT('',(-0.0356593744144941,0.00472813900991862,-0.00786266191494464));
#1381=CARTESIAN_POINT('',(-0.0355776710441931,0.00472813900991862,-0.00795282475693146));
#1382=CARTESIAN_POINT('',(-0.0354929118344975,0.00472813900991862,-0.00803850420202067));
#1383=CARTESIAN_POINT('',(-0.0353936199100556,0.00472813900991862,-0.00811314895232571));
#1384=CARTESIAN_POINT('',(-0.0352656947376253,0.00472813900991862,-0.00812299062981366));
#1385=CARTESIAN_POINT('',(-0.0351649091750675,0.00472813900991862,-0.00804638009450341));
#1386=CARTESIAN_POINT('',(-0.0350886211706814,0.00472813900991862,-0.00795424164607411));
#1387=CARTESIAN_POINT('',(-0.0350183267382131,0.00472813900991862,-0.0078548507410266));
#1388=CARTESIAN_POINT('',(-0.034946173012779,0.00472813900991862,-0.00775884897276573));
#1389=CARTESIAN_POINT('',(-0.0348583073493069,0.00472813900991862,-0.00767019479159687));
#1390=CARTESIAN_POINT('',(-0.0347305276284553,0.00472813900991862,-0.00765671255242536));
#1391=CARTESIAN_POINT('',(-0.0346243378991452,0.00472813900991862,-0.00772123740260764));
#1392=CARTESIAN_POINT('',(-0.034530618230774,0.00472813900991862,-0.00779511904731259));
#1393=CARTESIAN_POINT('',(-0.0344375631606599,0.00472813900991862,-0.00787226744060651));
#1394=CARTESIAN_POINT('',(-0.0343397503368523,0.00472813900991862,-0.00794089650367084));
#1395=CARTESIAN_POINT('',(-0.0342227732222702,0.00472813900991862,-0.00798639986385649));
#1396=CARTESIAN_POINT('',(-0.0341035472939524,0.00472813900991862,-0.00794118361060889));
#1397=CARTESIAN_POINT('',(-0.0340287449628582,0.00472813900991862,-0.00784472326258127));
#1398=CARTESIAN_POINT('',(-0.033969890883654,0.00472813900991862,-0.00774167358874816));
#1399=CARTESIAN_POINT('',(-0.0339151834004004,0.00472813900991862,-0.007635014214242));
#1400=CARTESIAN_POINT('',(-0.0338558116613823,0.00472813900991862,-0.00753301893620455));
#1401=CARTESIAN_POINT('',(-0.0337684851337786,0.00472813900991862,-0.00744285726830361));
#1402=CARTESIAN_POINT('',(-0.0336420228108825,0.00472813900991862,-0.00744283772051624));
#1403=CARTESIAN_POINT('',(-0.0334994780114829,0.00472813900991862,-0.00751359744333771));
#1404=CARTESIAN_POINT('',(-0.0333669475909716,0.00472813900991862,-0.00760145819059594));
#1405=CARTESIAN_POINT('',(-0.0332254567493698,0.00472813900991862,-0.00766899407808181));
#1406=CARTESIAN_POINT('',(-0.0330998133433072,0.00472813900991862,-0.00768416595990721));
#1407=CARTESIAN_POINT('',(-0.0329995142449391,0.00472813900991862,-0.00760575407812511));
#1408=CARTESIAN_POINT('',(-0.0329261503550677,0.00472813900991862,-0.00746326280984125));
#1409=CARTESIAN_POINT('',(-0.0328777058963225,0.00472813900991862,-0.00731042300093654));
#1410=CARTESIAN_POINT('',(-0.0328156195052487,0.00472813900991862,-0.00716521881002404));
#1411=CARTESIAN_POINT('',(-0.0327261972462419,0.00472813900991862,-0.00707206924018285));
#1412=CARTESIAN_POINT('',(-0.0325976192483823,0.00472813900991862,-0.00707676664956162));
#1413=CARTESIAN_POINT('',(-0.032447070065403,0.00472813900991862,-0.0071324636872371));
#1414=CARTESIAN_POINT('',(-0.0323009373131514,0.00472813900991862,-0.0072020238116582));
#1415=CARTESIAN_POINT('',(-0.0321422877744382,0.00472813900991862,-0.00724271911331587));
#1416=CARTESIAN_POINT('',(-0.0320175312780643,0.00472813900991862,-0.00720928609139927));
#1417=CARTESIAN_POINT('',(-0.0319512017245787,0.00472813900991862,-0.00709985127588721));
#1418=CARTESIAN_POINT('',(-0.0319179416033489,0.00472813900991862,-0.00698536362004799));
#1419=CARTESIAN_POINT('',(-0.031893763065587,0.00472813900991862,-0.00686608541597239));
#1420=CARTESIAN_POINT('',(-0.0318676100210245,0.00472813900991862,-0.00674895489976764));
#1421=CARTESIAN_POINT('',(-0.0318268798227023,0.00472813900991862,-0.00663167035224393));
#1422=CARTESIAN_POINT('',(-0.0317215008328388,0.00472813900991862,-0.00655828544244588));
#1423=CARTESIAN_POINT('',(-0.0315966048274692,0.00472813900991862,-0.00657046359223531));
#1424=CARTESIAN_POINT('',(-0.0314808915898226,0.00472813900991862,-0.0065991833968416));
#1425=CARTESIAN_POINT('',(-0.0313644715786703,0.00472813900991862,-0.00663212659784728));
#1426=CARTESIAN_POINT('',(-0.0312472339519902,0.00472813900991862,-0.0066562272548232));
#1427=CARTESIAN_POINT('',(-0.0311224886437578,0.00472813900991862,-0.00665519540203741));
#1428=CARTESIAN_POINT('',(-0.0310254722536041,0.00472813900991862,-0.00657217350284738));
#1429=CARTESIAN_POINT('',(-0.0309932895103514,0.00472813900991862,-0.00645344474268806));
#1430=CARTESIAN_POINT('',(-0.0309804848951131,0.00472813900991862,-0.00633542842409527));
#1431=CARTESIAN_POINT('',(-0.0309739834812309,0.00472813900991862,-0.00621558730361245));
#1432=CARTESIAN_POINT('',(-0.0309619324432861,0.00472813900991862,-0.00609793330409824));
#1433=CARTESIAN_POINT('',(-0.0309239407891031,0.00472813900991862,-0.00597891983157817));
#1434=CARTESIAN_POINT('',(-0.030812036686157,0.00472813900991862,-0.005919650355285));
#1435=CARTESIAN_POINT('',(-0.0306918053399927,0.00472813900991862,-0.00592314159132468));
#1436=CARTESIAN_POINT('',(-0.0305741957297215,0.00472813900991862,-0.00593720311753209));
#1437=CARTESIAN_POINT('',(-0.0304557304106172,0.00472813900991862,-0.00595223924534638));
#1438=CARTESIAN_POINT('',(-0.0303390097881183,0.00472813900991862,-0.005956489397208));
#1439=CARTESIAN_POINT('',(-0.0302161951305136,0.00472813900991862,-0.00592470604860996));
#1440=CARTESIAN_POINT('',(-0.0301501404931825,0.00472813900991862,-0.00581500828070057));
#1441=CARTESIAN_POINT('',(-0.0301417668133012,0.00472813900991862,-0.00569403466500818));
#1442=CARTESIAN_POINT('',(-0.0301480380403915,0.00472813900991862,-0.00557417352198673));
#1443=CARTESIAN_POINT('',(-0.0301577700042971,0.00472813900991862,-0.00545411224307122));
#1444=CARTESIAN_POINT('',(-0.0301600516596007,0.00472813900991862,-0.00533460608087725));
#1445=CARTESIAN_POINT('',(-0.0301206491,0.00472813900991862,-0.0052131527090799));
#1446=CARTESIAN_POINT('',(-0.0300046533507431,0.00472813900991862,-0.00516092711436552));
#1447=CARTESIAN_POINT('',(-0.0298859923578512,0.00472813900991862,-0.00515225800014723));
#1448=CARTESIAN_POINT('',(-0.0297667895547992,0.00472813900991862,-0.00515129772070931));
#1449=CARTESIAN_POINT('',(-0.0296478779996953,0.00472813900991862,-0.00514768961584373));
#1450=CARTESIAN_POINT('',(-0.0295297419551911,0.00472813900991862,-0.00513035709738359));
#1451=CARTESIAN_POINT('',(-0.0294237309890501,0.00472813900991862,-0.00506252320997232));
#1452=CARTESIAN_POINT('',(-0.0293959310728516,0.00472813900991862,-0.00494008371130635));
#1453=CARTESIAN_POINT('',(-0.0294086695409187,0.00472813900991862,-0.00482369320577477));
#1454=CARTESIAN_POINT('',(-0.0294331331878524,0.00472813900991862,-0.00470755912047033));
#1455=CARTESIAN_POINT('',(-0.0294580349602734,0.00472813900991862,-0.00459203574495081));
#1456=CARTESIAN_POINT('',(-0.0294738432714022,0.00472813900991862,-0.00447426014653531));
#1457=CARTESIAN_POINT('',(-0.0294366942577221,0.00472813900991862,-0.00435462940357914));
#1458=CARTESIAN_POINT('',(-0.0293254719273363,0.00472813900991862,-0.00429878944203791));
#1459=CARTESIAN_POINT('',(-0.0292107079183585,0.00472813900991862,-0.00427537083875395));
#1460=CARTESIAN_POINT('',(-0.0290939116875657,0.00472813900991862,-0.00425853354740625));
#1461=CARTESIAN_POINT('',(-0.0289776936741401,0.00472813900991862,-0.00423719664709414));
#1462=CARTESIAN_POINT('',(-0.0288660425247957,0.00472813900991862,-0.00420200319379397));
#1463=CARTESIAN_POINT('',(-0.0287760271753007,0.00472813900991862,-0.00411296817457618));
#1464=CARTESIAN_POINT('',(-0.0287730117253824,0.00472813900991862,-0.00398774167830143));
#1465=CARTESIAN_POINT('',(-0.028803304442262,0.00472813900991862,-0.00387484011845136));
#1466=CARTESIAN_POINT('',(-0.0288443689994068,0.00472813900991862,-0.00376346312274061));
#1467=CARTESIAN_POINT('',(-0.0288843722728012,0.00472813900991862,-0.00365265988180853));
#1468=CARTESIAN_POINT('',(-0.0289148790647018,0.00472813900991862,-0.0035366271580475));
#1469=CARTESIAN_POINT('',(-0.0288841938271489,0.00472813900991862,-0.00341462718546289));
#1470=CARTESIAN_POINT('',(-0.0287775965648571,0.00472813900991862,-0.00334985196217467));
#1471=CARTESIAN_POINT('',(-0.0286677219583971,0.00472813900991862,-0.00331204358678797));
#1472=CARTESIAN_POINT('',(-0.0285541297605017,0.00472813900991862,-0.00327914349820186));
#1473=CARTESIAN_POINT('',(-0.0284436215299432,0.00472813900991862,-0.00324143038296682));
#1474=CARTESIAN_POINT('',(-0.0283368078005329,0.00472813900991862,-0.00318666815791167));
#1475=CARTESIAN_POINT('',(-0.0282703871676695,0.00472813900991862,-0.00308208883883985));
#1476=CARTESIAN_POINT('',(-0.0282899895095614,0.00472813900991862,-0.0029602877160508));
#1477=CARTESIAN_POINT('',(-0.0283362010068376,0.00472813900991862,-0.00285446424648207));
#1478=CARTESIAN_POINT('',(-0.0283916645375842,0.00472813900991862,-0.00275198668641476));
#1479=CARTESIAN_POINT('',(-0.028445532363641,0.00472813900991862,-0.00264897427580141));
#1480=CARTESIAN_POINT('',(-0.0284897130603576,0.00472813900991862,-0.00254193080621742));
#1481=CARTESIAN_POINT('',(-0.0284758849106555,0.00472813900991862,-0.00241770338809169));
#1482=CARTESIAN_POINT('',(-0.0283808073395409,0.00472813900991862,-0.00233971028742655));
#1483=CARTESIAN_POINT('',(-0.028277268993645,0.00472813900991862,-0.00228668872567851));
#1484=CARTESIAN_POINT('',(-0.0281699527075757,0.00472813900991862,-0.00223863314919248));
#1485=CARTESIAN_POINT('',(-0.0280655006605584,0.00472813900991862,-0.00218583019823557));
#1486=CARTESIAN_POINT('',(-0.0279682131525219,0.00472813900991862,-0.00211812917029602));
#1487=CARTESIAN_POINT('',(-0.0279148262176644,0.00472813900991862,-0.00200601523431602));
#1488=CARTESIAN_POINT('',(-0.0279496408175067,0.00472813900991862,-0.00188828973596491));
#1489=CARTESIAN_POINT('',(-0.0280104525831783,0.00472813900991862,-0.00178862770409355));
#1490=CARTESIAN_POINT('',(-0.0280801415625845,0.00472813900991862,-0.00169409653387373));
#1491=CARTESIAN_POINT('',(-0.0281482137852761,0.00472813900991862,-0.00159938183544732));
#1492=CARTESIAN_POINT('',(-0.0282080480981606,0.00472813900991862,-0.00149684458390852));
#1493=CARTESIAN_POINT('',(-0.0282100449589395,0.00472813900991862,-0.00137286572309053));
#1494=CARTESIAN_POINT('',(-0.028126564255397,0.00472813900991862,-0.0012827813093279));
#1495=CARTESIAN_POINT('',(-0.0280325339576577,0.00472813900991862,-0.00121673244669893));
#1496=CARTESIAN_POINT('',(-0.0279338180588821,0.00472813900991862,-0.00115468579509579));
#1497=CARTESIAN_POINT('',(-0.0278386688173935,0.00472813900991862,-0.00108872283416023));
#1498=CARTESIAN_POINT('',(-0.0277524165525767,0.00472813900991862,-0.00100956091221834));
#1499=CARTESIAN_POINT('',(-0.0277121580211285,0.00472813900991862,-0.000893698050721685));
#1500=CARTESIAN_POINT('',(-0.0277598064425513,0.00472813900991862,-0.000781715792481771));
#1501=CARTESIAN_POINT('',(-0.0278312907962526,0.00472813900991862,-0.00069298070460835));
#1502=CARTESIAN_POINT('',(-0.0279118785467915,0.00472813900991862,-0.00060994310832092));
#1503=CARTESIAN_POINT('',(-0.0279921611032668,0.00472813900991862,-0.00052667054027786));
#1504=CARTESIAN_POINT('',(-0.0280646616421207,0.00472813900991862,-0.000438594065246068));
#1505=CARTESIAN_POINT('',(-0.0280970183600883,0.00472813900991862,-0.000318466098334346));
#1506=CARTESIAN_POINT('',(-0.0280338432577178,0.00472813900991862,-0.000212955365694149));
#1507=CARTESIAN_POINT('',(-0.0279503065029114,0.00472813900991862,-0.000132966954671217));
#1508=CARTESIAN_POINT('',(-0.0278614530360106,0.00472813900991862,-5.76778393213263E-5));
#1509=CARTESIAN_POINT('',(-0.0277751358427621,0.00472813900991862,2.02707207540087E-5));
#1510=CARTESIAN_POINT('',(-0.0276988584191668,0.00472813900991862,0.000107970912691411));
#1511=CARTESIAN_POINT('',(-0.0276637479817397,0.00472813900991862,0.000225497066077297));
#1512=CARTESIAN_POINT('',(-0.027719210060456,0.00472813900991862,0.000334727964445747));
#1513=CARTESIAN_POINT('',(-0.0278024810665662,0.00472813900991862,0.000415317919020626));
#1514=CARTESIAN_POINT('',(-0.027893538147871,0.00472813900991862,0.000487044790133879));
#1515=CARTESIAN_POINT('',(-0.0279853995465514,0.00472813900991862,0.000558119899217566));
#1516=CARTESIAN_POINT('',(-0.028071008327215,0.00472813900991862,0.000634488782036433));
#1517=CARTESIAN_POINT('',(-0.0281279857801837,0.00472813900991862,0.000745926240286145));
#1518=CARTESIAN_POINT('',(-0.0280854372881006,0.00472813900991862,0.000863078911125035));
#1519=CARTESIAN_POINT('',(-0.0280145983854657,0.00472813900991862,0.000954211561810266));
#1520=CARTESIAN_POINT('',(-0.0279364675276137,0.00472813900991862,0.00104227550895049));
#1521=CARTESIAN_POINT('',(-0.0278610941449891,0.00472813900991862,0.00113147208448037));
#1522=CARTESIAN_POINT('',(-0.0277952451431368,0.00472813900991862,0.00122914120259798));
#1523=CARTESIAN_POINT('',(-0.0277728126212653,0.00472813900991862,0.00135488928114674));
#1524=CARTESIAN_POINT('',(-0.0278456312751761,0.00472813900991862,0.00145860958990796));
#1525=CARTESIAN_POINT('',(-0.0279427577693907,0.00472813900991862,0.00152823619183033));
#1526=CARTESIAN_POINT('',(-0.0280461786938853,0.00472813900991862,0.00158794448400893));
#1527=CARTESIAN_POINT('',(-0.0281494767041361,0.00472813900991862,0.00164740595282619));
#1528=CARTESIAN_POINT('',(-0.0282483164934715,0.00472813900991862,0.00171565891385167));
#1529=CARTESIAN_POINT('',(-0.0283088438199987,0.00472813900991862,0.00182644364843743));
#1530=CARTESIAN_POINT('',(-0.0282721568698154,0.00472813900991862,0.00194614406941093));
#1531=CARTESIAN_POINT('',(-0.028211662831461,0.00472813900991862,0.00204764122916403));
#1532=CARTESIAN_POINT('',(-0.0281445239337446,0.00472813900991862,0.00214760648514172));
#1533=CARTESIAN_POINT('',(-0.0280833813809874,0.00472813900991862,0.00224898797553965));
#1534=CARTESIAN_POINT('',(-0.0280341417802803,0.00472813900991862,0.00236172825457546));
#1535=CARTESIAN_POINT('',(-0.0280572599581833,0.00472813900991862,0.00249434651681401));
#1536=CARTESIAN_POINT('',(-0.0281617182196648,0.00472813900991862,0.00257348415647134));
#1537=CARTESIAN_POINT('',(-0.0282732171528161,0.00472813900991862,0.00262556053758556));
#1538=CARTESIAN_POINT('',(-0.0283906960640578,0.00472813900991862,0.00267102522932175));
#1539=CARTESIAN_POINT('',(-0.0285036869173867,0.00472813900991862,0.00271970452911441));
#1540=CARTESIAN_POINT('',(-0.028612325422267,0.00472813900991862,0.00279433716075999));
#1541=CARTESIAN_POINT('',(-0.0286332825265728,0.00472813900991862,0.00292683930237623));
#1542=CARTESIAN_POINT('',(-0.0285737257471522,0.00472813900991862,0.00308342889379392));
#1543=CARTESIAN_POINT('',(-0.0284969108266205,0.00472813900991862,0.0032312070275736));
#1544=CARTESIAN_POINT('',(-0.0284427925750921,0.00472813900991862,0.00339022747098341));
#1545=CARTESIAN_POINT('',(-0.0284607689696866,0.00472813900991862,0.00352633623159105));
#1546=CARTESIAN_POINT('',(-0.028571749109627,0.00472813900991862,0.00360425256369903));
#1547=CARTESIAN_POINT('',(-0.028692451067841,0.00472813900991862,0.00364336420405835));
#1548=CARTESIAN_POINT('',(-0.0288166695113193,0.00472813900991862,0.00367299473711165));
#1549=CARTESIAN_POINT('',(-0.0289394268929571,0.00472813900991862,0.00370491981075029));
#1550=CARTESIAN_POINT('',(-0.0290382195384539,0.00472813900991862,0.00374990264479946));
#1551=CARTESIAN_POINT('',(-0.0290894257121356,0.00472813900991862,0.00382010742575582));
#1552=CARTESIAN_POINT('',(-0.0291055151025926,0.00472813900991862,0.00390525015435572));
#1553=CARTESIAN_POINT('',(-0.029085705862756,0.00472813900991862,0.00401004539565165));
#1554=CARTESIAN_POINT('',(-0.0290479967617501,0.00472813900991862,0.00413084042017648));
#1555=CARTESIAN_POINT('',(-0.0290113787166448,0.00472813900991862,0.00425237240110884));
#1556=CARTESIAN_POINT('',(-0.0289868721728425,0.00472813900991862,0.00437551600507281));
#1557=CARTESIAN_POINT('',(-0.0290185528387394,0.00472813900991862,0.00450935204847132));
#1558=CARTESIAN_POINT('',(-0.0291385536234734,0.00472813900991862,0.00457493139828015));
#1559=CARTESIAN_POINT('',(-0.0292643267311233,0.00472813900991862,0.00459746500319827));
#1560=CARTESIAN_POINT('',(-0.0293925427906305,0.00472813900991862,0.00460979702796874));
#1561=CARTESIAN_POINT('',(-0.0295195015109883,0.00472813900991862,0.00462417243165388));
#1562=CARTESIAN_POINT('',(-0.0296247527726054,0.00472813900991862,0.00465461028437014));
#1563=CARTESIAN_POINT('',(-0.0296862351556475,0.00472813900991862,0.00471724234412925));
#1564=CARTESIAN_POINT('',(-0.0297143741201633,0.00472813900991862,0.00480002771106586));
#1565=CARTESIAN_POINT('',(-0.0297068002312758,0.00472813900991862,0.00495010247183802));
#1566=CARTESIAN_POINT('',(-0.0296709398444054,0.00472813900991862,0.00511697522914014));
#1567=CARTESIAN_POINT('',(-0.0296624037031696,0.00472813900991862,0.00528668996888287));
#1568=CARTESIAN_POINT('',(-0.0297156051648694,0.00472813900991862,0.00541305466215052));
#1569=CARTESIAN_POINT('',(-0.0298436175826588,0.00472813900991862,0.00545872297175058));
#1570=CARTESIAN_POINT('',(-0.0299708323690092,0.00472813900991862,0.00546321098741193));
#1571=CARTESIAN_POINT('',(-0.0300991186177007,0.00472813900991862,0.00545747800800084));
#1572=CARTESIAN_POINT('',(-0.0302264139462466,0.00472813900991862,0.00545422401885658));
#1573=CARTESIAN_POINT('',(-0.0303347841760577,0.00472813900991862,0.0054703756912925));
#1574=CARTESIAN_POINT('',(-0.0304034682820257,0.00472813900991862,0.00552464716708979));
#1575=CARTESIAN_POINT('',(-0.0304419920160658,0.00472813900991862,0.00560293551565171));
#1576=CARTESIAN_POINT('',(-0.0304514104280195,0.00472813900991862,0.005709604999302));
#1577=CARTESIAN_POINT('',(-0.0304483431550323,0.00472813900991862,0.00583698566076546));
#1578=CARTESIAN_POINT('',(-0.0304466721898798,0.00472813900991862,0.00596444441098081));
#1579=CARTESIAN_POINT('',(-0.0304585627284751,0.00472813900991862,0.00609269324472418));
#1580=CARTESIAN_POINT('',(-0.0305290081779386,0.00472813900991862,0.00620819106351081));
#1581=CARTESIAN_POINT('',(-0.0306616107476186,0.00472813900991862,0.00623548635228146));
#1582=CARTESIAN_POINT('',(-0.0307876607693848,0.00472813900991862,0.00622225908024243));
#1583=CARTESIAN_POINT('',(-0.0309133752220107,0.00472813900991862,0.00619888224557355));
#1584=CARTESIAN_POINT('',(-0.0310382246654947,0.00472813900991862,0.00617795532089911));
#1585=CARTESIAN_POINT('',(-0.031147818713974,0.00472813900991862,0.00617848375894816));
#1586=CARTESIAN_POINT('',(-0.031223460088154,0.00472813900991862,0.00622155645302903));
#1587=CARTESIAN_POINT('',(-0.0312730234592158,0.00472813900991862,0.00629253064599687));
#1588=CARTESIAN_POINT('',(-0.0312977543858248,0.00472813900991862,0.00639669027285524));
#1589=CARTESIAN_POINT('',(-0.0313123819056192,0.00472813900991862,0.00652177464956339));
#1590=CARTESIAN_POINT('',(-0.0313282574313546,0.00472813900991862,0.00664738718972272));
#1591=CARTESIAN_POINT('',(-0.0313557134693487,0.00472813900991862,0.0067696774738445));
#1592=CARTESIAN_POINT('',(-0.0314380472400893,0.00472813900991862,0.00687975812543407));
#1593=CARTESIAN_POINT('',(-0.0315745153476411,0.00472813900991862,0.00689178629352314));
#1594=CARTESIAN_POINT('',(-0.0316975267088961,0.00472813900991862,0.0068617058710214));
#1595=CARTESIAN_POINT('',(-0.0318199487309422,0.00472813900991862,0.00682088503315524));
#1596=CARTESIAN_POINT('',(-0.0319412673939259,0.00472813900991862,0.00678231482611667));
#1597=CARTESIAN_POINT('',(-0.0320500666894654,0.00472813900991862,0.0067665721101922));
#1598=CARTESIAN_POINT('',(-0.032132091135237,0.00472813900991862,0.00679750107746592));
#1599=CARTESIAN_POINT('',(-0.0321921362470759,0.00472813900991862,0.00686061725248881));
#1600=CARTESIAN_POINT('',(-0.0322316045904926,0.00472813900991862,0.00696095486033406));
#1601=CARTESIAN_POINT('',(-0.032263729546373,0.00472813900991862,0.0070835268534187));
#1602=CARTESIAN_POINT('',(-0.0322970415997804,0.00472813900991862,0.007206540534576));
#1603=CARTESIAN_POINT('',(-0.0323422316421757,0.00472813900991862,0.00732501862723616));
#1604=CARTESIAN_POINT('',(-0.0324383711149012,0.00472813900991862,0.00742042230322861));
#1605=CARTESIAN_POINT('',(-0.0325736371706921,0.00472813900991862,0.00741392223723197));
#1606=CARTESIAN_POINT('',(-0.0326898282642211,0.00472813900991862,0.0073679830321571));
#1607=CARTESIAN_POINT('',(-0.0328028870449063,0.00472813900991862,0.00731197463134997));
#1608=CARTESIAN_POINT('',(-0.0329157408470425,0.00472813900991862,0.00725746900801082));
#1609=CARTESIAN_POINT('',(-0.0330176096916759,0.00472813900991862,0.0072255589068316));
#1610=CARTESIAN_POINT('',(-0.0331025556274229,0.00472813900991862,0.00723793829848143));
#1611=CARTESIAN_POINT('',(-0.0331734510511785,0.00472813900991862,0.00728582705465954));
#1612=CARTESIAN_POINT('',(-0.033228424583545,0.00472813900991862,0.00737660203029909));
#1613=CARTESIAN_POINT('',(-0.0332770120555149,0.00472813900991862,0.00748999265056451));
#1614=CARTESIAN_POINT('',(-0.0333249354705566,0.00472813900991862,0.0076050492927471));
#1615=CARTESIAN_POINT('',(-0.0333819760802404,0.00472813900991862,0.00771425448007529));
#1616=CARTESIAN_POINT('',(-0.0334745271836437,0.00472813900991862,0.00780648438071556));
#1617=CARTESIAN_POINT('',(-0.0336065509284917,0.00472813900991862,0.00780423322188846));
#1618=CARTESIAN_POINT('',(-0.0337535440708412,0.00472813900991862,0.00772899698007287));
#1619=CARTESIAN_POINT('',(-0.033886608133876,0.00472813900991862,0.0076308158553597));
#1620=CARTESIAN_POINT('',(-0.0340272516560302,0.00472813900991862,0.00754814451862783));
#1621=CARTESIAN_POINT('',(-0.0341602239594721,0.00472813900991862,0.00753724704970662));
#1622=CARTESIAN_POINT('',(-0.0342560923196907,0.00472813900991862,0.00762853054982781));
#1623=CARTESIAN_POINT('',(-0.0343224941622528,0.00472813900991862,0.00773214832526313));
#1624=CARTESIAN_POINT('',(-0.0343852665605046,0.00472813900991862,0.00784029601275605));
#1625=CARTESIAN_POINT('',(-0.0344532761744409,0.00472813900991862,0.00794334546736687));
#1626=CARTESIAN_POINT('',(-0.034542288289048,0.00472813900991862,0.00803587126102752));
#1627=CARTESIAN_POINT('',(-0.0346729988436653,0.00472813900991862,0.00805247510145856));
#1628=CARTESIAN_POINT('',(-0.0347838174646665,0.00472813900991862,0.00798805723800493));
#1629=CARTESIAN_POINT('',(-0.0348781789674596,0.00472813900991862,0.00790924900879477));
#1630=CARTESIAN_POINT('',(-0.0349696852989804,0.00472813900991862,0.00782442383876792));
#1631=CARTESIAN_POINT('',(-0.0350624678747322,0.00472813900991862,0.00774598297598773));
#1632=CARTESIAN_POINT('',(-0.0351829747531754,0.00472813900991862,0.00768862159532513));
#1633=CARTESIAN_POINT('',(-0.0353059689527884,0.00472813900991862,0.0077424071928299));
#1634=CARTESIAN_POINT('',(-0.03538920587847,0.00472813900991862,0.00783456367506358));
#1635=CARTESIAN_POINT('',(-0.035467472479299,0.00472813900991862,0.00793293596132899));
#1636=CARTESIAN_POINT('',(-0.0355471976008785,0.00472813900991862,0.00802822722475353));
#1637=CARTESIAN_POINT('',(-0.0356407936174206,0.00472813900991862,0.00811599085950848));
#1638=CARTESIAN_POINT('',(-0.0357740751655459,0.00472813900991862,0.00814444689797828));
#1639=CARTESIAN_POINT('',(-0.0358867250194541,0.00472813900991862,0.00807137004132103));
#1640=CARTESIAN_POINT('',(-0.0359730181995859,0.00472813900991862,0.00797937482214516));
#1641=CARTESIAN_POINT('',(-0.0360545370689693,0.00472813900991862,0.00787952331953133));
#1642=CARTESIAN_POINT('',(-0.0361365407497703,0.00472813900991862,0.00778547320455086));
#1643=CARTESIAN_POINT('',(-0.0362473733727841,0.00472813900991862,0.00770185134592586));
#1644=CARTESIAN_POINT('',(-0.0363856320382519,0.00472813900991862,0.00773316782999027));
#1645=CARTESIAN_POINT('',(-0.036485617592779,0.00472813900991862,0.00781834055017057));
#1646=CARTESIAN_POINT('',(-0.036580253515582,0.00472813900991862,0.00790817159413449));
#1647=CARTESIAN_POINT('',(-0.0366768789805461,0.00472813900991862,0.00799460796779944));
#1648=CARTESIAN_POINT('',(-0.0367885342883328,0.00472813900991862,0.00806838902082388));
#1649=CARTESIAN_POINT('',(-0.0369272096434676,0.00472813900991862,0.00806060694094704));
#1650=CARTESIAN_POINT('',(-0.037022524126636,0.00472813900991862,0.007964721173321));
#1651=CARTESIAN_POINT('',(-0.0370943398947299,0.00472813900991862,0.00785867410008269));
#1652=CARTESIAN_POINT('',(-0.0371618803941613,0.00472813900991862,0.00774716592770895));
#1653=CARTESIAN_POINT('',(-0.0372337066996547,0.00472813900991862,0.00764003944830319));
#1654=CARTESIAN_POINT('',(-0.0373436712965548,0.00472813900991862,0.00755669478787195));
#1655=CARTESIAN_POINT('',(-0.0374787233544889,0.00472813900991862,0.00759033510195884));
#1656=CARTESIAN_POINT('',(-0.0375852325462127,0.00472813900991862,0.00766012352833514));
#1657=CARTESIAN_POINT('',(-0.0376906195597188,0.00472813900991862,0.00773604636809017));
#1658=CARTESIAN_POINT('',(-0.0377984725170502,0.00472813900991862,0.00780587390552051));
#1659=CARTESIAN_POINT('',(-0.0379216033624173,0.00472813900991862,0.00785694865525031));
#1660=CARTESIAN_POINT('',(-0.0380527350255263,0.00472813900991862,0.0078132023175238));
#1661=CARTESIAN_POINT('',(-0.0381273884940618,0.00472813900991862,0.00770280455646634));
#1662=CARTESIAN_POINT('',(-0.0381824162709179,0.00472813900991862,0.0075870189574126));
#1663=CARTESIAN_POINT('',(-0.0382336755274055,0.00472813900991862,0.00746825569347683));
#1664=CARTESIAN_POINT('',(-0.0382913463987732,0.00472813900991862,0.00735255825419868));
#1665=CARTESIAN_POINT('',(-0.0383973968567354,0.00472813900991862,0.00726469246792895));
#1666=CARTESIAN_POINT('',(-0.0385324775053162,0.00472813900991862,0.00728976776375887));
#1667=CARTESIAN_POINT('',(-0.0386466801064297,0.00472813900991862,0.00734446910591441));
#1668=CARTESIAN_POINT('',(-0.0387616047046352,0.00472813900991862,0.00740501876177759));
#1669=CARTESIAN_POINT('',(-0.0388764514978729,0.00472813900991862,0.00745725614698641));
#1670=CARTESIAN_POINT('',(-0.0390117438772628,0.00472813900991862,0.00748616946381027));
#1671=CARTESIAN_POINT('',(-0.0391296112151401,0.00472813900991862,0.00740927812247621));
#1672=CARTESIAN_POINT('',(-0.0391834684372767,0.00472813900991862,0.00728639909151887));
#1673=CARTESIAN_POINT('',(-0.0392210970749084,0.00472813900991862,0.00716103197148606));
#1674=CARTESIAN_POINT('',(-0.0392560995598224,0.00472813900991862,0.00703413408830575));
#1675=CARTESIAN_POINT('',(-0.0392954064776775,0.00472813900991862,0.00693209529304171));
#1676=CARTESIAN_POINT('',(-0.0393565265883646,0.00472813900991862,0.00686389984377175));
#1677=CARTESIAN_POINT('',(-0.0394416423578042,0.00472813900991862,0.00683031974539296));
#1678=CARTESIAN_POINT('',(-0.0395548123969644,0.00472813900991862,0.00684892095424176));
#1679=CARTESIAN_POINT('',(-0.0396802352044911,0.00472813900991862,0.00689185428817913));
#1680=CARTESIAN_POINT('',(-0.0398067003517782,0.00472813900991862,0.00693579791717353));
#1681=CARTESIAN_POINT('',(-0.0399360041014209,0.00472813900991862,0.00696907729273367));
#1682=CARTESIAN_POINT('',(-0.0400800997768129,0.00472813900991862,0.00694130708771196));
#1683=CARTESIAN_POINT('',(-0.0401498303412688,0.00472813900991862,0.00681390545496746));
#1684=CARTESIAN_POINT('',(-0.0401755611871317,0.00472813900991862,0.00668254882999932));
#1685=CARTESIAN_POINT('',(-0.0401928887665639,0.00472813900991862,0.00654792495317343));
#1686=CARTESIAN_POINT('',(-0.0402135586683062,0.00472813900991862,0.00641615358230271));
#1687=CARTESIAN_POINT('',(-0.0402732320984341,0.00472813900991862,0.00628523730319788));
#1688=CARTESIAN_POINT('',(-0.0404145484853713,0.00472813900991862,0.00625238372723658));
#1689=CARTESIAN_POINT('',(-0.0405463965309759,0.00472813900991862,0.00627444588237199));
#1690=CARTESIAN_POINT('',(-0.040678132946144,0.00472813900991862,0.00630170814092361));
#1691=CARTESIAN_POINT('',(-0.0408093042890978,0.00472813900991862,0.00632218275319045));
#1692=CARTESIAN_POINT('',(-0.0409492620494697,0.00472813900991862,0.00631398770459761));
#1693=CARTESIAN_POINT('',(-0.0410436797651605,0.00472813900991862,0.00620617995406708));
#1694=CARTESIAN_POINT('',(-0.0410671962507679,0.00472813900991862,0.00602664156796532));
#1695=CARTESIAN_POINT('',(-0.0410569894429189,0.00472813900991862,0.00585097246389485));
#1696=CARTESIAN_POINT('',(-0.0410725070365181,0.00472813900991862,0.00569407402323843));
#1697=CARTESIAN_POINT('',(-0.0411157088199596,0.00472813900991862,0.00561378414245666));
#1698=CARTESIAN_POINT('',(-0.0411912311311375,0.00472813900991862,0.00556164344267501));
#1699=CARTESIAN_POINT('',(-0.0413046555178778,0.00472813900991862,0.00555066766230994));
#1700=CARTESIAN_POINT('',(-0.0414363067382518,0.00472813900991862,0.00555761778251208));
#1701=CARTESIAN_POINT('',(-0.0415691562251762,0.00472813900991862,0.00556480179489241));
#1702=CARTESIAN_POINT('',(-0.0417014609872289,0.00472813900991862,0.00555964324783647));
#1703=CARTESIAN_POINT('',(-0.0418270390661364,0.00472813900991862,0.00549378442958016));
#1704=CARTESIAN_POINT('',(-0.0418594064494762,0.00472813900991862,0.00535574844963985));
#1705=CARTESIAN_POINT('',(-0.0418491672583,0.00472813900991862,0.00522645269391684));
#1706=CARTESIAN_POINT('',(-0.0418293428301885,0.00472813900991862,0.00509582897404771));
#1707=CARTESIAN_POINT('',(-0.0418131500368538,0.00472813900991862,0.00496726931504726));
#1708=CARTESIAN_POINT('',(-0.0418242375450538,0.00472813900991862,0.00482864109437028));
#1709=CARTESIAN_POINT('',(-0.0419370212205736,0.00472813900991862,0.00474552298177655));
#1710=CARTESIAN_POINT('',(-0.0421097720986503,0.00472813900991862,0.00472121916088687));
#1711=CARTESIAN_POINT('',(-0.0422813654414135,0.00472813900991862,0.00471379284413582));
#1712=CARTESIAN_POINT('',(-0.0424512525132371,0.00472813900991862,0.00467278638764242));
#1713=CARTESIAN_POINT('',(-0.0425444809489385,0.00472813900991862,0.00457026884360703));
#1714=CARTESIAN_POINT('',(-0.0425407594970695,0.00472813900991862,0.00443432299181251));
#1715=CARTESIAN_POINT('',(-0.0425113127688709,0.00472813900991862,0.00431155906118164));
#1716=CARTESIAN_POINT('',(-0.0424739913835909,0.00472813900991862,0.00418801782687177));
#1717=CARTESIAN_POINT('',(-0.0424421978799888,0.00472813900991862,0.00406530261501025));
#1718=CARTESIAN_POINT('',(-0.042444092859969,0.00472813900991862,0.00392882582001528));
#1719=CARTESIAN_POINT('',(-0.0425495694349933,0.00472813900991862,0.00384239075524796));
#1720=CARTESIAN_POINT('',(-0.0426721455825657,0.00472813900991862,0.00380799599047278));
#1721=CARTESIAN_POINT('',(-0.0427973549978524,0.00472813900991862,0.00378050839553726));
#1722=CARTESIAN_POINT('',(-0.0429197387005631,0.00472813900991862,0.00374938373643144));
#1723=CARTESIAN_POINT('',(-0.0430424938423912,0.00472813900991862,0.0036991996698341));
#1724=CARTESIAN_POINT('',(-0.0431157158797774,0.00472813900991862,0.00358120545770756));
#1725=CARTESIAN_POINT('',(-0.0430902642230148,0.00472813900991862,0.00344749190187212));
#1726=CARTESIAN_POINT('',(-0.0430423479225423,0.00472813900991862,0.00332784418143979));
#1727=CARTESIAN_POINT('',(-0.0429873106724386,0.00472813900991862,0.0032097604911508));
#1728=CARTESIAN_POINT('',(-0.0429474584760437,0.00472813900991862,0.00310856202511833));
#1729=CARTESIAN_POINT('',(-0.0429337034660633,0.00472813900991862,0.00302286245285171));
#1730=CARTESIAN_POINT('',(-0.0429500744579476,0.00472813900991862,0.00293319363207401));
#1731=CARTESIAN_POINT('',(-0.0430240332257998,0.00472813900991862,0.00286685090567502));
#1732=CARTESIAN_POINT('',(-0.0429495480451763,0.00472813900991862,0.00295866039057331));
#1733=CARTESIAN_POINT('',(-0.0430463926272171,0.0193786981207043,0.00285160665127328));
#1734=CARTESIAN_POINT('',(-0.042927239280864,0.0194524705937751,0.00295014659598739));
#1735=CARTESIAN_POINT('',(-0.042941938520575,0.0193802535638859,0.00309976930773522));
#1736=CARTESIAN_POINT('',(-0.0430011235280451,0.019269471126768,0.00323987921395732));
#1737=CARTESIAN_POINT('',(-0.0430645841783026,0.0191530137575738,0.00338090132748326));
#1738=CARTESIAN_POINT('',(-0.0431186322799551,0.0190383799034667,0.00353473177770468));
#1739=CARTESIAN_POINT('',(-0.0430614950318203,0.0190210885756499,0.00368903207195211));
#1740=CARTESIAN_POINT('',(-0.0429381182477738,0.0191055526987692,0.00374311318443047));
#1741=CARTESIAN_POINT('',(-0.0428256211876591,0.0191904896495079,0.00377386751734481));
#1742=CARTESIAN_POINT('',(-0.0427092417900672,0.0192801616695872,0.00380009095931438));
#1743=CARTESIAN_POINT('',(-0.0425975593465218,0.0193650466309437,0.00382628550463857));
#1744=CARTESIAN_POINT('',(-0.0424672706555689,0.0194472459518602,0.00388879689037826));
#1745=CARTESIAN_POINT('',(-0.042435073752972,0.0193966377211735,0.0040412188853283));
#1746=CARTESIAN_POINT('',(-0.0424653311853012,0.0193111344784437,0.00415461260918767));
#1747=CARTESIAN_POINT('',(-0.0424981527513318,0.0192234922495662,0.00426697065561154));
#1748=CARTESIAN_POINT('',(-0.0425275680132833,0.0191374487404155,0.00438003382337406));
#1749=CARTESIAN_POINT('',(-0.0425534868315819,0.0190509277814136,0.00449833331732679));
#1750=CARTESIAN_POINT('',(-0.0424985740516594,0.0190139718324399,0.00464496471221105));
#1751=CARTESIAN_POINT('',(-0.0423674992969238,0.0190906982642114,0.00469724608481201));
#1752=CARTESIAN_POINT('',(-0.0422550440627497,0.0191735483749997,0.00471127314380006));
#1753=CARTESIAN_POINT('',(-0.0421384837852294,0.0192609807234895,0.00472198993899601));
#1754=CARTESIAN_POINT('',(-0.0420254248119381,0.0193455465400172,0.00473148473881924));
#1755=CARTESIAN_POINT('',(-0.0418984086626359,0.0194305556385299,0.00475754957720932));
#1756=CARTESIAN_POINT('',(-0.041806505628858,0.0194222001856413,0.00488610022910516));
#1757=CARTESIAN_POINT('',(-0.0418234542633958,0.0193047861018257,0.00504961420723944));
#1758=CARTESIAN_POINT('',(-0.0418468367596915,0.0191905194173248,0.00519863142988361));
#1759=CARTESIAN_POINT('',(-0.0418586087613631,0.0190808128317844,0.0053518914520545));
#1760=CARTESIAN_POINT('',(-0.0418300416982455,0.0190076639842772,0.00549352820227796));
#1761=CARTESIAN_POINT('',(-0.0416924310912942,0.0190619784514659,0.00556169484042045));
#1762=CARTESIAN_POINT('',(-0.0415375184824028,0.0191718695218618,0.0055645135742619));
#1763=CARTESIAN_POINT('',(-0.0413848311495615,0.0192873892167644,0.00555499209551487));
#1764=CARTESIAN_POINT('',(-0.041230457485784,0.0194000551853457,0.0055494539782458));
#1765=CARTESIAN_POINT('',(-0.0410927847158649,0.0194470051197947,0.00561663518849017));
#1766=CARTESIAN_POINT('',(-0.0410641431980205,0.0193663918957428,0.00575276251986278));
#1767=CARTESIAN_POINT('',(-0.0410606467664877,0.0192591628575711,0.00590046220579435));
#1768=CARTESIAN_POINT('',(-0.0410642846147425,0.0191440882540601,0.00605048939675394));
#1769=CARTESIAN_POINT('',(-0.0410432441164873,0.0190366220126968,0.00621012184113732));
#1770=CARTESIAN_POINT('',(-0.0409328194023318,0.0190210590576508,0.00632167029158488));
#1771=CARTESIAN_POINT('',(-0.04080423049102,0.0191030481087885,0.00631925660209819));
#1772=CARTESIAN_POINT('',(-0.0406558564452073,0.0192098083636329,0.00629981359371545));
#1773=CARTESIAN_POINT('',(-0.0405166595364961,0.0193220215716934,0.00626470623752217));
#1774=CARTESIAN_POINT('',(-0.04034668364205,0.0194326645804894,0.00625291452287804));
#1775=CARTESIAN_POINT('',(-0.0402273468056923,0.0194193648037366,0.00635400068856237));
#1776=CARTESIAN_POINT('',(-0.0402050467606182,0.019332435636627,0.00647447279921107));
#1777=CARTESIAN_POINT('',(-0.0401876238561454,0.0192486978439537,0.00658713991083705));
#1778=CARTESIAN_POINT('',(-0.0401723283225134,0.0191612214497021,0.00670189518493327));
#1779=CARTESIAN_POINT('',(-0.0401485759721319,0.0190805567569316,0.00681326692989511));
#1780=CARTESIAN_POINT('',(-0.0400821631970118,0.0190077062297316,0.00694111423694804));
#1781=CARTESIAN_POINT('',(-0.039932066691447,0.0190619216188176,0.0069682547049856));
#1782=CARTESIAN_POINT('',(-0.0398201076710159,0.0191432906071768,0.00693927547763067));
#1783=CARTESIAN_POINT('',(-0.0397119699541532,0.0192286130794421,0.00690289890275676));
#1784=CARTESIAN_POINT('',(-0.039603211865391,0.0193135916040895,0.00686629457858472));
#1785=CARTESIAN_POINT('',(-0.0394957028511346,0.0193965114381093,0.00683078961512172));
#1786=CARTESIAN_POINT('',(-0.0393437605247962,0.0194483173065757,0.00685261222839241));
#1787=CARTESIAN_POINT('',(-0.039275436583794,0.0193689563117928,0.00697588918687324));
#1788=CARTESIAN_POINT('',(-0.0392426428681933,0.0192874643902944,0.00708271637083762));
#1789=CARTESIAN_POINT('',(-0.03921182074969,0.0192003433701758,0.00719412360327373));
#1790=CARTESIAN_POINT('',(-0.0391764112128606,0.019117069662003,0.00730254499435807));
#1791=CARTESIAN_POINT('',(-0.0391273532997211,0.019034156813593,0.00741624595886599));
#1792=CARTESIAN_POINT('',(-0.0389844689754629,0.0190234988398624,0.00749018111872776));
#1793=CARTESIAN_POINT('',(-0.0388214605866895,0.0191357347660339,0.00743615517946898));
#1794=CARTESIAN_POINT('',(-0.0386891848241544,0.0192505139811116,0.00736529927933963));
#1795=CARTESIAN_POINT('',(-0.0385529017970791,0.0193600851013054,0.0073000978707846));
#1796=CARTESIAN_POINT('',(-0.0384224278071968,0.0194447535723292,0.0072582284629052));
#1797=CARTESIAN_POINT('',(-0.038293646187006,0.0194045452640322,0.00734570459557081));
#1798=CARTESIAN_POINT('',(-0.0382261097865422,0.0192936173060512,0.00748476750361562));
#1799=CARTESIAN_POINT('',(-0.0381663200699525,0.0191800355611331,0.00762285083176183));
#1800=CARTESIAN_POINT('',(-0.0380980431918749,0.0190701634029193,0.00775826031904738));
#1801=CARTESIAN_POINT('',(-0.0379872446419273,0.0190106746926733,0.00785210367910327));
#1802=CARTESIAN_POINT('',(-0.0378426369103277,0.0190672793764326,0.00783215432053332));
#1803=CARTESIAN_POINT('',(-0.0377140526550562,0.0191762197723202,0.00775232068759568));
#1804=CARTESIAN_POINT('',(-0.0375919977077735,0.019290436740083,0.00766408801180894));
#1805=CARTESIAN_POINT('',(-0.0374640691994869,0.0193992473054788,0.00758149221053652));
#1806=CARTESIAN_POINT('',(-0.037315045161984,0.0194468057863462,0.00756418844210829));
#1807=CARTESIAN_POINT('',(-0.0372185153242708,0.0193684674557704,0.00766220306356096));
#1808=CARTESIAN_POINT('',(-0.0371377628584162,0.0192615164294369,0.00778527152456802));
#1809=CARTESIAN_POINT('',(-0.0370597227563498,0.0191486519583538,0.00791246261409929));
#1810=CARTESIAN_POINT('',(-0.0369627996766311,0.0190386165910864,0.00803850871761842));
#1811=CARTESIAN_POINT('',(-0.0368118699220507,0.0190205554055039,0.00807704101378309));
#1812=CARTESIAN_POINT('',(-0.036699288200644,0.01909839433802,0.00801165982486432));
#1813=CARTESIAN_POINT('',(-0.0365844111739633,0.0192072139940872,0.00791443226752614));
#1814=CARTESIAN_POINT('',(-0.0364822804405788,0.0193209466442858,0.00780964164940997));
#1815=CARTESIAN_POINT('',(-0.0363479302080697,0.0194289936394953,0.00771193132510947));
#1816=CARTESIAN_POINT('',(-0.0361943072504185,0.0194242352451074,0.00772590917156994));
#1817=CARTESIAN_POINT('',(-0.0361120478260355,0.0193381093546383,0.00781550662552025));
#1818=CARTESIAN_POINT('',(-0.0360384754552303,0.0192577105785826,0.00789850988320809));
#1819=CARTESIAN_POINT('',(-0.0359669382533239,0.0191715929926747,0.00798640107151855));
#1820=CARTESIAN_POINT('',(-0.0358908621532287,0.019093702242568,0.00806549444548033));
#1821=CARTESIAN_POINT('',(-0.0357800383264664,0.0190126865182758,0.0081471960451711));
#1822=CARTESIAN_POINT('',(-0.035624830324677,0.0190491877367729,0.00810860403436674));
#1823=CARTESIAN_POINT('',(-0.0355427071996336,0.0191341828173452,0.00802105063596537));
#1824=CARTESIAN_POINT('',(-0.0354669611532708,0.0192200001700264,0.00793236925610668));
#1825=CARTESIAN_POINT('',(-0.035393505454412,0.019307430961386,0.00784126575223462));
#1826=CARTESIAN_POINT('',(-0.0353197310334016,0.0193922730140462,0.00775222636983008));
#1827=CARTESIAN_POINT('',(-0.0351804179390512,0.0194499322487471,0.00768452701761735));
#1828=CARTESIAN_POINT('',(-0.035054218464147,0.019370617515054,0.00775262521396354));
#1829=CARTESIAN_POINT('',(-0.034967819236551,0.0192885948908787,0.00782617224548026));
#1830=CARTESIAN_POINT('',(-0.034882502834504,0.0192000796099404,0.00790571306987723));
#1831=CARTESIAN_POINT('',(-0.034793066729639,0.0191167791179108,0.00797867729873649));
#1832=CARTESIAN_POINT('',(-0.0346907979744278,0.0190313724564994,0.00805155109539122));
#1833=CARTESIAN_POINT('',(-0.034529495237447,0.0190256486301397,0.00803335396716708));
#1834=CARTESIAN_POINT('',(-0.0344212721244484,0.0191379053958735,0.00790130755802266));
#1835=CARTESIAN_POINT('',(-0.0343469004675268,0.019252567097569,0.00777128168068756));
#1836=CARTESIAN_POINT('',(-0.034265189181807,0.0193625103957339,0.00764323055037873));
#1837=CARTESIAN_POINT('',(-0.0341749663607547,0.0194460022022266,0.00753936822449603));
#1838=CARTESIAN_POINT('',(-0.0340191678013357,0.019402366348413,0.00754868139108582));
#1839=CARTESIAN_POINT('',(-0.0338896086365594,0.0192904447868434,0.00763216331754593));
#1840=CARTESIAN_POINT('',(-0.0337632377764459,0.019175333618205,0.00771845923858232));
#1841=CARTESIAN_POINT('',(-0.0336342343226183,0.0190672403880506,0.00779545057853322));
#1842=CARTESIAN_POINT('',(-0.0334803420680604,0.0190066337224602,0.00781437365736068));
#1843=CARTESIAN_POINT('',(-0.0333775605828078,0.0190774211260667,0.0077086002599108));
#1844=CARTESIAN_POINT('',(-0.0333081769482311,0.0191882922522774,0.0075697890640025));
#1845=CARTESIAN_POINT('',(-0.0332508745325142,0.0193044198833833,0.00742787702265688));
#1846=CARTESIAN_POINT('',(-0.0331796737694555,0.0194216049535385,0.00727870956978685));
#1847=CARTESIAN_POINT('',(-0.0330337873015172,0.019432467366839,0.00721279219753869));
#1848=CARTESIAN_POINT('',(-0.0329124150548236,0.0193429649124422,0.00726104389496368));
#1849=CARTESIAN_POINT('',(-0.0328080285681072,0.0192594435259391,0.00730895594302045));
#1850=CARTESIAN_POINT('',(-0.0327027157159091,0.0191702238440676,0.007361754742977));
#1851=CARTESIAN_POINT('',(-0.0325966938546891,0.0190879757954883,0.00740594647693607));
#1852=CARTESIAN_POINT('',(-0.0324555686442547,0.0190094451809718,0.00742968407292755));
#1853=CARTESIAN_POINT('',(-0.0323398151022582,0.0190558955486555,0.00732488093800182));
#1854=CARTESIAN_POINT('',(-0.032300524764685,0.0191383924697308,0.0072142982665806));
#1855=CARTESIAN_POINT('',(-0.0322690118452222,0.0192238218517441,0.00710364825470735));
#1856=CARTESIAN_POINT('',(-0.0322389517339881,0.019309798990163,0.00699214740315748));
#1857=CARTESIAN_POINT('',(-0.0322076166213311,0.0193937219733355,0.00688171999188342));
#1858=CARTESIAN_POINT('',(-0.0321085202283733,0.019449010162012,0.00676621545926594));
#1859=CARTESIAN_POINT('',(-0.031966968206665,0.0193715574322786,0.00677577604249757));
#1860=CARTESIAN_POINT('',(-0.0318592637654203,0.0192900655604265,0.00680787998658213));
#1861=CARTESIAN_POINT('',(-0.0317490609149657,0.019202198510682,0.00684515463643517));
#1862=CARTESIAN_POINT('',(-0.0316401985780512,0.0191195372905918,0.00687622929414628));
#1863=CARTESIAN_POINT('',(-0.0315150759820232,0.0190327996569515,0.00690156508472525));
#1864=CARTESIAN_POINT('',(-0.0313727843050218,0.0190262885818974,0.00681881739272863));
#1865=CARTESIAN_POINT('',(-0.031324131979817,0.0191424131135395,0.00664718385622843));
#1866=CARTESIAN_POINT('',(-0.0313097345796584,0.0192620460696675,0.00649235451091082));
#1867=CARTESIAN_POINT('',(-0.0312888658570044,0.01937762023534,0.00633642591272362));
#1868=CARTESIAN_POINT('',(-0.0312248544148686,0.0194524562513205,0.00619776182964667));
#1869=CARTESIAN_POINT('',(-0.0310721303174187,0.0193806936319098,0.00617230718139909));
#1870=CARTESIAN_POINT('',(-0.0309177041054142,0.0192655844855629,0.00619799052456919));
#1871=CARTESIAN_POINT('',(-0.0307652411216201,0.01914710615294,0.00622789442910429));
#1872=CARTESIAN_POINT('',(-0.030588567967642,0.0190284720532123,0.00623627942678767));
#1873=CARTESIAN_POINT('',(-0.0304646080282287,0.0190297024510964,0.00612880969746765));
#1874=CARTESIAN_POINT('',(-0.030448470502162,0.0191175338960368,0.00599700677273017));
#1875=CARTESIAN_POINT('',(-0.0304473361677454,0.0192044944252892,0.00587889891571956));
#1876=CARTESIAN_POINT('',(-0.030449879143303,0.0192950818995694,0.0057580277378357));
#1877=CARTESIAN_POINT('',(-0.0304512614724802,0.0193815817088562,0.00564083309521449));
#1878=CARTESIAN_POINT('',(-0.0304011852688925,0.0194523253920507,0.00549435939388514));
#1879=CARTESIAN_POINT('',(-0.0302540784775692,0.0193767637811593,0.00545369054494932));
#1880=CARTESIAN_POINT('',(-0.0301378970826696,0.0192915249455875,0.00545628969797723));
#1881=CARTESIAN_POINT('',(-0.0300175054619899,0.0192007234220646,0.00546163202987339));
#1882=CARTESIAN_POINT('',(-0.0298998100934035,0.0191148622831414,0.00546135350455861));
#1883=CARTESIAN_POINT('',(-0.0297670998964429,0.0190262174164523,0.00544794406532666));
#1884=CARTESIAN_POINT('',(-0.0296634043588209,0.0190319949825152,0.0053218979982011));
#1885=CARTESIAN_POINT('',(-0.029666999190301,0.0191468557191207,0.00514886996794858));
#1886=CARTESIAN_POINT('',(-0.0296952888077496,0.0192656624893983,0.00499667777821346));
#1887=CARTESIAN_POINT('',(-0.0297175518108835,0.0193792145285714,0.00484340659995262));
#1888=CARTESIAN_POINT('',(-0.0296921785023569,0.0194521138838244,0.00469290343965643));
#1889=CARTESIAN_POINT('',(-0.0295542072126786,0.0193804978841663,0.00462846587434875));
#1890=CARTESIAN_POINT('',(-0.0293993711230319,0.0192661365494889,0.00461030452751072));
#1891=CARTESIAN_POINT('',(-0.0292450712051477,0.0191482117489231,0.00459671749811257));
#1892=CARTESIAN_POINT('',(-0.0290787168246544,0.019032754979723,0.0045589854895873));
#1893=CARTESIAN_POINT('',(-0.0289831782563394,0.0190260685289765,0.00442707407312235));
#1894=CARTESIAN_POINT('',(-0.0290012291899109,0.0191125844123937,0.00429418184176476));
#1895=CARTESIAN_POINT('',(-0.0290322852449636,0.019198696130298,0.00418134852678618));
#1896=CARTESIAN_POINT('',(-0.0290680312664458,0.019288961957392,0.00406659150190703));
#1897=CARTESIAN_POINT('',(-0.0291006988720028,0.0193741172521761,0.00395535024146385));
#1898=CARTESIAN_POINT('',(-0.0291033975313012,0.0194518566771918,0.00380531780535457));
#1899=CARTESIAN_POINT('',(-0.0289770530860464,0.0193852812350142,0.00371460474401052));
#1900=CARTESIAN_POINT('',(-0.0288646718509302,0.0192998844287145,0.00368551261688979));
#1901=CARTESIAN_POINT('',(-0.0287483588919402,0.0192101097387968,0.00365714742983676));
#1902=CARTESIAN_POINT('',(-0.0286355200497984,0.019124032087093,0.00362549687770633));
#1903=CARTESIAN_POINT('',(-0.0285140002722045,0.0190352736326493,0.0035812964076739));
#1904=CARTESIAN_POINT('',(-0.0284337885918413,0.0190236719991216,0.00344071304985431));
#1905=CARTESIAN_POINT('',(-0.0284792830765653,0.0191368518074331,0.00326755930331889));
#1906=CARTESIAN_POINT('',(-0.0285482537486719,0.0192550821153175,0.00313021974941828));
#1907=CARTESIAN_POINT('',(-0.028614296564739,0.0193706834506183,0.00298962194169544));
#1908=CARTESIAN_POINT('',(-0.0286383679608018,0.0194477259980005,0.00284488965041724));
#1909=CARTESIAN_POINT('',(-0.0285345239548722,0.0193917061276577,0.00273096018559806));
#1910=CARTESIAN_POINT('',(-0.0283889373018415,0.0192755704905603,0.00267142345061179));
#1911=CARTESIAN_POINT('',(-0.0282456950898647,0.0191597342930218,0.00261362385333621));
#1912=CARTESIAN_POINT('',(-0.0280979715032272,0.019043178481545,0.00254078813355845));
#1913=CARTESIAN_POINT('',(-0.0280255561967043,0.019017850737988,0.00239732382704326));
#1914=CARTESIAN_POINT('',(-0.0280722353987343,0.0190993511866991,0.00226848701003313));
#1915=CARTESIAN_POINT('',(-0.0281310946494471,0.0191834870752718,0.0021687711120574));
#1916=CARTESIAN_POINT('',(-0.0281966949603239,0.0192729960824632,0.00207038856326365));
#1917=CARTESIAN_POINT('',(-0.0282566426611533,0.0193561330660975,0.00197255630512538));
#1918=CARTESIAN_POINT('',(-0.0283151829715926,0.0194438223311924,0.00184810985462327));
#1919=CARTESIAN_POINT('',(-0.0282429204427291,0.0194063578210444,0.0017045938409634));
#1920=CARTESIAN_POINT('',(-0.0281410309374379,0.0193195844151681,0.00164399260744708));
#1921=CARTESIAN_POINT('',(-0.0280412308872936,0.0192340620032727,0.00158496203192978));
#1922=CARTESIAN_POINT('',(-0.0279407651248113,0.0191469569138391,0.00152614969824751));
#1923=CARTESIAN_POINT('',(-0.027843931502582,0.0190641545249487,0.00146048532232593));
#1924=CARTESIAN_POINT('',(-0.027763866514204,0.0190076693016201,0.00133116129850161));
#1925=CARTESIAN_POINT('',(-0.0278142601202555,0.0190786338040331,0.00119348005764338));
#1926=CARTESIAN_POINT('',(-0.0278845750719278,0.0191610157024152,0.00110319608394729));
#1927=CARTESIAN_POINT('',(-0.0279607617940156,0.0192482622930387,0.00101531022074508));
#1928=CARTESIAN_POINT('',(-0.0280349893641603,0.0193326226760109,0.000928228118800646));
#1929=CARTESIAN_POINT('',(-0.0281109992696479,0.0194193790490617,0.000831402702526059));
#1930=CARTESIAN_POINT('',(-0.0281097298727544,0.0194333923113582,0.000674910486151091));
#1931=CARTESIAN_POINT('',(-0.027985810522198,0.0193192592440625,0.000554345081128307));
#1932=CARTESIAN_POINT('',(-0.0278637838905777,0.01920312770311,0.000466788844032018));
#1933=CARTESIAN_POINT('',(-0.0277485355203501,0.0190931477169357,0.00036659924644641));
#1934=CARTESIAN_POINT('',(-0.0276617958937472,0.0190110869796052,0.000253240725799289));
#1935=CARTESIAN_POINT('',(-0.0276995492639556,0.0190520560473049,9.84939191112598E-5));
#1936=CARTESIAN_POINT('',(-0.0278117547165559,0.0191647577631758,-1.496713111923E-5));
#1937=CARTESIAN_POINT('',(-0.0279292657211246,0.0192814342874947,-0.00011519920524159));
#1938=CARTESIAN_POINT('',(-0.0280452807051318,0.0193952433809359,-0.000219650040986694));
#1939=CARTESIAN_POINT('',(-0.0281029490389466,0.0194476837762137,-0.000361934390490646));
#1940=CARTESIAN_POINT('',(-0.0280306418093516,0.0193684430392345,-0.000485818326685777));
#1941=CARTESIAN_POINT('',(-0.0279254759495175,0.0192559827195317,-0.000596346271794115));
#1942=CARTESIAN_POINT('',(-0.0278180923564177,0.0191401843903131,-0.000704132068545132));
#1943=CARTESIAN_POINT('',(-0.0277176003540425,0.0190269553529111,-0.000843159773569887));
#1944=CARTESIAN_POINT('',(-0.0277391634431728,0.0190303495232517,-0.00100205561748549));
#1945=CARTESIAN_POINT('',(-0.0278360780135361,0.0191153730139177,-0.00108560465192925));
#1946=CARTESIAN_POINT('',(-0.0279294445503995,0.0191985545221223,-0.00115210198036026));
#1947=CARTESIAN_POINT('',(-0.0280281993354797,0.0192869236148947,-0.00121402749053547));
#1948=CARTESIAN_POINT('',(-0.0281215473127149,0.0193688883360442,-0.00127846559266733));
#1949=CARTESIAN_POINT('',(-0.0282196434770695,0.0194484103610504,-0.00137988895167514));
#1950=CARTESIAN_POINT('',(-0.0281951399270892,0.0193952965893774,-0.00153339433601947));
#1951=CARTESIAN_POINT('',(-0.0281282223262239,0.0193108380813927,-0.00162586686123297));
#1952=CARTESIAN_POINT('',(-0.0280607712343347,0.0192250243851614,-0.0017200361638761));
#1953=CARTESIAN_POINT('',(-0.0279943259154917,0.0191392910933911,-0.00181430299221707));
#1954=CARTESIAN_POINT('',(-0.0279327608333349,0.0190565292395925,-0.00191408073197451));
#1955=CARTESIAN_POINT('',(-0.027924362446801,0.0190109982675331,-0.00206726751618085));
#1956=CARTESIAN_POINT('',(-0.0280275727317502,0.0190848783945449,-0.00216503284684482));
#1957=CARTESIAN_POINT('',(-0.0281283118875966,0.0191671621557431,-0.00221838567097606));
#1958=CARTESIAN_POINT('',(-0.0282335550251168,0.0192545331340696,-0.002266687753783));
#1959=CARTESIAN_POINT('',(-0.0283356911214819,0.0193374938249972,-0.00231709429556705));
#1960=CARTESIAN_POINT('',(-0.0284461132616994,0.0194255878219649,-0.00237506434700007));
#1961=CARTESIAN_POINT('',(-0.0284986684915563,0.0194284170878727,-0.00252354866048671));
#1962=CARTESIAN_POINT('',(-0.0284339231182649,0.0193159774274644,-0.00267703408214396));
#1963=CARTESIAN_POINT('',(-0.0283599467139958,0.0192023866740443,-0.00280459909294056));
#1964=CARTESIAN_POINT('',(-0.0282972841311808,0.0190943070228765,-0.00294244722079776));
#1965=CARTESIAN_POINT('',(-0.0282629869328741,0.0190146638527151,-0.0030720162337814));
#1966=CARTESIAN_POINT('',(-0.0283514015159264,0.0190457444479666,-0.00320261296795939));
#1967=CARTESIAN_POINT('',(-0.0284987988807758,0.0191567842026938,-0.00326210470029739));
#1968=CARTESIAN_POINT('',(-0.0286439565286909,0.0192714413159062,-0.00330458536841752));
#1969=CARTESIAN_POINT('',(-0.0287874408733174,0.019381090160197,-0.00335211337910679));
#1970=CARTESIAN_POINT('',(-0.0289039572779224,0.0194492642532226,-0.00343604280221673));
#1971=CARTESIAN_POINT('',(-0.0289082528167568,0.0193854892863144,-0.00358470336949437));
#1972=CARTESIAN_POINT('',(-0.0288579290252384,0.0192754011081452,-0.00372515196444209));
#1973=CARTESIAN_POINT('',(-0.0288047643012349,0.0191607221863172,-0.00386742782760855));
#1974=CARTESIAN_POINT('',(-0.0287645199773698,0.019051604261175,-0.00401872833375689));
#1975=CARTESIAN_POINT('',(-0.0288046276492696,0.0190130486680443,-0.0041643944254376));
#1976=CARTESIAN_POINT('',(-0.0289280938741971,0.0190866709178505,-0.00422584044803581));
#1977=CARTESIAN_POINT('',(-0.0290738533190317,0.0191944288871952,-0.00425617456788655));
#1978=CARTESIAN_POINT('',(-0.0292200165457978,0.019306339190445,-0.00427678592617854));
#1979=CARTESIAN_POINT('',(-0.0293765230371753,0.0194189151487938,-0.00430984041990022));
#1980=CARTESIAN_POINT('',(-0.029474895364505,0.0194338365524097,-0.00442719948619413));
#1981=CARTESIAN_POINT('',(-0.0294645988749146,0.019351953873755,-0.00455379622096112));
#1982=CARTESIAN_POINT('',(-0.0294360574536595,0.0192432957665161,-0.0046994858331375));
#1983=CARTESIAN_POINT('',(-0.0294019795027595,0.0191314655645294,-0.00484079479421675));
#1984=CARTESIAN_POINT('',(-0.0293969673881058,0.0190248096358308,-0.00500943019207621));
#1985=CARTESIAN_POINT('',(-0.0294981292131698,0.0190326142478201,-0.00512384753821315));
#1986=CARTESIAN_POINT('',(-0.0296193941446227,0.0191129099687596,-0.00514453434361762));
#1987=CARTESIAN_POINT('',(-0.029729711126875,0.0191933201460901,-0.00515091243481227));
#1988=CARTESIAN_POINT('',(-0.0298419321821911,0.0192781164198754,-0.00515162744987101));
#1989=CARTESIAN_POINT('',(-0.0299507614541568,0.0193574636011358,-0.00515572025726889));
#1990=CARTESIAN_POINT('',(-0.0300792187936131,0.0194389360545655,-0.00517774466409119));
#1991=CARTESIAN_POINT('',(-0.0301605096814902,0.0194129249612478,-0.00530423232147143));
#1992=CARTESIAN_POINT('',(-0.0301586506989271,0.0193307612904322,-0.0054212327108718));
#1993=CARTESIAN_POINT('',(-0.0301517151708106,0.0192490267475312,-0.00553158953509385));
#1994=CARTESIAN_POINT('',(-0.0301439338050755,0.0191650517357324,-0.00564320014092264));
#1995=CARTESIAN_POINT('',(-0.0301422219526511,0.0190856685116334,-0.00575350306715751));
#1996=CARTESIAN_POINT('',(-0.0301738163334758,0.0190139498239417,-0.00588445921957252));
#1997=CARTESIAN_POINT('',(-0.0303030011777903,0.019049766647277,-0.00595664060578422));
#1998=CARTESIAN_POINT('',(-0.0304178712763206,0.0191288316380688,-0.00595427039615734));
#1999=CARTESIAN_POINT('',(-0.030526800638661,0.0192094705364813,-0.00594368101222781));
#2000=CARTESIAN_POINT('',(-0.0306364888568378,0.0192923808676613,-0.00592973897900685));
#2001=CARTESIAN_POINT('',(-0.0307438531189718,0.0193716199250663,-0.00591784909763176));
#2002=CARTESIAN_POINT('',(-0.0308769684923863,0.0194438239461431,-0.00593594974508841));
#2003=CARTESIAN_POINT('',(-0.0309579722868947,0.0194015962311375,-0.00605631288743205));
#2004=CARTESIAN_POINT('',(-0.0309688856938765,0.0193213880756096,-0.00616705871323389));
#2005=CARTESIAN_POINT('',(-0.030977409214498,0.0192403771343059,-0.00627631917326709));
#2006=CARTESIAN_POINT('',(-0.0309853241993873,0.0191579587995355,-0.00638594986035267));
#2007=CARTESIAN_POINT('',(-0.0309996783513567,0.0190798407906701,-0.00649430373757829));
#2008=CARTESIAN_POINT('',(-0.031054583495631,0.019013271985114,-0.00661699667549243));
#2009=CARTESIAN_POINT('',(-0.0311918527153046,0.0190530849432391,-0.00666492994087436));
#2010=CARTESIAN_POINT('',(-0.031302779398091,0.0191320448114874,-0.00664499278292966));
#2011=CARTESIAN_POINT('',(-0.0314091777003516,0.0192121493956517,-0.00661995974139757));
#2012=CARTESIAN_POINT('',(-0.0315145342218548,0.0192947140866501,-0.00659041294205537));
#2013=CARTESIAN_POINT('',(-0.0316196564228957,0.0193727811219593,-0.00656535403884424));
#2014=CARTESIAN_POINT('',(-0.0317513948078222,0.0194440946773506,-0.00656414995306166));
#2015=CARTESIAN_POINT('',(-0.0318494506968399,0.0194014805793027,-0.00667316136670859));
#2016=CARTESIAN_POINT('',(-0.031873400718065,0.019321318863935,-0.00677991487624842));
#2017=CARTESIAN_POINT('',(-0.0318981418345226,0.01924144545728,-0.0068862532143713));
#2018=CARTESIAN_POINT('',(-0.031919876213694,0.0191590195500401,-0.00699297463744617));
#2019=CARTESIAN_POINT('',(-0.0319508567654198,0.019083226880878,-0.00709654876164504));
#2020=CARTESIAN_POINT('',(-0.0320154885627788,0.0190125088812589,-0.00721153364624917));
#2021=CARTESIAN_POINT('',(-0.032158405253267,0.0190501389855466,-0.00724265238824091));
#2022=CARTESIAN_POINT('',(-0.0322648343746555,0.019127055901422,-0.007209474384034));
#2023=CARTESIAN_POINT('',(-0.0323655355006854,0.0192056591134181,-0.00717102565758847));
#2024=CARTESIAN_POINT('',(-0.0324642337333479,0.0192874213144954,-0.00712733936853198));
#2025=CARTESIAN_POINT('',(-0.0325631490949931,0.0193637873580234,-0.00708902885455524));
#2026=CARTESIAN_POINT('',(-0.0326872933583552,0.0194407857870194,-0.00706070317141582));
#2027=CARTESIAN_POINT('',(-0.0328058334843629,0.0194107383672193,-0.00714441321938646));
#2028=CARTESIAN_POINT('',(-0.0328509843965886,0.0193331482361939,-0.00724683520338237));
#2029=CARTESIAN_POINT('',(-0.0328884549789023,0.0192533752002538,-0.00734794735189757));
#2030=CARTESIAN_POINT('',(-0.0329254718574249,0.0191715262646557,-0.00745034840049673));
#2031=CARTESIAN_POINT('',(-0.0329668243016661,0.0190954190366684,-0.00754760924882223));
#2032=CARTESIAN_POINT('',(-0.0330398287577199,0.0190181348340386,-0.00765719108916124));
#2033=CARTESIAN_POINT('',(-0.033189632410573,0.0190418932613247,-0.00768450961405248));
#2034=CARTESIAN_POINT('',(-0.0332982605055601,0.0191229781286755,-0.00763509825982882));
#2035=CARTESIAN_POINT('',(-0.0333962959292046,0.0192053122302439,-0.00758030013420134));
#2036=CARTESIAN_POINT('',(-0.0334930944245599,0.0192904412003148,-0.00752135141391137));
#2037=CARTESIAN_POINT('',(-0.0335880336598238,0.0193713896515597,-0.00746556787178282));
#2038=CARTESIAN_POINT('',(-0.033721128759706,0.0194459770437944,-0.00742665460943783));
#2039=CARTESIAN_POINT('',(-0.03384348520519,0.0193978780432486,-0.0075095073732854));
#2040=CARTESIAN_POINT('',(-0.0338995804645679,0.0193160234054357,-0.00760816399120053));
#2041=CARTESIAN_POINT('',(-0.0339518757283746,0.0192328579348192,-0.00770670060473844));
#2042=CARTESIAN_POINT('',(-0.0340062710817494,0.0191492839454461,-0.00780533381139128));
#2043=CARTESIAN_POINT('',(-0.0340629505709085,0.0190699519141294,-0.00789960394982475));
#2044=CARTESIAN_POINT('',(-0.0341829573409953,0.0190085288268492,-0.00798803339476705));
#2045=CARTESIAN_POINT('',(-0.0343243467172452,0.0190706913567063,-0.00795204358924576));
#2046=CARTESIAN_POINT('',(-0.0344181985138271,0.019151830183477,-0.00788645877703246));
#2047=CARTESIAN_POINT('',(-0.0345070482638039,0.0192378605484265,-0.00781443219514296));
#2048=CARTESIAN_POINT('',(-0.0345971391841926,0.0193215290136429,-0.0077441467533724));
#2049=CARTESIAN_POINT('',(-0.0346878328046743,0.0194073073957683,-0.0076713475776339));
#2050=CARTESIAN_POINT('',(-0.0348428558550202,0.0194420917892147,-0.00765741107206035));
#2051=CARTESIAN_POINT('',(-0.0349389831338665,0.0193609247467897,-0.00775027837030221));
#2052=CARTESIAN_POINT('',(-0.0350066931900423,0.0192802567591812,-0.00783863001175796));
#2053=CARTESIAN_POINT('',(-0.0350723046962167,0.0191934961233044,-0.00793219821904218));
#2054=CARTESIAN_POINT('',(-0.0351431606167614,0.0191123864972897,-0.00801980416809719));
#2055=CARTESIAN_POINT('',(-0.0352302434702984,0.0190283449872376,-0.00811106982657876));
#2056=CARTESIAN_POINT('',(-0.0353873415367751,0.0190284740757765,-0.00812058259750084));
#2057=CARTESIAN_POINT('',(-0.0355188849345831,0.0191366356752152,-0.00801795529313768));
#2058=CARTESIAN_POINT('',(-0.0356166015597636,0.019250058268112,-0.00790741973811509));
#2059=CARTESIAN_POINT('',(-0.0357205776812158,0.019357450387646,-0.00780169598430063));
#2060=CARTESIAN_POINT('',(-0.0358242934173993,0.0194417241170824,-0.00771816657438867));
#2061=CARTESIAN_POINT('',(-0.0359755480371211,0.019409666918266,-0.00774831884924516));
#2062=CARTESIAN_POINT('',(-0.0360872661617004,0.0192999832851872,-0.00785469974513772));
#2063=CARTESIAN_POINT('',(-0.0361884861664906,0.0191870625282791,-0.00796354333000891));
#2064=CARTESIAN_POINT('',(-0.0362977877053903,0.0190808005390388,-0.00806393103229009));
#2065=CARTESIAN_POINT('',(-0.0364222705716093,0.0190101251951427,-0.00812649782184313));
#2066=CARTESIAN_POINT('',(-0.0365588870968412,0.0190570601368732,-0.00806771449694138));
#2067=CARTESIAN_POINT('',(-0.0366572203231071,0.0191633432461135,-0.00795102865195953));
#2068=CARTESIAN_POINT('',(-0.0367420257991979,0.0192768448882273,-0.00782718156782414));
#2069=CARTESIAN_POINT('',(-0.0368276928827291,0.0193859929223018,-0.00770638421722038));
#2070=CARTESIAN_POINT('',(-0.0369483874270583,0.0194477161150214,-0.00762723192270373));
#2071=CARTESIAN_POINT('',(-0.0370837683071354,0.0193841305436337,-0.00766998234806397));
#2072=CARTESIAN_POINT('',(-0.037201588924229,0.0192771057823294,-0.00775822667848447));
#2073=CARTESIAN_POINT('',(-0.0373189398675961,0.0191644873823985,-0.00785089244704066));
#2074=CARTESIAN_POINT('',(-0.0374431333432807,0.0190566724511447,-0.00793614843333928));
#2075=CARTESIAN_POINT('',(-0.0375976632989464,0.0190113413602817,-0.00794934109200136));
#2076=CARTESIAN_POINT('',(-0.0376982795247717,0.0190844151002622,-0.00785058522828066));
#2077=CARTESIAN_POINT('',(-0.0377746497976188,0.0191948690615042,-0.00771795163633564));
#2078=CARTESIAN_POINT('',(-0.0378405224135208,0.0193085186024046,-0.00758320505818243));
#2079=CARTESIAN_POINT('',(-0.0379231687201578,0.0194249886581513,-0.00743969520371565));
#2080=CARTESIAN_POINT('',(-0.0380723814665363,0.019428774514679,-0.00739168698105601));
#2081=CARTESIAN_POINT('',(-0.0381872443642712,0.0193441885338459,-0.00744402753406253));
#2082=CARTESIAN_POINT('',(-0.0382846961667148,0.0192619263293592,-0.00749887466786752));
#2083=CARTESIAN_POINT('',(-0.038383554178861,0.0191756242205064,-0.00755670938807969));
#2084=CARTESIAN_POINT('',(-0.0384835066644815,0.0190947376264384,-0.00760771427476075));
#2085=CARTESIAN_POINT('',(-0.0386126914143728,0.0190159530552839,-0.00764528447704728));
#2086=CARTESIAN_POINT('',(-0.0387443149984419,0.0190448517025304,-0.00756460608773509));
#2087=CARTESIAN_POINT('',(-0.03879494791614,0.0191265563382867,-0.00745653663289261));
#2088=CARTESIAN_POINT('',(-0.0388346863485899,0.0192101736935663,-0.00735018309290622));
#2089=CARTESIAN_POINT('',(-0.0388719266190736,0.0192956578468339,-0.00724194844524984));
#2090=CARTESIAN_POINT('',(-0.0389080200252128,0.0193785738126902,-0.00713636850076657));
#2091=CARTESIAN_POINT('',(-0.0389955869111283,0.0194472345053763,-0.00702258587095253));
#2092=CARTESIAN_POINT('',(-0.0391414343981852,0.0193900114039351,-0.00701771077771996));
#2093=CARTESIAN_POINT('',(-0.039247029415806,0.0193074589665089,-0.00705833017844843));
#2094=CARTESIAN_POINT('',(-0.0393518446920703,0.0192228195478916,-0.0071010509478393));
#2095=CARTESIAN_POINT('',(-0.0394576666864134,0.0191392457905957,-0.00714117063420323));
#2096=CARTESIAN_POINT('',(-0.0395676049004078,0.019057065153965,-0.00717700485017492));
#2097=CARTESIAN_POINT('',(-0.0397136868810916,0.0190118619579261,-0.00715026072331111));
#2098=CARTESIAN_POINT('',(-0.0397871899124601,0.0190796259373172,-0.00703157112671203));
#2099=CARTESIAN_POINT('',(-0.0398139882035158,0.0191589818825647,-0.00692469863280536));
#2100=CARTESIAN_POINT('',(-0.0398358887819449,0.0192429036493689,-0.00681470038154099));
#2101=CARTESIAN_POINT('',(-0.0398577789762157,0.019325213518716,-0.00670567194660153));
#2102=CARTESIAN_POINT('',(-0.0398838126965839,0.0194074476864784,-0.00659365157181112));
#2103=CARTESIAN_POINT('',(-0.0399888363701319,0.0194414624955225,-0.00648723249053182));
#2104=CARTESIAN_POINT('',(-0.0401216732668624,0.0193633732787658,-0.00649328576066512));
#2105=CARTESIAN_POINT('',(-0.0402284911477891,0.0192827592998456,-0.00651862470717729));
#2106=CARTESIAN_POINT('',(-0.040338298632154,0.0191973869720247,-0.00654689795501027));
#2107=CARTESIAN_POINT('',(-0.0404468056039471,0.0191166740931583,-0.00656945845919074));
#2108=CARTESIAN_POINT('',(-0.0405698128472133,0.0190333271317877,-0.00658437554188008));
#2109=CARTESIAN_POINT('',(-0.0407073610322345,0.0190253585410799,-0.00649265965615092));
#2110=CARTESIAN_POINT('',(-0.0407401984131905,0.0191427237208898,-0.00631933205908801));
#2111=CARTESIAN_POINT('',(-0.0407465846475733,0.0192595582825962,-0.00616525786027916));
#2112=CARTESIAN_POINT('',(-0.0407540738028417,0.0193762429103403,-0.00600882864058066));
#2113=CARTESIAN_POINT('',(-0.0408083482972652,0.0194486704616222,-0.00586921314216391));
#2114=CARTESIAN_POINT('',(-0.0409546719028911,0.0193855432472615,-0.00582552600010757));
#2115=CARTESIAN_POINT('',(-0.0411109242426873,0.0192687652807474,-0.005842308280582));
#2116=CARTESIAN_POINT('',(-0.041264453571209,0.0191526427041539,-0.00585891618838966));
#2117=CARTESIAN_POINT('',(-0.0414369942060802,0.0190333213844583,-0.00586012191631131));
#2118=CARTESIAN_POINT('',(-0.0415607194698406,0.0190248052623001,-0.00575079247938418));
#2119=CARTESIAN_POINT('',(-0.0415699539032185,0.0191117830804689,-0.00561715593044653));
#2120=CARTESIAN_POINT('',(-0.0415642673864209,0.0191966312151252,-0.00550090245895927));
#2121=CARTESIAN_POINT('',(-0.0415528297147522,0.0192868664817789,-0.00538163985010364));
#2122=CARTESIAN_POINT('',(-0.0415440543135895,0.0193715249785428,-0.00526673436269596));
#2123=CARTESIAN_POINT('',(-0.0415697285947802,0.0194511029633142,-0.00511996043146842));
#2124=CARTESIAN_POINT('',(-0.0417099973199808,0.019388350235725,-0.00505431775985791));
#2125=CARTESIAN_POINT('',(-0.0418261489789139,0.0193033992807536,-0.00504836250042315));
#2126=CARTESIAN_POINT('',(-0.0419446830359837,0.019214317689784,-0.00504514519643468));
#2127=CARTESIAN_POINT('',(-0.0420621005086701,0.0191281813149317,-0.00503720832892456));
#2128=CARTESIAN_POINT('',(-0.0421851780828195,0.0190415076675052,-0.00502224035623312));
#2129=CARTESIAN_POINT('',(-0.0423030790904023,0.0190171946811524,-0.00490930968344091));
#2130=CARTESIAN_POINT('',(-0.0422968374373811,0.0191037900746983,-0.00477228170951577));
#2131=CARTESIAN_POINT('',(-0.0422770182971493,0.0191867440787634,-0.00465852882366361));
#2132=CARTESIAN_POINT('',(-0.0422485368733134,0.0192766700870218,-0.00454353269981636));
#2133=CARTESIAN_POINT('',(-0.042225239027316,0.0193603151147765,-0.00443079432029021));
#2134=CARTESIAN_POINT('',(-0.0422179162884386,0.0194445515513622,-0.00429229473700902));
#2135=CARTESIAN_POINT('',(-0.0423368959822073,0.0194031816918522,-0.00418594438151259));
#2136=CARTESIAN_POINT('',(-0.0424911885354638,0.0192869363659891,-0.00415907682642085));
#2137=CARTESIAN_POINT('',(-0.0426431197168547,0.0191712541609923,-0.00413274773103229));
#2138=CARTESIAN_POINT('',(-0.0427959817198276,0.0190598240176983,-0.00409380184691791));
#2139=CARTESIAN_POINT('',(-0.0429122748381354,0.0190086076158521,-0.00399436919712912));
#2140=CARTESIAN_POINT('',(-0.0429072561262209,0.0190829497317533,-0.00384914394782684));
#2141=CARTESIAN_POINT('',(-0.0428594561341109,0.0191939090360701,-0.00370317950019404));
#2142=CARTESIAN_POINT('',(-0.0428019212134406,0.0193097227063502,-0.00356222613205896));
#2143=CARTESIAN_POINT('',(-0.0427526692356092,0.0194244608573177,-0.00340450529093835));
#2144=CARTESIAN_POINT('',(-0.0428177408554205,0.0194295095541367,-0.00325645555689791));
#2145=CARTESIAN_POINT('',(-0.0429371418256271,0.0193392486910963,-0.0032116281054114));
#2146=CARTESIAN_POINT('',(-0.0430447837889877,0.019256531647678,-0.00317320903713511));
#2147=CARTESIAN_POINT('',(-0.0431561883173826,0.0191680328966189,-0.00313852906960857));
#2148=CARTESIAN_POINT('',(-0.0432632046320764,0.0190858426286526,-0.00309634962476624));
#2149=CARTESIAN_POINT('',(-0.0433783290292353,0.0190105103016468,-0.00301391664449038));
#2150=CARTESIAN_POINT('',(-0.0433895657354988,0.0190565584516149,-0.0028570561647266));
#2151=CARTESIAN_POINT('',(-0.0433381199658647,0.0191413657495227,-0.00275128805973894));
#2152=CARTESIAN_POINT('',(-0.0432840484267217,0.0192272692314823,-0.00264800109533978));
#2153=CARTESIAN_POINT('',(-0.0432274851613255,0.019313934172798,-0.00254680147626954));
#2154=CARTESIAN_POINT('',(-0.0431727735324137,0.0193992448173438,-0.0024428037079911));
#2155=CARTESIAN_POINT('',(-0.0431732320981566,0.0194458578851199,-0.00228939926140816));
#2156=CARTESIAN_POINT('',(-0.0432834197218295,0.0193656267923358,-0.00220130279045584));
#2157=CARTESIAN_POINT('',(-0.0433847426826334,0.0192821665480325,-0.00215114785962583));
#2158=CARTESIAN_POINT('',(-0.0434903883679295,0.0191940676334447,-0.00210027903151441));
#2159=CARTESIAN_POINT('',(-0.0435913452052729,0.0191104289538104,-0.00204663008413793));
#2160=CARTESIAN_POINT('',(-0.0436981753994106,0.0190262560556914,-0.00197002649049018));
#2161=CARTESIAN_POINT('',(-0.0437297308043481,0.0190318929574381,-0.00181378215682511));
#2162=CARTESIAN_POINT('',(-0.0436460426474987,0.0191450830455521,-0.00166729573198368));
#2163=CARTESIAN_POINT('',(-0.0435520039194864,0.0192613883556486,-0.0015474120751501));
#2164=CARTESIAN_POINT('',(-0.0434623048346167,0.0193728029053493,-0.00142388581846768));
#2165=CARTESIAN_POINT('',(-0.0434075831549302,0.0194505909008967,-0.00128874302625485));
#2166=CARTESIAN_POINT('',(-0.0434898543040597,0.0193897427841875,-0.00115867486129794));
#2167=CARTESIAN_POINT('',(-0.0436174873288852,0.0192759270143745,-0.00107047846223671));
#2168=CARTESIAN_POINT('',(-0.0437461187499683,0.0191593873381772,-0.000985621317716324));
#2169=CARTESIAN_POINT('',(-0.0438755861120099,0.0190430334278861,-0.000880917127502486));
#2170=CARTESIAN_POINT('',(-0.0439163992524789,0.0190179934805319,-0.000724064821168651));
#2171=CARTESIAN_POINT('',(-0.0438406791918269,0.0191028036452869,-0.000606456952952054));
#2172=CARTESIAN_POINT('',(-0.0437612523507911,0.0191879816022908,-0.000521852238054194));
#2173=CARTESIAN_POINT('',(-0.0436760781866094,0.0192781227775989,-0.000436915355878045));
#2174=CARTESIAN_POINT('',(-0.043594747923382,0.0193635193622129,-0.000355404603188967));
#2175=CARTESIAN_POINT('',(-0.0435161655788706,0.0194469650597556,-0.00023354943480664));
#2176=CARTESIAN_POINT('',(-0.0435689469380133,0.0193971049079752,-8.51152071236315E-5));
#2177=CARTESIAN_POINT('',(-0.0436566646907248,0.0193096208142903,-3.97738789737602E-6));
#2178=CARTESIAN_POINT('',(-0.0437450569091692,0.0192209490998435,7.47812642515122E-5));
#2179=CARTESIAN_POINT('',(-0.0438308809886902,0.0191338717866607,0.000156863664215227));
#2180=CARTESIAN_POINT('',(-0.0439161109265897,0.0190467774071353,0.000244199878061009));
#2181=CARTESIAN_POINT('',(-0.0439425085330145,0.0190139818792049,0.000406854253923416));
#2182=CARTESIAN_POINT('',(-0.0438500135322758,0.0191000037148452,0.000512756566351989));
#2183=CARTESIAN_POINT('',(-0.0437609116181919,0.0191837261336824,0.000587890911014629));
#2184=CARTESIAN_POINT('',(-0.0436637230680815,0.0192750167295805,0.000658987854612231));
#2185=CARTESIAN_POINT('',(-0.0435725214112069,0.0193595617644424,0.000730391001804584));
#2186=CARTESIAN_POINT('',(-0.0434756142090314,0.0194457449702715,0.000834982011712849));
#2187=CARTESIAN_POINT('',(-0.0435022104287334,0.0194001516742363,0.000995919624842888));
#2188=CARTESIAN_POINT('',(-0.0436070282968604,0.0192797310816906,0.00111752820986814));
#2189=CARTESIAN_POINT('',(-0.0437076205354912,0.0191623161856316,0.00123878877016806));
#2190=CARTESIAN_POINT('',(-0.0438059799108391,0.0190431457662263,0.00137576751800234));
#2191=CARTESIAN_POINT('',(-0.0438019359145457,0.0190177452813618,0.00154009126438401));
#2192=CARTESIAN_POINT('',(-0.0436951287560931,0.0191041594687765,0.00163201488729061));
#2193=CARTESIAN_POINT('',(-0.0435944897234772,0.0191899993493789,0.00169276473947401));
#2194=CARTESIAN_POINT('',(-0.0434875702159424,0.0192817535540798,0.00175072642082714));
#2195=CARTESIAN_POINT('',(-0.0433862575796391,0.0193672156169834,0.0018091359620145));
#2196=CARTESIAN_POINT('',(-0.0432752784007255,0.0194514402087232,0.00190839201289836));
#2197=CARTESIAN_POINT('',(-0.0432965304933303,0.0193895380958937,0.00206870131668163));
#2198=CARTESIAN_POINT('',(-0.0433602001533964,0.0193006804257776,0.00216958439990499));
#2199=CARTESIAN_POINT('',(-0.0434248958922608,0.019209645073815,0.00227284291210483));
#2200=CARTESIAN_POINT('',(-0.0434852461523958,0.0191218288054553,0.00237608353183273));
#2201=CARTESIAN_POINT('',(-0.0435419163774783,0.0190320827584356,0.00249562166232595));
#2202=CARTESIAN_POINT('',(-0.0434952811145671,0.0190262737114053,0.00265368380315734));
#2203=CARTESIAN_POINT('',(-0.0433391263789054,0.0191440344170507,0.00274139658404452));
#2204=CARTESIAN_POINT('',(-0.0431927181937083,0.0192632677767991,0.00279302169215009));
#2205=CARTESIAN_POINT('',(-0.0430463926272171,0.0193786981207043,0.00285160665127328));
#2206=CARTESIAN_POINT('',(-0.042927239280864,0.0194524705937751,0.00295014659598739));
#2207=CARTESIAN_POINT('',(-0.042941938520575,0.0193802535638859,0.00309976930773522));
#2208=CARTESIAN_POINT('',(-0.042949548045208,0.0194281390099484,0.00295866039049301));
#2209=CARTESIAN_POINT('',(-0.0297929753602068,0.0202281390099186,0.00601373464359193));
#2210=CARTESIAN_POINT('',(-0.0358067100037984,0.0202281390099186,2.45388891415747E-16));
#2211=CARTESIAN_POINT('',(-0.0299108917257673,0.0202281390099186,2.45388891415747E-16));
#2212=CARTESIAN_POINT('',(-0.0358067100037985,0.0194959059630672,3.37122068102712E-16));
#2213=CARTESIAN_POINT('',(-0.0358067100037985,0.0194959059630672,3.37122068102711E-16));
#2214=CARTESIAN_POINT('',(-0.0358067100037985,0.0194959059630672,-0.00766358523080405));
#2215=CARTESIAN_POINT('',(-0.0358067100037984,0.017728139009895,2.46150661473126E-16));
#2216=CARTESIAN_POINT('',(-0.0275155666617572,0.00472813900991862,0.00829352380058993));
#2217=CARTESIAN_POINT('',(-0.0357942098131045,0.0152094911938582,6.93483861780933E-17));
#2218=CARTESIAN_POINT('',(-0.0373942098131046,0.0187094911938582,0.00265518360961369));
#2219=CARTESIAN_POINT('',(-0.0373942098130525,0.0187094911938582,0.00265518360957341));
#2220=CARTESIAN_POINT('',(-0.0373942098130525,0.0117094911938582,0.00265518360957341));
#2221=CARTESIAN_POINT('',(-0.0357942098131045,0.0187094911938582,6.93483861780933E-17));
#2222=CARTESIAN_POINT('',(-0.0373942098130525,0.0187094911938582,-0.00265518360957333));
#2223=CARTESIAN_POINT('',(-0.0373942098131046,0.0187094911938582,-0.00265518360961357));
#2224=CARTESIAN_POINT('',(-0.0373942098130525,0.0117094911938582,-0.00265518360957332));
#2225=CARTESIAN_POINT('',(-0.0357942098131045,0.0117094911938582,6.93483861780933E-17));
#2226=CARTESIAN_POINT('',(-0.0373942098131046,0.0187094911938582,0.00265518360963144));
#2227=CARTESIAN_POINT('',(-0.0373942098130004,0.0117094911938582,-0.0039525));
#2228=CARTESIAN_POINT('',(-0.0373942098130004,0.0187094911938582,-0.00316199999999994));
#2229=CARTESIAN_POINT('',(-0.0397467098131046,0.0117094911938582,-0.0039525));
#2230=CARTESIAN_POINT('',(-0.0374412098131046,0.0187094911938582,-0.00316199999999994));
#2231=MECHANICAL_DESIGN_GEOMETRIC_PRESENTATION_REPRESENTATION('',(#127),
#2232);
#2232=(
GEOMETRIC_REPRESENTATION_CONTEXT(3)
GLOBAL_UNCERTAINTY_ASSIGNED_CONTEXT((#2233))
GLOBAL_UNIT_ASSIGNED_CONTEXT((#2236,#2235,#2234))
REPRESENTATION_CONTEXT('brep_1','TOP_LEVEL_ASSEMBLY_PART')
);
#2233=UNCERTAINTY_MEASURE_WITH_UNIT(LENGTH_MEASURE(2.E-5),#2236,
'DISTANCE_ACCURACY_VALUE','Maximum Tolerance applied to model');
#2234=(
NAMED_UNIT(*)
SI_UNIT($,.STERADIAN.)
SOLID_ANGLE_UNIT()
);
#2235=(
NAMED_UNIT(*)
PLANE_ANGLE_UNIT()
SI_UNIT($,.RADIAN.)
);
#2236=(
LENGTH_UNIT()
NAMED_UNIT(*)
SI_UNIT($,.METRE.)
);
#2237=PRODUCT_DEFINITION_SHAPE('','',#2238);
#2238=PRODUCT_DEFINITION('','',#2240,#2239);
#2239=PRODUCT_DEFINITION_CONTEXT('',#2246,'design');
#2240=PRODUCT_DEFINITION_FORMATION_WITH_SPECIFIED_SOURCE('','',#2242,
 .NOT_KNOWN.);
#2241=PRODUCT_RELATED_PRODUCT_CATEGORY('','',(#2242));
#2242=PRODUCT('brep_1','brep_1','brep_1',(#2244));
#2243=PRODUCT_CATEGORY('','');
#2244=PRODUCT_CONTEXT('',#2246,'mechanical');
#2245=APPLICATION_PROTOCOL_DEFINITION('international standard',
'ap242_managed_model_based_3d_engineering',2020,#2246);
#2246=APPLICATION_CONTEXT('managed model based 3d engineering');
ENDSEC;
END-ISO-10303-21;
