ISO-10303-21;
HEADER;
/* Generated by software containing ST-Developer
 * from STEP Tools, Inc. (www.steptools.com) 
 */
/* OPTION: using custom renumber hook */

FILE_DESCRIPTION(
/* description */ ('STEP AP242 Edition 2',
'CAx-IF Rec.Pracs.---Representation and Presentation of Product Manufa
cturing Information (PMI)---4.0---2014-10-13',
'CAx-IF Rec.Pracs.---3D Tessellated Geometry---0.4---2014-09-14','2;1',
'CAx-IF Rec.Pracs.---User Defined Attributes---1.5---2016-08-15'),
/* implementation_level */ '2;1');

FILE_NAME(
/* name */ 'Assembly 1 - Part 194',
/* time_stamp */ '2026-09-02T13:34:20Z',
/* author */ (''),
/* organization */ (''),
/* preprocessor_version */ 'ST-DEVELOPER v20',
/* originating_system */ 'ONSHAPE BY PTC INC, 1.220',
/* authorisation */ '  ');

FILE_SCHEMA (('AP242_MANAGED_MODEL_BASED_3D_ENGINEERING_MIM_LF { 1 0 10303 442 3 1 4 }'));
ENDSEC;

DATA;
#10=SHAPE_REPRESENTATION_RELATIONSHIP('','',#1425,#11);
#11=ADVANCED_BREP_SHAPE_REPRESENTATION('',(#1423),#2440);
#12=TOROIDAL_SURFACE('',#1511,0.000772548339959391,0.000386274169979696);
#13=TOROIDAL_SURFACE('',#1515,0.000772548339959391,0.000386274169979696);
#14=TOROIDAL_SURFACE('',#1533,0.000772548339959391,0.000386274169979696);
#15=TOROIDAL_SURFACE('',#1535,0.000772548339959391,0.000386274169979696);
#16=TOROIDAL_SURFACE('',#1538,0.000772548339959391,0.000386274169979696);
#17=TOROIDAL_SURFACE('',#1541,0.000772548339959391,0.000386274169979696);
#18=TOROIDAL_SURFACE('',#1551,0.000772548339959391,0.000386274169979696);
#19=TOROIDAL_SURFACE('',#1553,0.000772548339959391,0.000386274169979696);
#20=TOROIDAL_SURFACE('',#1556,0.00724966901576424,0.00144852813742386);
#21=TOROIDAL_SURFACE('',#1557,0.00724966901576424,0.00144852813742386);
#22=TOROIDAL_SURFACE('',#1559,0.00379289321881344,0.00120710678118655);
#23=TOROIDAL_SURFACE('',#1566,0.00379289321881344,0.00120710678118655);
#24=TOROIDAL_SURFACE('',#1568,0.00379289321881345,0.00120710678118655);
#25=TOROIDAL_SURFACE('',#1574,0.00379289321881345,0.00120710678118655);
#26=CYLINDRICAL_SURFACE('',#1445,0.004200000212955);
#27=CYLINDRICAL_SURFACE('',#1448,0.00273830958527276);
#28=CYLINDRICAL_SURFACE('',#1451,0.00434);
#29=CYLINDRICAL_SURFACE('',#1453,0.00420000021300018);
#30=CYLINDRICAL_SURFACE('',#1455,0.0042000002129549);
#31=CYLINDRICAL_SURFACE('',#1457,0.00130903723737737);
#32=CYLINDRICAL_SURFACE('',#1459,0.00137623821292442);
#33=CYLINDRICAL_SURFACE('',#1464,0.00580114087834038);
#34=CYLINDRICAL_SURFACE('',#1472,0.005);
#35=CYLINDRICAL_SURFACE('',#1476,0.005);
#36=CYLINDRICAL_SURFACE('',#1480,0.005);
#37=CYLINDRICAL_SURFACE('',#1485,0.00434000000000009);
#38=CYLINDRICAL_SURFACE('',#1489,2.41421356239613E-6);
#39=CYLINDRICAL_SURFACE('',#1493,0.005);
#40=CYLINDRICAL_SURFACE('',#1508,0.000386274169979696);
#41=CYLINDRICAL_SURFACE('',#1519,0.000386274169979696);
#42=CYLINDRICAL_SURFACE('',#1521,0.000386274169979696);
#43=CYLINDRICAL_SURFACE('',#1523,0.000386274169979696);
#44=CYLINDRICAL_SURFACE('',#1526,0.000386274169979696);
#45=CYLINDRICAL_SURFACE('',#1528,0.000386274169979696);
#46=CYLINDRICAL_SURFACE('',#1530,0.000386274169979696);
#47=CYLINDRICAL_SURFACE('',#1543,0.000386274169979696);
#48=CYLINDRICAL_SURFACE('',#1545,0.000386274169979696);
#49=CYLINDRICAL_SURFACE('',#1547,0.000386274169979696);
#50=CYLINDRICAL_SURFACE('',#1549,0.000386274169979696);
#51=CYLINDRICAL_SURFACE('',#1555,0.000386274169979696);
#52=CYLINDRICAL_SURFACE('',#1562,0.00120710678118655);
#53=CYLINDRICAL_SURFACE('',#1564,0.00120710678118655);
#54=CYLINDRICAL_SURFACE('',#1570,0.00120710678118655);
#55=CYLINDRICAL_SURFACE('',#1572,0.00120710678118655);
#56=CYLINDRICAL_SURFACE('',#1575,0.000772548339959391);
#57=CYLINDRICAL_SURFACE('',#1577,0.000772548339959391);
#58=CYLINDRICAL_SURFACE('',#1579,0.000772548339959391);
#59=CYLINDRICAL_SURFACE('',#1581,0.000772548339959391);
#60=CYLINDRICAL_SURFACE('',#1583,0.00724966901576424);
#61=CIRCLE('',#1429,0.00724966901576424);
#62=CIRCLE('',#1430,0.000772548339959391);
#63=CIRCLE('',#1431,0.000772548339959391);
#64=CIRCLE('',#1432,0.000772548339959391);
#65=CIRCLE('',#1433,0.000772548339959391);
#66=CIRCLE('',#1434,0.00137623821292442);
#67=CIRCLE('',#1435,0.00130903723737737);
#68=CIRCLE('',#1436,0.004200000212955);
#69=CIRCLE('',#1437,0.00273830958527276);
#70=CIRCLE('',#1438,0.00434);
#71=CIRCLE('',#1439,0.00420000021300018);
#72=CIRCLE('',#1440,0.0042000002129549);
#73=CIRCLE('',#1446,0.004200000212955);
#74=CIRCLE('',#1449,0.00273830958527276);
#75=CIRCLE('',#1452,0.00434);
#76=CIRCLE('',#1454,0.00420000021300018);
#77=CIRCLE('',#1456,0.0042000002129549);
#78=CIRCLE('',#1458,0.00130903723737737);
#79=CIRCLE('',#1460,0.00137623821292442);
#80=CIRCLE('',#1465,0.00580114087834038);
#81=CIRCLE('',#1466,0.00580114087834038);
#82=CIRCLE('',#1473,0.005);
#83=CIRCLE('',#1474,0.005);
#84=CIRCLE('',#1477,0.005);
#85=CIRCLE('',#1478,0.005);
#86=CIRCLE('',#1481,0.005);
#87=CIRCLE('',#1482,0.005);
#88=CIRCLE('',#1486,0.00434000000000009);
#89=CIRCLE('',#1487,0.00434000000000009);
#90=CIRCLE('',#1490,2.41421356239613E-6);
#91=CIRCLE('',#1491,2.41421356239613E-6);
#92=CIRCLE('',#1494,0.005);
#93=CIRCLE('',#1495,0.005);
#94=CIRCLE('',#1498,0.00379289321881345);
#95=CIRCLE('',#1499,0.00379289321881344);
#96=CIRCLE('',#1500,0.00379289321881344);
#97=CIRCLE('',#1501,0.00379289321881345);
#98=CIRCLE('',#1502,0.00724966901576424);
#99=CIRCLE('',#1503,0.000772548339959391);
#100=CIRCLE('',#1504,0.000772548339959391);
#101=CIRCLE('',#1505,0.000772548339959391);
#102=CIRCLE('',#1506,0.000772548339959391);
#103=CIRCLE('',#1509,0.000386274169979696);
#104=CIRCLE('',#1510,0.000386274169979696);
#105=CIRCLE('',#1512,0.000772548339959391);
#106=CIRCLE('',#1513,0.000386274169979696);
#107=CIRCLE('',#1514,0.000386274169979696);
#108=CIRCLE('',#1516,0.000772548339959391);
#109=CIRCLE('',#1517,0.000386274169979696);
#110=CIRCLE('',#1518,0.000386274169979696);
#111=CIRCLE('',#1520,0.000386274169979696);
#112=CIRCLE('',#1522,0.000386274169979696);
#113=CIRCLE('',#1524,0.000386274169979696);
#114=CIRCLE('',#1525,0.000386274169979696);
#115=CIRCLE('',#1527,0.000386274169979696);
#116=CIRCLE('',#1529,0.000386274169979696);
#117=CIRCLE('',#1531,0.000386274169979696);
#118=CIRCLE('',#1532,0.000386274169979696);
#119=CIRCLE('',#1534,0.000386274169979696);
#120=CIRCLE('',#1536,0.000772548339959391);
#121=CIRCLE('',#1537,0.000386274169979696);
#122=CIRCLE('',#1539,0.000772548339959391);
#123=CIRCLE('',#1540,0.000386274169979696);
#124=CIRCLE('',#1542,0.000386274169979696);
#125=CIRCLE('',#1544,0.000386274169979696);
#126=CIRCLE('',#1546,0.000386274169979696);
#127=CIRCLE('',#1548,0.000386274169979696);
#128=CIRCLE('',#1550,0.000386274169979696);
#129=CIRCLE('',#1552,0.000386274169979696);
#130=CIRCLE('',#1554,0.000386274169979696);
#131=CIRCLE('',#1558,0.00724966901576424);
#132=CIRCLE('',#1560,0.00120710678118655);
#133=CIRCLE('',#1561,0.00120710678118655);
#134=CIRCLE('',#1563,0.00120710678118655);
#135=CIRCLE('',#1565,0.00120710678118655);
#136=CIRCLE('',#1567,0.00120710678118655);
#137=CIRCLE('',#1569,0.00120710678118655);
#138=CIRCLE('',#1571,0.00120710678118655);
#139=CIRCLE('',#1573,0.00120710678118655);
#140=ORIENTED_EDGE('',*,*,#536,.F.);
#141=ORIENTED_EDGE('',*,*,#537,.T.);
#142=ORIENTED_EDGE('',*,*,#538,.F.);
#143=ORIENTED_EDGE('',*,*,#539,.F.);
#144=ORIENTED_EDGE('',*,*,#540,.T.);
#145=ORIENTED_EDGE('',*,*,#541,.F.);
#146=ORIENTED_EDGE('',*,*,#542,.T.);
#147=ORIENTED_EDGE('',*,*,#543,.F.);
#148=ORIENTED_EDGE('',*,*,#544,.T.);
#149=ORIENTED_EDGE('',*,*,#545,.F.);
#150=ORIENTED_EDGE('',*,*,#546,.T.);
#151=ORIENTED_EDGE('',*,*,#547,.F.);
#152=ORIENTED_EDGE('',*,*,#548,.T.);
#153=ORIENTED_EDGE('',*,*,#549,.F.);
#154=ORIENTED_EDGE('',*,*,#550,.F.);
#155=ORIENTED_EDGE('',*,*,#551,.T.);
#156=ORIENTED_EDGE('',*,*,#552,.T.);
#157=ORIENTED_EDGE('',*,*,#553,.T.);
#158=ORIENTED_EDGE('',*,*,#554,.T.);
#159=ORIENTED_EDGE('',*,*,#539,.T.);
#160=ORIENTED_EDGE('',*,*,#555,.T.);
#161=ORIENTED_EDGE('',*,*,#556,.T.);
#162=ORIENTED_EDGE('',*,*,#557,.F.);
#163=ORIENTED_EDGE('',*,*,#558,.F.);
#164=ORIENTED_EDGE('',*,*,#559,.F.);
#165=ORIENTED_EDGE('',*,*,#560,.F.);
#166=ORIENTED_EDGE('',*,*,#561,.F.);
#167=ORIENTED_EDGE('',*,*,#562,.T.);
#168=ORIENTED_EDGE('',*,*,#563,.T.);
#169=ORIENTED_EDGE('',*,*,#564,.T.);
#170=ORIENTED_EDGE('',*,*,#556,.F.);
#171=ORIENTED_EDGE('',*,*,#565,.T.);
#172=ORIENTED_EDGE('',*,*,#566,.T.);
#173=ORIENTED_EDGE('',*,*,#567,.F.);
#174=ORIENTED_EDGE('',*,*,#568,.F.);
#175=ORIENTED_EDGE('',*,*,#561,.T.);
#176=ORIENTED_EDGE('',*,*,#569,.T.);
#177=ORIENTED_EDGE('',*,*,#570,.F.);
#178=ORIENTED_EDGE('',*,*,#563,.F.);
#179=ORIENTED_EDGE('',*,*,#571,.T.);
#180=ORIENTED_EDGE('',*,*,#572,.T.);
#181=ORIENTED_EDGE('',*,*,#573,.F.);
#182=ORIENTED_EDGE('',*,*,#574,.T.);
#183=ORIENTED_EDGE('',*,*,#575,.T.);
#184=ORIENTED_EDGE('',*,*,#551,.F.);
#185=ORIENTED_EDGE('',*,*,#576,.T.);
#186=ORIENTED_EDGE('',*,*,#555,.F.);
#187=ORIENTED_EDGE('',*,*,#538,.T.);
#188=ORIENTED_EDGE('',*,*,#577,.T.);
#189=ORIENTED_EDGE('',*,*,#565,.F.);
#190=ORIENTED_EDGE('',*,*,#578,.F.);
#191=ORIENTED_EDGE('',*,*,#557,.T.);
#192=ORIENTED_EDGE('',*,*,#567,.T.);
#193=ORIENTED_EDGE('',*,*,#579,.F.);
#194=ORIENTED_EDGE('',*,*,#580,.F.);
#195=ORIENTED_EDGE('',*,*,#581,.F.);
#196=ORIENTED_EDGE('',*,*,#558,.T.);
#197=ORIENTED_EDGE('',*,*,#578,.T.);
#198=ORIENTED_EDGE('',*,*,#582,.F.);
#199=ORIENTED_EDGE('',*,*,#583,.F.);
#200=ORIENTED_EDGE('',*,*,#559,.T.);
#201=ORIENTED_EDGE('',*,*,#581,.T.);
#202=ORIENTED_EDGE('',*,*,#584,.F.);
#203=ORIENTED_EDGE('',*,*,#569,.F.);
#204=ORIENTED_EDGE('',*,*,#560,.T.);
#205=ORIENTED_EDGE('',*,*,#583,.T.);
#206=ORIENTED_EDGE('',*,*,#585,.F.);
#207=ORIENTED_EDGE('',*,*,#586,.T.);
#208=ORIENTED_EDGE('',*,*,#562,.F.);
#209=ORIENTED_EDGE('',*,*,#568,.T.);
#210=ORIENTED_EDGE('',*,*,#587,.T.);
#211=ORIENTED_EDGE('',*,*,#571,.F.);
#212=ORIENTED_EDGE('',*,*,#564,.F.);
#213=ORIENTED_EDGE('',*,*,#573,.T.);
#214=ORIENTED_EDGE('',*,*,#588,.T.);
#215=ORIENTED_EDGE('',*,*,#576,.F.);
#216=ORIENTED_EDGE('',*,*,#589,.F.);
#217=ORIENTED_EDGE('',*,*,#550,.T.);
#218=ORIENTED_EDGE('',*,*,#590,.F.);
#219=ORIENTED_EDGE('',*,*,#549,.T.);
#220=ORIENTED_EDGE('',*,*,#591,.T.);
#221=ORIENTED_EDGE('',*,*,#592,.T.);
#222=ORIENTED_EDGE('',*,*,#593,.T.);
#223=ORIENTED_EDGE('',*,*,#594,.T.);
#224=ORIENTED_EDGE('',*,*,#595,.T.);
#225=ORIENTED_EDGE('',*,*,#596,.T.);
#226=ORIENTED_EDGE('',*,*,#597,.T.);
#227=ORIENTED_EDGE('',*,*,#598,.T.);
#228=ORIENTED_EDGE('',*,*,#599,.T.);
#229=ORIENTED_EDGE('',*,*,#600,.T.);
#230=ORIENTED_EDGE('',*,*,#601,.T.);
#231=ORIENTED_EDGE('',*,*,#602,.T.);
#232=ORIENTED_EDGE('',*,*,#603,.T.);
#233=ORIENTED_EDGE('',*,*,#604,.T.);
#234=ORIENTED_EDGE('',*,*,#605,.T.);
#235=ORIENTED_EDGE('',*,*,#606,.T.);
#236=ORIENTED_EDGE('',*,*,#607,.T.);
#237=ORIENTED_EDGE('',*,*,#608,.T.);
#238=ORIENTED_EDGE('',*,*,#609,.T.);
#239=ORIENTED_EDGE('',*,*,#610,.F.);
#240=ORIENTED_EDGE('',*,*,#611,.F.);
#241=ORIENTED_EDGE('',*,*,#579,.T.);
#242=ORIENTED_EDGE('',*,*,#612,.F.);
#243=ORIENTED_EDGE('',*,*,#586,.F.);
#244=ORIENTED_EDGE('',*,*,#613,.T.);
#245=ORIENTED_EDGE('',*,*,#614,.T.);
#246=ORIENTED_EDGE('',*,*,#615,.F.);
#247=ORIENTED_EDGE('',*,*,#614,.F.);
#248=ORIENTED_EDGE('',*,*,#616,.T.);
#249=ORIENTED_EDGE('',*,*,#617,.T.);
#250=ORIENTED_EDGE('',*,*,#618,.F.);
#251=ORIENTED_EDGE('',*,*,#619,.T.);
#252=ORIENTED_EDGE('',*,*,#620,.T.);
#253=ORIENTED_EDGE('',*,*,#621,.F.);
#254=ORIENTED_EDGE('',*,*,#620,.F.);
#255=ORIENTED_EDGE('',*,*,#622,.T.);
#256=ORIENTED_EDGE('',*,*,#623,.T.);
#257=ORIENTED_EDGE('',*,*,#624,.F.);
#258=ORIENTED_EDGE('',*,*,#623,.F.);
#259=ORIENTED_EDGE('',*,*,#625,.T.);
#260=ORIENTED_EDGE('',*,*,#626,.T.);
#261=ORIENTED_EDGE('',*,*,#627,.F.);
#262=ORIENTED_EDGE('',*,*,#626,.F.);
#263=ORIENTED_EDGE('',*,*,#628,.T.);
#264=ORIENTED_EDGE('',*,*,#629,.T.);
#265=ORIENTED_EDGE('',*,*,#630,.F.);
#266=ORIENTED_EDGE('',*,*,#629,.F.);
#267=ORIENTED_EDGE('',*,*,#631,.T.);
#268=ORIENTED_EDGE('',*,*,#632,.T.);
#269=ORIENTED_EDGE('',*,*,#633,.T.);
#270=ORIENTED_EDGE('',*,*,#632,.F.);
#271=ORIENTED_EDGE('',*,*,#634,.T.);
#272=ORIENTED_EDGE('',*,*,#635,.T.);
#273=ORIENTED_EDGE('',*,*,#636,.F.);
#274=ORIENTED_EDGE('',*,*,#635,.F.);
#275=ORIENTED_EDGE('',*,*,#637,.T.);
#276=ORIENTED_EDGE('',*,*,#638,.T.);
#277=ORIENTED_EDGE('',*,*,#639,.T.);
#278=ORIENTED_EDGE('',*,*,#640,.T.);
#279=ORIENTED_EDGE('',*,*,#641,.F.);
#280=ORIENTED_EDGE('',*,*,#642,.F.);
#281=ORIENTED_EDGE('',*,*,#643,.T.);
#282=ORIENTED_EDGE('',*,*,#644,.T.);
#283=ORIENTED_EDGE('',*,*,#643,.F.);
#284=ORIENTED_EDGE('',*,*,#645,.F.);
#285=ORIENTED_EDGE('',*,*,#646,.T.);
#286=ORIENTED_EDGE('',*,*,#647,.F.);
#287=ORIENTED_EDGE('',*,*,#646,.F.);
#288=ORIENTED_EDGE('',*,*,#648,.T.);
#289=ORIENTED_EDGE('',*,*,#649,.T.);
#290=ORIENTED_EDGE('',*,*,#650,.T.);
#291=ORIENTED_EDGE('',*,*,#649,.F.);
#292=ORIENTED_EDGE('',*,*,#651,.F.);
#293=ORIENTED_EDGE('',*,*,#652,.T.);
#294=ORIENTED_EDGE('',*,*,#653,.F.);
#295=ORIENTED_EDGE('',*,*,#617,.F.);
#296=ORIENTED_EDGE('',*,*,#654,.T.);
#297=ORIENTED_EDGE('',*,*,#610,.T.);
#298=ORIENTED_EDGE('',*,*,#638,.F.);
#299=ORIENTED_EDGE('',*,*,#655,.T.);
#300=ORIENTED_EDGE('',*,*,#618,.T.);
#301=ORIENTED_EDGE('',*,*,#656,.F.);
#302=ORIENTED_EDGE('',*,*,#657,.T.);
#303=ORIENTED_EDGE('',*,*,#652,.F.);
#304=ORIENTED_EDGE('',*,*,#658,.F.);
#305=ORIENTED_EDGE('',*,*,#641,.T.);
#306=ORIENTED_EDGE('',*,*,#659,.T.);
#307=ORIENTED_EDGE('',*,*,#660,.T.);
#308=ORIENTED_EDGE('',*,*,#661,.T.);
#309=ORIENTED_EDGE('',*,*,#662,.T.);
#310=ORIENTED_EDGE('',*,*,#663,.T.);
#311=ORIENTED_EDGE('',*,*,#664,.T.);
#312=ORIENTED_EDGE('',*,*,#665,.T.);
#313=ORIENTED_EDGE('',*,*,#666,.T.);
#314=ORIENTED_EDGE('',*,*,#667,.T.);
#315=ORIENTED_EDGE('',*,*,#668,.F.);
#316=ORIENTED_EDGE('',*,*,#669,.T.);
#317=ORIENTED_EDGE('',*,*,#670,.F.);
#318=ORIENTED_EDGE('',*,*,#671,.T.);
#319=ORIENTED_EDGE('',*,*,#672,.F.);
#320=ORIENTED_EDGE('',*,*,#673,.T.);
#321=ORIENTED_EDGE('',*,*,#674,.F.);
#322=ORIENTED_EDGE('',*,*,#675,.T.);
#323=ORIENTED_EDGE('',*,*,#642,.T.);
#324=ORIENTED_EDGE('',*,*,#658,.T.);
#325=ORIENTED_EDGE('',*,*,#651,.T.);
#326=ORIENTED_EDGE('',*,*,#648,.F.);
#327=ORIENTED_EDGE('',*,*,#645,.T.);
#328=ORIENTED_EDGE('',*,*,#611,.T.);
#329=ORIENTED_EDGE('',*,*,#654,.F.);
#330=ORIENTED_EDGE('',*,*,#616,.F.);
#331=ORIENTED_EDGE('',*,*,#613,.F.);
#332=ORIENTED_EDGE('',*,*,#585,.T.);
#333=ORIENTED_EDGE('',*,*,#584,.T.);
#334=ORIENTED_EDGE('',*,*,#582,.T.);
#335=ORIENTED_EDGE('',*,*,#580,.T.);
#336=ORIENTED_EDGE('',*,*,#590,.T.);
#337=ORIENTED_EDGE('',*,*,#589,.T.);
#338=ORIENTED_EDGE('',*,*,#640,.F.);
#339=ORIENTED_EDGE('',*,*,#644,.F.);
#340=ORIENTED_EDGE('',*,*,#647,.T.);
#341=ORIENTED_EDGE('',*,*,#650,.F.);
#342=ORIENTED_EDGE('',*,*,#657,.F.);
#343=ORIENTED_EDGE('',*,*,#621,.T.);
#344=ORIENTED_EDGE('',*,*,#624,.T.);
#345=ORIENTED_EDGE('',*,*,#627,.T.);
#346=ORIENTED_EDGE('',*,*,#630,.T.);
#347=ORIENTED_EDGE('',*,*,#633,.F.);
#348=ORIENTED_EDGE('',*,*,#636,.T.);
#349=ORIENTED_EDGE('',*,*,#639,.F.);
#350=ORIENTED_EDGE('',*,*,#656,.T.);
#351=ORIENTED_EDGE('',*,*,#587,.F.);
#352=ORIENTED_EDGE('',*,*,#570,.T.);
#353=ORIENTED_EDGE('',*,*,#612,.T.);
#354=ORIENTED_EDGE('',*,*,#615,.T.);
#355=ORIENTED_EDGE('',*,*,#653,.T.);
#356=ORIENTED_EDGE('',*,*,#609,.F.);
#357=ORIENTED_EDGE('',*,*,#566,.F.);
#358=ORIENTED_EDGE('',*,*,#577,.F.);
#359=ORIENTED_EDGE('',*,*,#537,.F.);
#360=ORIENTED_EDGE('',*,*,#676,.F.);
#361=ORIENTED_EDGE('',*,*,#574,.F.);
#362=ORIENTED_EDGE('',*,*,#588,.F.);
#363=ORIENTED_EDGE('',*,*,#572,.F.);
#364=ORIENTED_EDGE('',*,*,#677,.F.);
#365=ORIENTED_EDGE('',*,*,#678,.F.);
#366=ORIENTED_EDGE('',*,*,#679,.F.);
#367=ORIENTED_EDGE('',*,*,#591,.F.);
#368=ORIENTED_EDGE('',*,*,#680,.T.);
#369=ORIENTED_EDGE('',*,*,#677,.T.);
#370=ORIENTED_EDGE('',*,*,#681,.F.);
#371=ORIENTED_EDGE('',*,*,#682,.F.);
#372=ORIENTED_EDGE('',*,*,#679,.T.);
#373=ORIENTED_EDGE('',*,*,#683,.T.);
#374=ORIENTED_EDGE('',*,*,#684,.F.);
#375=ORIENTED_EDGE('',*,*,#685,.F.);
#376=ORIENTED_EDGE('',*,*,#681,.T.);
#377=ORIENTED_EDGE('',*,*,#594,.F.);
#378=ORIENTED_EDGE('',*,*,#686,.F.);
#379=ORIENTED_EDGE('',*,*,#598,.F.);
#380=ORIENTED_EDGE('',*,*,#682,.T.);
#381=ORIENTED_EDGE('',*,*,#597,.F.);
#382=ORIENTED_EDGE('',*,*,#687,.F.);
#383=ORIENTED_EDGE('',*,*,#688,.F.);
#384=ORIENTED_EDGE('',*,*,#689,.F.);
#385=ORIENTED_EDGE('',*,*,#690,.F.);
#386=ORIENTED_EDGE('',*,*,#691,.F.);
#387=ORIENTED_EDGE('',*,*,#599,.F.);
#388=ORIENTED_EDGE('',*,*,#684,.T.);
#389=ORIENTED_EDGE('',*,*,#692,.F.);
#390=ORIENTED_EDGE('',*,*,#693,.F.);
#391=ORIENTED_EDGE('',*,*,#608,.F.);
#392=ORIENTED_EDGE('',*,*,#685,.T.);
#393=ORIENTED_EDGE('',*,*,#607,.F.);
#394=ORIENTED_EDGE('',*,*,#694,.F.);
#395=ORIENTED_EDGE('',*,*,#592,.F.);
#396=ORIENTED_EDGE('',*,*,#695,.F.);
#397=ORIENTED_EDGE('',*,*,#673,.F.);
#398=ORIENTED_EDGE('',*,*,#696,.F.);
#399=ORIENTED_EDGE('',*,*,#593,.F.);
#400=ORIENTED_EDGE('',*,*,#696,.T.);
#401=ORIENTED_EDGE('',*,*,#672,.T.);
#402=ORIENTED_EDGE('',*,*,#697,.F.);
#403=ORIENTED_EDGE('',*,*,#686,.T.);
#404=ORIENTED_EDGE('',*,*,#698,.T.);
#405=ORIENTED_EDGE('',*,*,#687,.T.);
#406=ORIENTED_EDGE('',*,*,#699,.F.);
#407=ORIENTED_EDGE('',*,*,#691,.T.);
#408=ORIENTED_EDGE('',*,*,#700,.T.);
#409=ORIENTED_EDGE('',*,*,#689,.T.);
#410=ORIENTED_EDGE('',*,*,#701,.F.);
#411=ORIENTED_EDGE('',*,*,#693,.T.);
#412=ORIENTED_EDGE('',*,*,#695,.T.);
#413=ORIENTED_EDGE('',*,*,#694,.T.);
#414=ORIENTED_EDGE('',*,*,#702,.F.);
#415=ORIENTED_EDGE('',*,*,#674,.T.);
#416=ORIENTED_EDGE('',*,*,#697,.T.);
#417=ORIENTED_EDGE('',*,*,#671,.F.);
#418=ORIENTED_EDGE('',*,*,#703,.F.);
#419=ORIENTED_EDGE('',*,*,#595,.F.);
#420=ORIENTED_EDGE('',*,*,#699,.T.);
#421=ORIENTED_EDGE('',*,*,#596,.F.);
#422=ORIENTED_EDGE('',*,*,#704,.F.);
#423=ORIENTED_EDGE('',*,*,#600,.F.);
#424=ORIENTED_EDGE('',*,*,#701,.T.);
#425=ORIENTED_EDGE('',*,*,#602,.F.);
#426=ORIENTED_EDGE('',*,*,#705,.F.);
#427=ORIENTED_EDGE('',*,*,#605,.F.);
#428=ORIENTED_EDGE('',*,*,#702,.T.);
#429=ORIENTED_EDGE('',*,*,#606,.F.);
#430=ORIENTED_EDGE('',*,*,#706,.F.);
#431=ORIENTED_EDGE('',*,*,#675,.F.);
#432=ORIENTED_EDGE('',*,*,#703,.T.);
#433=ORIENTED_EDGE('',*,*,#670,.T.);
#434=ORIENTED_EDGE('',*,*,#707,.F.);
#435=ORIENTED_EDGE('',*,*,#704,.T.);
#436=ORIENTED_EDGE('',*,*,#706,.T.);
#437=ORIENTED_EDGE('',*,*,#705,.T.);
#438=ORIENTED_EDGE('',*,*,#708,.F.);
#439=ORIENTED_EDGE('',*,*,#668,.T.);
#440=ORIENTED_EDGE('',*,*,#707,.T.);
#441=ORIENTED_EDGE('',*,*,#669,.F.);
#442=ORIENTED_EDGE('',*,*,#708,.T.);
#443=ORIENTED_EDGE('',*,*,#601,.F.);
#444=ORIENTED_EDGE('',*,*,#603,.F.);
#445=ORIENTED_EDGE('',*,*,#667,.F.);
#446=ORIENTED_EDGE('',*,*,#709,.F.);
#447=ORIENTED_EDGE('',*,*,#604,.F.);
#448=ORIENTED_EDGE('',*,*,#710,.F.);
#449=ORIENTED_EDGE('',*,*,#664,.F.);
#450=ORIENTED_EDGE('',*,*,#711,.F.);
#451=ORIENTED_EDGE('',*,*,#622,.F.);
#452=ORIENTED_EDGE('',*,*,#711,.T.);
#453=ORIENTED_EDGE('',*,*,#663,.F.);
#454=ORIENTED_EDGE('',*,*,#712,.F.);
#455=ORIENTED_EDGE('',*,*,#625,.F.);
#456=ORIENTED_EDGE('',*,*,#710,.T.);
#457=ORIENTED_EDGE('',*,*,#619,.F.);
#458=ORIENTED_EDGE('',*,*,#713,.F.);
#459=ORIENTED_EDGE('',*,*,#665,.F.);
#460=ORIENTED_EDGE('',*,*,#712,.T.);
#461=ORIENTED_EDGE('',*,*,#662,.F.);
#462=ORIENTED_EDGE('',*,*,#714,.F.);
#463=ORIENTED_EDGE('',*,*,#628,.F.);
#464=ORIENTED_EDGE('',*,*,#713,.T.);
#465=ORIENTED_EDGE('',*,*,#655,.F.);
#466=ORIENTED_EDGE('',*,*,#715,.F.);
#467=ORIENTED_EDGE('',*,*,#666,.F.);
#468=ORIENTED_EDGE('',*,*,#714,.T.);
#469=ORIENTED_EDGE('',*,*,#661,.F.);
#470=ORIENTED_EDGE('',*,*,#716,.F.);
#471=ORIENTED_EDGE('',*,*,#631,.F.);
#472=ORIENTED_EDGE('',*,*,#715,.T.);
#473=ORIENTED_EDGE('',*,*,#637,.F.);
#474=ORIENTED_EDGE('',*,*,#717,.F.);
#475=ORIENTED_EDGE('',*,*,#659,.F.);
#476=ORIENTED_EDGE('',*,*,#716,.T.);
#477=ORIENTED_EDGE('',*,*,#660,.F.);
#478=ORIENTED_EDGE('',*,*,#717,.T.);
#479=ORIENTED_EDGE('',*,*,#634,.F.);
#480=ORIENTED_EDGE('',*,*,#680,.F.);
#481=ORIENTED_EDGE('',*,*,#718,.F.);
#482=ORIENTED_EDGE('',*,*,#541,.T.);
#483=ORIENTED_EDGE('',*,*,#719,.T.);
#484=ORIENTED_EDGE('',*,*,#688,.T.);
#485=ORIENTED_EDGE('',*,*,#720,.F.);
#486=ORIENTED_EDGE('',*,*,#542,.F.);
#487=ORIENTED_EDGE('',*,*,#718,.T.);
#488=ORIENTED_EDGE('',*,*,#698,.F.);
#489=ORIENTED_EDGE('',*,*,#721,.F.);
#490=ORIENTED_EDGE('',*,*,#543,.T.);
#491=ORIENTED_EDGE('',*,*,#720,.T.);
#492=ORIENTED_EDGE('',*,*,#690,.T.);
#493=ORIENTED_EDGE('',*,*,#722,.F.);
#494=ORIENTED_EDGE('',*,*,#544,.F.);
#495=ORIENTED_EDGE('',*,*,#721,.T.);
#496=ORIENTED_EDGE('',*,*,#700,.F.);
#497=ORIENTED_EDGE('',*,*,#723,.F.);
#498=ORIENTED_EDGE('',*,*,#545,.T.);
#499=ORIENTED_EDGE('',*,*,#722,.T.);
#500=ORIENTED_EDGE('',*,*,#692,.T.);
#501=ORIENTED_EDGE('',*,*,#724,.F.);
#502=ORIENTED_EDGE('',*,*,#546,.F.);
#503=ORIENTED_EDGE('',*,*,#723,.T.);
#504=ORIENTED_EDGE('',*,*,#683,.F.);
#505=ORIENTED_EDGE('',*,*,#725,.F.);
#506=ORIENTED_EDGE('',*,*,#547,.T.);
#507=ORIENTED_EDGE('',*,*,#724,.T.);
#508=ORIENTED_EDGE('',*,*,#678,.T.);
#509=ORIENTED_EDGE('',*,*,#719,.F.);
#510=ORIENTED_EDGE('',*,*,#548,.F.);
#511=ORIENTED_EDGE('',*,*,#725,.T.);
#512=ORIENTED_EDGE('',*,*,#540,.F.);
#513=ORIENTED_EDGE('',*,*,#709,.T.);
#514=ORIENTED_EDGE('',*,*,#552,.F.);
#515=ORIENTED_EDGE('',*,*,#575,.F.);
#516=ORIENTED_EDGE('',*,*,#726,.F.);
#517=ORIENTED_EDGE('',*,*,#727,.T.);
#518=ORIENTED_EDGE('',*,*,#728,.T.);
#519=ORIENTED_EDGE('',*,*,#676,.T.);
#520=ORIENTED_EDGE('',*,*,#729,.F.);
#521=ORIENTED_EDGE('',*,*,#730,.F.);
#522=ORIENTED_EDGE('',*,*,#726,.T.);
#523=ORIENTED_EDGE('',*,*,#554,.F.);
#524=ORIENTED_EDGE('',*,*,#731,.F.);
#525=ORIENTED_EDGE('',*,*,#732,.T.);
#526=ORIENTED_EDGE('',*,*,#729,.T.);
#527=ORIENTED_EDGE('',*,*,#536,.T.);
#528=ORIENTED_EDGE('',*,*,#553,.F.);
#529=ORIENTED_EDGE('',*,*,#728,.F.);
#530=ORIENTED_EDGE('',*,*,#733,.T.);
#531=ORIENTED_EDGE('',*,*,#731,.T.);
#532=ORIENTED_EDGE('',*,*,#727,.F.);
#533=ORIENTED_EDGE('',*,*,#730,.T.);
#534=ORIENTED_EDGE('',*,*,#732,.F.);
#535=ORIENTED_EDGE('',*,*,#733,.F.);
#536=EDGE_CURVE('',#734,#735,#857,.T.);
#537=EDGE_CURVE('',#734,#736,#858,.T.);
#538=EDGE_CURVE('',#737,#736,#859,.T.);
#539=EDGE_CURVE('',#735,#737,#860,.T.);
#540=EDGE_CURVE('',#738,#738,#61,.F.);
#541=EDGE_CURVE('',#739,#740,#62,.T.);
#542=EDGE_CURVE('',#739,#741,#861,.T.);
#543=EDGE_CURVE('',#742,#741,#63,.T.);
#544=EDGE_CURVE('',#742,#743,#862,.T.);
#545=EDGE_CURVE('',#744,#743,#64,.T.);
#546=EDGE_CURVE('',#744,#745,#863,.F.);
#547=EDGE_CURVE('',#746,#745,#65,.T.);
#548=EDGE_CURVE('',#746,#740,#864,.F.);
#549=EDGE_CURVE('',#747,#747,#66,.T.);
#550=EDGE_CURVE('',#748,#748,#67,.T.);
#551=EDGE_CURVE('',#749,#750,#865,.T.);
#552=EDGE_CURVE('',#750,#751,#866,.T.);
#553=EDGE_CURVE('',#751,#752,#867,.T.);
#554=EDGE_CURVE('',#752,#735,#868,.T.);
#555=EDGE_CURVE('',#737,#753,#68,.T.);
#556=EDGE_CURVE('',#753,#754,#869,.T.);
#557=EDGE_CURVE('',#755,#754,#870,.T.);
#558=EDGE_CURVE('',#756,#755,#69,.T.);
#559=EDGE_CURVE('',#757,#756,#871,.T.);
#560=EDGE_CURVE('',#758,#757,#70,.T.);
#561=EDGE_CURVE('',#759,#758,#872,.T.);
#562=EDGE_CURVE('',#759,#760,#71,.T.);
#563=EDGE_CURVE('',#760,#761,#873,.T.);
#564=EDGE_CURVE('',#761,#749,#72,.T.);
#565=EDGE_CURVE('',#753,#762,#874,.T.);
#566=EDGE_CURVE('',#762,#763,#875,.T.);
#567=EDGE_CURVE('',#754,#763,#876,.T.);
#568=EDGE_CURVE('',#759,#764,#877,.T.);
#569=EDGE_CURVE('',#758,#765,#878,.T.);
#570=EDGE_CURVE('',#764,#765,#879,.T.);
#571=EDGE_CURVE('',#760,#766,#880,.T.);
#572=EDGE_CURVE('',#766,#767,#881,.T.);
#573=EDGE_CURVE('',#761,#767,#882,.T.);
#574=EDGE_CURVE('',#768,#769,#883,.T.);
#575=EDGE_CURVE('',#769,#750,#884,.T.);
#576=EDGE_CURVE('',#749,#768,#885,.T.);
#577=EDGE_CURVE('',#736,#762,#73,.T.);
#578=EDGE_CURVE('',#755,#770,#886,.T.);
#579=EDGE_CURVE('',#771,#763,#887,.T.);
#580=EDGE_CURVE('',#770,#771,#888,.T.);
#581=EDGE_CURVE('',#756,#772,#889,.T.);
#582=EDGE_CURVE('',#772,#770,#74,.T.);
#583=EDGE_CURVE('',#757,#773,#890,.T.);
#584=EDGE_CURVE('',#773,#772,#891,.T.);
#585=EDGE_CURVE('',#774,#773,#75,.T.);
#586=EDGE_CURVE('',#774,#765,#892,.T.);
#587=EDGE_CURVE('',#764,#766,#76,.T.);
#588=EDGE_CURVE('',#767,#768,#77,.T.);
#589=EDGE_CURVE('',#775,#775,#78,.T.);
#590=EDGE_CURVE('',#776,#776,#79,.T.);
#591=EDGE_CURVE('',#777,#778,#893,.T.);
#592=EDGE_CURVE('',#778,#779,#894,.T.);
#593=EDGE_CURVE('',#779,#780,#895,.F.);
#594=EDGE_CURVE('',#780,#777,#896,.F.);
#595=EDGE_CURVE('',#781,#782,#897,.T.);
#596=EDGE_CURVE('',#782,#783,#898,.F.);
#597=EDGE_CURVE('',#783,#784,#899,.F.);
#598=EDGE_CURVE('',#784,#781,#900,.T.);
#599=EDGE_CURVE('',#785,#786,#901,.F.);
#600=EDGE_CURVE('',#786,#787,#902,.T.);
#601=EDGE_CURVE('',#787,#788,#903,.T.);
#602=EDGE_CURVE('',#788,#785,#904,.F.);
#603=EDGE_CURVE('',#789,#789,#80,.F.);
#604=EDGE_CURVE('',#790,#790,#81,.T.);
#605=EDGE_CURVE('',#791,#792,#905,.T.);
#606=EDGE_CURVE('',#792,#793,#906,.F.);
#607=EDGE_CURVE('',#793,#794,#907,.F.);
#608=EDGE_CURVE('',#794,#791,#908,.T.);
#609=EDGE_CURVE('',#763,#795,#909,.T.);
#610=EDGE_CURVE('',#796,#795,#910,.T.);
#611=EDGE_CURVE('',#771,#796,#911,.T.);
#612=EDGE_CURVE('',#765,#797,#912,.T.);
#613=EDGE_CURVE('',#774,#798,#913,.T.);
#614=EDGE_CURVE('',#798,#797,#914,.T.);
#615=EDGE_CURVE('',#797,#799,#915,.T.);
#616=EDGE_CURVE('',#798,#800,#916,.T.);
#617=EDGE_CURVE('',#800,#799,#917,.T.);
#618=EDGE_CURVE('',#801,#802,#918,.T.);
#619=EDGE_CURVE('',#801,#803,#919,.T.);
#620=EDGE_CURVE('',#803,#804,#920,.T.);
#621=EDGE_CURVE('',#802,#804,#921,.T.);
#622=EDGE_CURVE('',#803,#805,#82,.T.);
#623=EDGE_CURVE('',#805,#806,#922,.T.);
#624=EDGE_CURVE('',#804,#806,#83,.T.);
#625=EDGE_CURVE('',#805,#807,#923,.T.);
#626=EDGE_CURVE('',#807,#808,#924,.T.);
#627=EDGE_CURVE('',#806,#808,#925,.T.);
#628=EDGE_CURVE('',#807,#809,#84,.T.);
#629=EDGE_CURVE('',#809,#810,#926,.T.);
#630=EDGE_CURVE('',#808,#810,#85,.T.);
#631=EDGE_CURVE('',#809,#811,#927,.F.);
#632=EDGE_CURVE('',#811,#812,#928,.T.);
#633=EDGE_CURVE('',#812,#810,#929,.T.);
#634=EDGE_CURVE('',#811,#813,#86,.T.);
#635=EDGE_CURVE('',#813,#814,#930,.T.);
#636=EDGE_CURVE('',#812,#814,#87,.T.);
#637=EDGE_CURVE('',#813,#815,#931,.F.);
#638=EDGE_CURVE('',#815,#816,#932,.T.);
#639=EDGE_CURVE('',#816,#814,#933,.T.);
#640=EDGE_CURVE('',#817,#818,#934,.T.);
#641=EDGE_CURVE('',#819,#818,#935,.T.);
#642=EDGE_CURVE('',#820,#819,#936,.T.);
#643=EDGE_CURVE('',#820,#817,#937,.T.);
#644=EDGE_CURVE('',#821,#817,#88,.T.);
#645=EDGE_CURVE('',#822,#820,#89,.T.);
#646=EDGE_CURVE('',#822,#821,#938,.T.);
#647=EDGE_CURVE('',#821,#823,#939,.T.);
#648=EDGE_CURVE('',#822,#824,#940,.T.);
#649=EDGE_CURVE('',#824,#823,#941,.T.);
#650=EDGE_CURVE('',#825,#823,#90,.T.);
#651=EDGE_CURVE('',#826,#824,#91,.T.);
#652=EDGE_CURVE('',#826,#825,#942,.T.);
#653=EDGE_CURVE('',#799,#795,#943,.T.);
#654=EDGE_CURVE('',#800,#796,#944,.T.);
#655=EDGE_CURVE('',#815,#801,#92,.T.);
#656=EDGE_CURVE('',#816,#802,#93,.T.);
#657=EDGE_CURVE('',#818,#825,#945,.T.);
#658=EDGE_CURVE('',#819,#826,#946,.T.);
#659=EDGE_CURVE('',#827,#828,#947,.T.);
#660=EDGE_CURVE('',#828,#829,#94,.F.);
#661=EDGE_CURVE('',#829,#830,#948,.T.);
#662=EDGE_CURVE('',#830,#831,#95,.F.);
#663=EDGE_CURVE('',#831,#832,#949,.F.);
#664=EDGE_CURVE('',#832,#833,#96,.F.);
#665=EDGE_CURVE('',#833,#834,#950,.F.);
#666=EDGE_CURVE('',#834,#827,#97,.F.);
#667=EDGE_CURVE('',#835,#835,#98,.T.);
#668=EDGE_CURVE('',#836,#837,#99,.F.);
#669=EDGE_CURVE('',#836,#838,#951,.F.);
#670=EDGE_CURVE('',#839,#838,#100,.F.);
#671=EDGE_CURVE('',#839,#840,#952,.F.);
#672=EDGE_CURVE('',#841,#840,#101,.F.);
#673=EDGE_CURVE('',#841,#842,#953,.T.);
#674=EDGE_CURVE('',#843,#842,#102,.F.);
#675=EDGE_CURVE('',#843,#837,#954,.T.);
#676=EDGE_CURVE('',#769,#734,#955,.T.);
#677=EDGE_CURVE('',#844,#777,#103,.T.);
#678=EDGE_CURVE('',#845,#844,#956,.F.);
#679=EDGE_CURVE('',#778,#845,#104,.T.);
#680=EDGE_CURVE('',#846,#844,#105,.T.);
#681=EDGE_CURVE('',#784,#777,#106,.T.);
#682=EDGE_CURVE('',#846,#784,#107,.F.);
#683=EDGE_CURVE('',#845,#847,#108,.T.);
#684=EDGE_CURVE('',#794,#847,#109,.F.);
#685=EDGE_CURVE('',#778,#794,#110,.T.);
#686=EDGE_CURVE('',#781,#780,#111,.T.);
#687=EDGE_CURVE('',#848,#783,#112,.T.);
#688=EDGE_CURVE('',#846,#848,#957,.T.);
#689=EDGE_CURVE('',#849,#785,#113,.T.);
#690=EDGE_CURVE('',#850,#849,#958,.T.);
#691=EDGE_CURVE('',#786,#850,#114,.T.);
#692=EDGE_CURVE('',#851,#847,#959,.F.);
#693=EDGE_CURVE('',#791,#851,#115,.T.);
#694=EDGE_CURVE('',#779,#793,#116,.T.);
#695=EDGE_CURVE('',#842,#779,#117,.T.);
#696=EDGE_CURVE('',#780,#841,#118,.T.);
#697=EDGE_CURVE('',#781,#840,#119,.F.);
#698=EDGE_CURVE('',#850,#848,#120,.T.);
#699=EDGE_CURVE('',#786,#783,#121,.T.);
#700=EDGE_CURVE('',#851,#849,#122,.T.);
#701=EDGE_CURVE('',#791,#785,#123,.T.);
#702=EDGE_CURVE('',#843,#793,#124,.F.);
#703=EDGE_CURVE('',#782,#839,#125,.T.);
#704=EDGE_CURVE('',#787,#782,#126,.T.);
#705=EDGE_CURVE('',#792,#788,#127,.T.);
#706=EDGE_CURVE('',#837,#792,#128,.T.);
#707=EDGE_CURVE('',#787,#838,#129,.F.);
#708=EDGE_CURVE('',#836,#788,#130,.F.);
#709=EDGE_CURVE('',#852,#852,#131,.F.);
#710=EDGE_CURVE('',#833,#803,#132,.T.);
#711=EDGE_CURVE('',#805,#832,#133,.T.);
#712=EDGE_CURVE('',#807,#831,#134,.T.);
#713=EDGE_CURVE('',#834,#801,#135,.T.);
#714=EDGE_CURVE('',#809,#830,#136,.T.);
#715=EDGE_CURVE('',#827,#815,#137,.T.);
#716=EDGE_CURVE('',#811,#829,#138,.T.);
#717=EDGE_CURVE('',#828,#813,#139,.T.);
#718=EDGE_CURVE('',#739,#846,#960,.T.);
#719=EDGE_CURVE('',#740,#844,#961,.T.);
#720=EDGE_CURVE('',#741,#848,#962,.T.);
#721=EDGE_CURVE('',#742,#850,#963,.T.);
#722=EDGE_CURVE('',#743,#849,#964,.T.);
#723=EDGE_CURVE('',#744,#851,#965,.T.);
#724=EDGE_CURVE('',#745,#847,#966,.T.);
#725=EDGE_CURVE('',#746,#845,#967,.T.);
#726=EDGE_CURVE('',#853,#769,#968,.T.);
#727=EDGE_CURVE('',#853,#854,#969,.T.);
#728=EDGE_CURVE('',#854,#751,#970,.T.);
#729=EDGE_CURVE('',#855,#734,#971,.T.);
#730=EDGE_CURVE('',#853,#855,#972,.T.);
#731=EDGE_CURVE('',#856,#752,#973,.T.);
#732=EDGE_CURVE('',#856,#855,#974,.T.);
#733=EDGE_CURVE('',#854,#856,#975,.T.);
#734=VERTEX_POINT('',#2037);
#735=VERTEX_POINT('',#2038);
#736=VERTEX_POINT('',#2040);
#737=VERTEX_POINT('',#2042);
#738=VERTEX_POINT('',#2046);
#739=VERTEX_POINT('',#2048);
#740=VERTEX_POINT('',#2049);
#741=VERTEX_POINT('',#2051);
#742=VERTEX_POINT('',#2053);
#743=VERTEX_POINT('',#2055);
#744=VERTEX_POINT('',#2057);
#745=VERTEX_POINT('',#2059);
#746=VERTEX_POINT('',#2061);
#747=VERTEX_POINT('',#2064);
#748=VERTEX_POINT('',#2066);
#749=VERTEX_POINT('',#2068);
#750=VERTEX_POINT('',#2069);
#751=VERTEX_POINT('',#2071);
#752=VERTEX_POINT('',#2073);
#753=VERTEX_POINT('',#2076);
#754=VERTEX_POINT('',#2078);
#755=VERTEX_POINT('',#2080);
#756=VERTEX_POINT('',#2082);
#757=VERTEX_POINT('',#2084);
#758=VERTEX_POINT('',#2086);
#759=VERTEX_POINT('',#2088);
#760=VERTEX_POINT('',#2090);
#761=VERTEX_POINT('',#2092);
#762=VERTEX_POINT('',#2096);
#763=VERTEX_POINT('',#2098);
#764=VERTEX_POINT('',#2102);
#765=VERTEX_POINT('',#2104);
#766=VERTEX_POINT('',#2108);
#767=VERTEX_POINT('',#2110);
#768=VERTEX_POINT('',#2114);
#769=VERTEX_POINT('',#2115);
#770=VERTEX_POINT('',#2122);
#771=VERTEX_POINT('',#2124);
#772=VERTEX_POINT('',#2128);
#773=VERTEX_POINT('',#2132);
#774=VERTEX_POINT('',#2136);
#775=VERTEX_POINT('',#2144);
#776=VERTEX_POINT('',#2147);
#777=VERTEX_POINT('',#2150);
#778=VERTEX_POINT('',#2151);
#779=VERTEX_POINT('',#2153);
#780=VERTEX_POINT('',#2155);
#781=VERTEX_POINT('',#2159);
#782=VERTEX_POINT('',#2160);
#783=VERTEX_POINT('',#2162);
#784=VERTEX_POINT('',#2164);
#785=VERTEX_POINT('',#2168);
#786=VERTEX_POINT('',#2169);
#787=VERTEX_POINT('',#2171);
#788=VERTEX_POINT('',#2173);
#789=VERTEX_POINT('',#2177);
#790=VERTEX_POINT('',#2179);
#791=VERTEX_POINT('',#2182);
#792=VERTEX_POINT('',#2183);
#793=VERTEX_POINT('',#2185);
#794=VERTEX_POINT('',#2187);
#795=VERTEX_POINT('',#2191);
#796=VERTEX_POINT('',#2193);
#797=VERTEX_POINT('',#2197);
#798=VERTEX_POINT('',#2199);
#799=VERTEX_POINT('',#2203);
#800=VERTEX_POINT('',#2205);
#801=VERTEX_POINT('',#2209);
#802=VERTEX_POINT('',#2210);
#803=VERTEX_POINT('',#2212);
#804=VERTEX_POINT('',#2214);
#805=VERTEX_POINT('',#2218);
#806=VERTEX_POINT('',#2220);
#807=VERTEX_POINT('',#2224);
#808=VERTEX_POINT('',#2226);
#809=VERTEX_POINT('',#2230);
#810=VERTEX_POINT('',#2232);
#811=VERTEX_POINT('',#2236);
#812=VERTEX_POINT('',#2238);
#813=VERTEX_POINT('',#2242);
#814=VERTEX_POINT('',#2244);
#815=VERTEX_POINT('',#2248);
#816=VERTEX_POINT('',#2250);
#817=VERTEX_POINT('',#2254);
#818=VERTEX_POINT('',#2255);
#819=VERTEX_POINT('',#2257);
#820=VERTEX_POINT('',#2259);
#821=VERTEX_POINT('',#2263);
#822=VERTEX_POINT('',#2265);
#823=VERTEX_POINT('',#2269);
#824=VERTEX_POINT('',#2271);
#825=VERTEX_POINT('',#2275);
#826=VERTEX_POINT('',#2277);
#827=VERTEX_POINT('',#2290);
#828=VERTEX_POINT('',#2291);
#829=VERTEX_POINT('',#2293);
#830=VERTEX_POINT('',#2295);
#831=VERTEX_POINT('',#2297);
#832=VERTEX_POINT('',#2299);
#833=VERTEX_POINT('',#2301);
#834=VERTEX_POINT('',#2303);
#835=VERTEX_POINT('',#2306);
#836=VERTEX_POINT('',#2308);
#837=VERTEX_POINT('',#2309);
#838=VERTEX_POINT('',#2311);
#839=VERTEX_POINT('',#2313);
#840=VERTEX_POINT('',#2315);
#841=VERTEX_POINT('',#2317);
#842=VERTEX_POINT('',#2319);
#843=VERTEX_POINT('',#2321);
#844=VERTEX_POINT('',#2327);
#845=VERTEX_POINT('',#2329);
#846=VERTEX_POINT('',#2333);
#847=VERTEX_POINT('',#2338);
#848=VERTEX_POINT('',#2345);
#849=VERTEX_POINT('',#2349);
#850=VERTEX_POINT('',#2351);
#851=VERTEX_POINT('',#2355);
#852=VERTEX_POINT('',#2388);
#853=VERTEX_POINT('',#2424);
#854=VERTEX_POINT('',#2426);
#855=VERTEX_POINT('',#2430);
#856=VERTEX_POINT('',#2434);
#857=LINE('',#2036,#976);
#858=LINE('',#2039,#977);
#859=LINE('',#2041,#978);
#860=LINE('',#2043,#979);
#861=LINE('',#2050,#980);
#862=LINE('',#2054,#981);
#863=LINE('',#2058,#982);
#864=LINE('',#2062,#983);
#865=LINE('',#2067,#984);
#866=LINE('',#2070,#985);
#867=LINE('',#2072,#986);
#868=LINE('',#2074,#987);
#869=LINE('',#2077,#988);
#870=LINE('',#2079,#989);
#871=LINE('',#2083,#990);
#872=LINE('',#2087,#991);
#873=LINE('',#2091,#992);
#874=LINE('',#2095,#993);
#875=LINE('',#2097,#994);
#876=LINE('',#2099,#995);
#877=LINE('',#2101,#996);
#878=LINE('',#2103,#997);
#879=LINE('',#2105,#998);
#880=LINE('',#2107,#999);
#881=LINE('',#2109,#1000);
#882=LINE('',#2111,#1001);
#883=LINE('',#2113,#1002);
#884=LINE('',#2116,#1003);
#885=LINE('',#2117,#1004);
#886=LINE('',#2121,#1005);
#887=LINE('',#2123,#1006);
#888=LINE('',#2125,#1007);
#889=LINE('',#2127,#1008);
#890=LINE('',#2131,#1009);
#891=LINE('',#2133,#1010);
#892=LINE('',#2137,#1011);
#893=LINE('',#2149,#1012);
#894=LINE('',#2152,#1013);
#895=LINE('',#2154,#1014);
#896=LINE('',#2156,#1015);
#897=LINE('',#2158,#1016);
#898=LINE('',#2161,#1017);
#899=LINE('',#2163,#1018);
#900=LINE('',#2165,#1019);
#901=LINE('',#2167,#1020);
#902=LINE('',#2170,#1021);
#903=LINE('',#2172,#1022);
#904=LINE('',#2174,#1023);
#905=LINE('',#2181,#1024);
#906=LINE('',#2184,#1025);
#907=LINE('',#2186,#1026);
#908=LINE('',#2188,#1027);
#909=LINE('',#2190,#1028);
#910=LINE('',#2192,#1029);
#911=LINE('',#2194,#1030);
#912=LINE('',#2196,#1031);
#913=LINE('',#2198,#1032);
#914=LINE('',#2200,#1033);
#915=LINE('',#2202,#1034);
#916=LINE('',#2204,#1035);
#917=LINE('',#2206,#1036);
#918=LINE('',#2208,#1037);
#919=LINE('',#2211,#1038);
#920=LINE('',#2213,#1039);
#921=LINE('',#2215,#1040);
#922=LINE('',#2219,#1041);
#923=LINE('',#2223,#1042);
#924=LINE('',#2225,#1043);
#925=LINE('',#2227,#1044);
#926=LINE('',#2231,#1045);
#927=LINE('',#2235,#1046);
#928=LINE('',#2237,#1047);
#929=LINE('',#2239,#1048);
#930=LINE('',#2243,#1049);
#931=LINE('',#2247,#1050);
#932=LINE('',#2249,#1051);
#933=LINE('',#2251,#1052);
#934=LINE('',#2253,#1053);
#935=LINE('',#2256,#1054);
#936=LINE('',#2258,#1055);
#937=LINE('',#2260,#1056);
#938=LINE('',#2266,#1057);
#939=LINE('',#2268,#1058);
#940=LINE('',#2270,#1059);
#941=LINE('',#2272,#1060);
#942=LINE('',#2278,#1061);
#943=LINE('',#2280,#1062);
#944=LINE('',#2281,#1063);
#945=LINE('',#2286,#1064);
#946=LINE('',#2287,#1065);
#947=LINE('',#2289,#1066);
#948=LINE('',#2294,#1067);
#949=LINE('',#2298,#1068);
#950=LINE('',#2302,#1069);
#951=LINE('',#2310,#1070);
#952=LINE('',#2314,#1071);
#953=LINE('',#2318,#1072);
#954=LINE('',#2322,#1073);
#955=LINE('',#2324,#1074);
#956=LINE('',#2328,#1075);
#957=LINE('',#2346,#1076);
#958=LINE('',#2350,#1077);
#959=LINE('',#2354,#1078);
#960=LINE('',#2406,#1079);
#961=LINE('',#2407,#1080);
#962=LINE('',#2409,#1081);
#963=LINE('',#2411,#1082);
#964=LINE('',#2413,#1083);
#965=LINE('',#2415,#1084);
#966=LINE('',#2417,#1085);
#967=LINE('',#2419,#1086);
#968=LINE('',#2423,#1087);
#969=LINE('',#2425,#1088);
#970=LINE('',#2427,#1089);
#971=LINE('',#2429,#1090);
#972=LINE('',#2431,#1091);
#973=LINE('',#2433,#1092);
#974=LINE('',#2435,#1093);
#975=LINE('',#2437,#1094);
#976=VECTOR('',#1593,1.);
#977=VECTOR('',#1594,1.);
#978=VECTOR('',#1595,1.);
#979=VECTOR('',#1596,1.);
#980=VECTOR('',#1603,1.);
#981=VECTOR('',#1606,1.);
#982=VECTOR('',#1609,1.);
#983=VECTOR('',#1612,1.);
#984=VECTOR('',#1617,1.);
#985=VECTOR('',#1618,1.);
#986=VECTOR('',#1619,1.);
#987=VECTOR('',#1620,1.);
#988=VECTOR('',#1623,1.);
#989=VECTOR('',#1624,1.);
#990=VECTOR('',#1627,1.);
#991=VECTOR('',#1630,1.);
#992=VECTOR('',#1633,1.);
#993=VECTOR('',#1638,1.);
#994=VECTOR('',#1639,1.);
#995=VECTOR('',#1640,1.);
#996=VECTOR('',#1643,1.);
#997=VECTOR('',#1644,1.);
#998=VECTOR('',#1645,1.);
#999=VECTOR('',#1648,1.);
#1000=VECTOR('',#1649,1.);
#1001=VECTOR('',#1650,1.);
#1002=VECTOR('',#1653,1.);
#1003=VECTOR('',#1654,1.);
#1004=VECTOR('',#1655,1.);
#1005=VECTOR('',#1662,1.);
#1006=VECTOR('',#1663,1.);
#1007=VECTOR('',#1664,1.);
#1008=VECTOR('',#1667,1.);
#1009=VECTOR('',#1672,1.);
#1010=VECTOR('',#1673,1.);
#1011=VECTOR('',#1678,1.);
#1012=VECTOR('',#1697,1.);
#1013=VECTOR('',#1698,1.);
#1014=VECTOR('',#1699,1.);
#1015=VECTOR('',#1700,1.);
#1016=VECTOR('',#1703,1.);
#1017=VECTOR('',#1704,1.);
#1018=VECTOR('',#1705,1.);
#1019=VECTOR('',#1706,1.);
#1020=VECTOR('',#1709,1.);
#1021=VECTOR('',#1710,1.);
#1022=VECTOR('',#1711,1.);
#1023=VECTOR('',#1712,1.);
#1024=VECTOR('',#1721,1.);
#1025=VECTOR('',#1722,1.);
#1026=VECTOR('',#1723,1.);
#1027=VECTOR('',#1724,1.);
#1028=VECTOR('',#1727,1.);
#1029=VECTOR('',#1728,1.);
#1030=VECTOR('',#1729,1.);
#1031=VECTOR('',#1732,1.);
#1032=VECTOR('',#1733,1.);
#1033=VECTOR('',#1734,1.);
#1034=VECTOR('',#1737,1.);
#1035=VECTOR('',#1738,1.);
#1036=VECTOR('',#1739,1.);
#1037=VECTOR('',#1742,1.);
#1038=VECTOR('',#1743,1.);
#1039=VECTOR('',#1744,1.);
#1040=VECTOR('',#1745,1.);
#1041=VECTOR('',#1750,1.);
#1042=VECTOR('',#1755,1.);
#1043=VECTOR('',#1756,1.);
#1044=VECTOR('',#1757,1.);
#1045=VECTOR('',#1762,1.);
#1046=VECTOR('',#1767,1.);
#1047=VECTOR('',#1768,1.);
#1048=VECTOR('',#1769,1.);
#1049=VECTOR('',#1774,1.);
#1050=VECTOR('',#1779,1.);
#1051=VECTOR('',#1780,1.);
#1052=VECTOR('',#1781,1.);
#1053=VECTOR('',#1784,1.);
#1054=VECTOR('',#1785,1.);
#1055=VECTOR('',#1786,1.);
#1056=VECTOR('',#1787,1.);
#1057=VECTOR('',#1794,1.);
#1058=VECTOR('',#1797,1.);
#1059=VECTOR('',#1798,1.);
#1060=VECTOR('',#1799,1.);
#1061=VECTOR('',#1806,1.);
#1062=VECTOR('',#1809,1.);
#1063=VECTOR('',#1810,1.);
#1064=VECTOR('',#1819,1.);
#1065=VECTOR('',#1820,1.);
#1066=VECTOR('',#1823,1.);
#1067=VECTOR('',#1826,1.);
#1068=VECTOR('',#1829,1.);
#1069=VECTOR('',#1832,1.);
#1070=VECTOR('',#1839,1.);
#1071=VECTOR('',#1842,1.);
#1072=VECTOR('',#1845,1.);
#1073=VECTOR('',#1848,1.);
#1074=VECTOR('',#1851,1.);
#1075=VECTOR('',#1856,1.);
#1076=VECTOR('',#1883,1.);
#1077=VECTOR('',#1888,1.);
#1078=VECTOR('',#1893,1.);
#1079=VECTOR('',#1992,1.);
#1080=VECTOR('',#1993,1.);
#1081=VECTOR('',#1996,1.);
#1082=VECTOR('',#1999,1.);
#1083=VECTOR('',#2002,1.);
#1084=VECTOR('',#2005,1.);
#1085=VECTOR('',#2008,1.);
#1086=VECTOR('',#2011,1.);
#1087=VECTOR('',#2018,1.);
#1088=VECTOR('',#2019,1.);
#1089=VECTOR('',#2020,1.);
#1090=VECTOR('',#2023,1.);
#1091=VECTOR('',#2024,1.);
#1092=VECTOR('',#2027,1.);
#1093=VECTOR('',#2028,1.);
#1094=VECTOR('',#2031,1.);
#1095=EDGE_LOOP('',(#140,#141,#142,#143));
#1096=EDGE_LOOP('',(#144));
#1097=EDGE_LOOP('',(#145,#146,#147,#148,#149,#150,#151,#152));
#1098=EDGE_LOOP('',(#153));
#1099=EDGE_LOOP('',(#154));
#1100=EDGE_LOOP('',(#155,#156,#157,#158,#159,#160,#161,#162,#163,#164,#165,
#166,#167,#168,#169));
#1101=EDGE_LOOP('',(#170,#171,#172,#173));
#1102=EDGE_LOOP('',(#174,#175,#176,#177));
#1103=EDGE_LOOP('',(#178,#179,#180,#181));
#1104=EDGE_LOOP('',(#182,#183,#184,#185));
#1105=EDGE_LOOP('',(#186,#187,#188,#189));
#1106=EDGE_LOOP('',(#190,#191,#192,#193,#194));
#1107=EDGE_LOOP('',(#195,#196,#197,#198));
#1108=EDGE_LOOP('',(#199,#200,#201,#202));
#1109=EDGE_LOOP('',(#203,#204,#205,#206,#207));
#1110=EDGE_LOOP('',(#208,#209,#210,#211));
#1111=EDGE_LOOP('',(#212,#213,#214,#215));
#1112=EDGE_LOOP('',(#216));
#1113=EDGE_LOOP('',(#217));
#1114=EDGE_LOOP('',(#218));
#1115=EDGE_LOOP('',(#219));
#1116=EDGE_LOOP('',(#220,#221,#222,#223));
#1117=EDGE_LOOP('',(#224,#225,#226,#227));
#1118=EDGE_LOOP('',(#228,#229,#230,#231));
#1119=EDGE_LOOP('',(#232));
#1120=EDGE_LOOP('',(#233));
#1121=EDGE_LOOP('',(#234,#235,#236,#237));
#1122=EDGE_LOOP('',(#238,#239,#240,#241));
#1123=EDGE_LOOP('',(#242,#243,#244,#245));
#1124=EDGE_LOOP('',(#246,#247,#248,#249));
#1125=EDGE_LOOP('',(#250,#251,#252,#253));
#1126=EDGE_LOOP('',(#254,#255,#256,#257));
#1127=EDGE_LOOP('',(#258,#259,#260,#261));
#1128=EDGE_LOOP('',(#262,#263,#264,#265));
#1129=EDGE_LOOP('',(#266,#267,#268,#269));
#1130=EDGE_LOOP('',(#270,#271,#272,#273));
#1131=EDGE_LOOP('',(#274,#275,#276,#277));
#1132=EDGE_LOOP('',(#278,#279,#280,#281));
#1133=EDGE_LOOP('',(#282,#283,#284,#285));
#1134=EDGE_LOOP('',(#286,#287,#288,#289));
#1135=EDGE_LOOP('',(#290,#291,#292,#293));
#1136=EDGE_LOOP('',(#294,#295,#296,#297));
#1137=EDGE_LOOP('',(#298,#299,#300,#301));
#1138=EDGE_LOOP('',(#302,#303,#304,#305));
#1139=EDGE_LOOP('',(#306,#307,#308,#309,#310,#311,#312,#313));
#1140=EDGE_LOOP('',(#314));
#1141=EDGE_LOOP('',(#315,#316,#317,#318,#319,#320,#321,#322));
#1142=EDGE_LOOP('',(#323,#324,#325,#326,#327));
#1143=EDGE_LOOP('',(#328,#329,#330,#331,#332,#333,#334,#335));
#1144=EDGE_LOOP('',(#336));
#1145=EDGE_LOOP('',(#337));
#1146=EDGE_LOOP('',(#338,#339,#340,#341,#342));
#1147=EDGE_LOOP('',(#343,#344,#345,#346,#347,#348,#349,#350));
#1148=EDGE_LOOP('',(#351,#352,#353,#354,#355,#356,#357,#358,#359,#360,#361,
#362,#363));
#1149=EDGE_LOOP('',(#364,#365,#366,#367));
#1150=EDGE_LOOP('',(#368,#369,#370,#371));
#1151=EDGE_LOOP('',(#372,#373,#374,#375));
#1152=EDGE_LOOP('',(#376,#377,#378,#379));
#1153=EDGE_LOOP('',(#380,#381,#382,#383));
#1154=EDGE_LOOP('',(#384,#385,#386,#387));
#1155=EDGE_LOOP('',(#388,#389,#390,#391));
#1156=EDGE_LOOP('',(#392,#393,#394,#395));
#1157=EDGE_LOOP('',(#396,#397,#398,#399));
#1158=EDGE_LOOP('',(#400,#401,#402,#403));
#1159=EDGE_LOOP('',(#404,#405,#406,#407));
#1160=EDGE_LOOP('',(#408,#409,#410,#411));
#1161=EDGE_LOOP('',(#412,#413,#414,#415));
#1162=EDGE_LOOP('',(#416,#417,#418,#419));
#1163=EDGE_LOOP('',(#420,#421,#422,#423));
#1164=EDGE_LOOP('',(#424,#425,#426,#427));
#1165=EDGE_LOOP('',(#428,#429,#430,#431));
#1166=EDGE_LOOP('',(#432,#433,#434,#435));
#1167=EDGE_LOOP('',(#436,#437,#438,#439));
#1168=EDGE_LOOP('',(#440,#441,#442,#443));
#1169=EDGE_LOOP('',(#444));
#1170=EDGE_LOOP('',(#445));
#1171=EDGE_LOOP('',(#446));
#1172=EDGE_LOOP('',(#447));
#1173=EDGE_LOOP('',(#448,#449,#450,#451));
#1174=EDGE_LOOP('',(#452,#453,#454,#455));
#1175=EDGE_LOOP('',(#456,#457,#458,#459));
#1176=EDGE_LOOP('',(#460,#461,#462,#463));
#1177=EDGE_LOOP('',(#464,#465,#466,#467));
#1178=EDGE_LOOP('',(#468,#469,#470,#471));
#1179=EDGE_LOOP('',(#472,#473,#474,#475));
#1180=EDGE_LOOP('',(#476,#477,#478,#479));
#1181=EDGE_LOOP('',(#480,#481,#482,#483));
#1182=EDGE_LOOP('',(#484,#485,#486,#487));
#1183=EDGE_LOOP('',(#488,#489,#490,#491));
#1184=EDGE_LOOP('',(#492,#493,#494,#495));
#1185=EDGE_LOOP('',(#496,#497,#498,#499));
#1186=EDGE_LOOP('',(#500,#501,#502,#503));
#1187=EDGE_LOOP('',(#504,#505,#506,#507));
#1188=EDGE_LOOP('',(#508,#509,#510,#511));
#1189=EDGE_LOOP('',(#512));
#1190=EDGE_LOOP('',(#513));
#1191=EDGE_LOOP('',(#514,#515,#516,#517,#518));
#1192=EDGE_LOOP('',(#519,#520,#521,#522));
#1193=EDGE_LOOP('',(#523,#524,#525,#526,#527));
#1194=EDGE_LOOP('',(#528,#529,#530,#531));
#1195=EDGE_LOOP('',(#532,#533,#534,#535));
#1196=FACE_BOUND('',#1095,.T.);
#1197=FACE_BOUND('',#1096,.T.);
#1198=FACE_BOUND('',#1097,.T.);
#1199=FACE_BOUND('',#1098,.T.);
#1200=FACE_BOUND('',#1099,.T.);
#1201=FACE_BOUND('',#1100,.T.);
#1202=FACE_BOUND('',#1101,.T.);
#1203=FACE_BOUND('',#1102,.T.);
#1204=FACE_BOUND('',#1103,.T.);
#1205=FACE_BOUND('',#1104,.T.);
#1206=FACE_BOUND('',#1105,.T.);
#1207=FACE_BOUND('',#1106,.T.);
#1208=FACE_BOUND('',#1107,.T.);
#1209=FACE_BOUND('',#1108,.T.);
#1210=FACE_BOUND('',#1109,.T.);
#1211=FACE_BOUND('',#1110,.T.);
#1212=FACE_BOUND('',#1111,.T.);
#1213=FACE_BOUND('',#1112,.T.);
#1214=FACE_BOUND('',#1113,.T.);
#1215=FACE_BOUND('',#1114,.T.);
#1216=FACE_BOUND('',#1115,.T.);
#1217=FACE_BOUND('',#1116,.T.);
#1218=FACE_BOUND('',#1117,.T.);
#1219=FACE_BOUND('',#1118,.T.);
#1220=FACE_BOUND('',#1119,.T.);
#1221=FACE_BOUND('',#1120,.T.);
#1222=FACE_BOUND('',#1121,.T.);
#1223=FACE_BOUND('',#1122,.T.);
#1224=FACE_BOUND('',#1123,.T.);
#1225=FACE_BOUND('',#1124,.T.);
#1226=FACE_BOUND('',#1125,.T.);
#1227=FACE_BOUND('',#1126,.T.);
#1228=FACE_BOUND('',#1127,.T.);
#1229=FACE_BOUND('',#1128,.T.);
#1230=FACE_BOUND('',#1129,.T.);
#1231=FACE_BOUND('',#1130,.T.);
#1232=FACE_BOUND('',#1131,.T.);
#1233=FACE_BOUND('',#1132,.T.);
#1234=FACE_BOUND('',#1133,.T.);
#1235=FACE_BOUND('',#1134,.T.);
#1236=FACE_BOUND('',#1135,.T.);
#1237=FACE_BOUND('',#1136,.T.);
#1238=FACE_BOUND('',#1137,.T.);
#1239=FACE_BOUND('',#1138,.T.);
#1240=FACE_BOUND('',#1139,.T.);
#1241=FACE_BOUND('',#1140,.T.);
#1242=FACE_BOUND('',#1141,.T.);
#1243=FACE_BOUND('',#1142,.T.);
#1244=FACE_BOUND('',#1143,.T.);
#1245=FACE_BOUND('',#1144,.T.);
#1246=FACE_BOUND('',#1145,.T.);
#1247=FACE_BOUND('',#1146,.T.);
#1248=FACE_BOUND('',#1147,.T.);
#1249=FACE_BOUND('',#1148,.T.);
#1250=FACE_BOUND('',#1149,.T.);
#1251=FACE_BOUND('',#1150,.T.);
#1252=FACE_BOUND('',#1151,.T.);
#1253=FACE_BOUND('',#1152,.T.);
#1254=FACE_BOUND('',#1153,.T.);
#1255=FACE_BOUND('',#1154,.T.);
#1256=FACE_BOUND('',#1155,.T.);
#1257=FACE_BOUND('',#1156,.T.);
#1258=FACE_BOUND('',#1157,.T.);
#1259=FACE_BOUND('',#1158,.T.);
#1260=FACE_BOUND('',#1159,.T.);
#1261=FACE_BOUND('',#1160,.T.);
#1262=FACE_BOUND('',#1161,.T.);
#1263=FACE_BOUND('',#1162,.T.);
#1264=FACE_BOUND('',#1163,.T.);
#1265=FACE_BOUND('',#1164,.T.);
#1266=FACE_BOUND('',#1165,.T.);
#1267=FACE_BOUND('',#1166,.T.);
#1268=FACE_BOUND('',#1167,.T.);
#1269=FACE_BOUND('',#1168,.T.);
#1270=FACE_BOUND('',#1169,.T.);
#1271=FACE_BOUND('',#1170,.T.);
#1272=FACE_BOUND('',#1171,.T.);
#1273=FACE_BOUND('',#1172,.T.);
#1274=FACE_BOUND('',#1173,.T.);
#1275=FACE_BOUND('',#1174,.T.);
#1276=FACE_BOUND('',#1175,.T.);
#1277=FACE_BOUND('',#1176,.T.);
#1278=FACE_BOUND('',#1177,.T.);
#1279=FACE_BOUND('',#1178,.T.);
#1280=FACE_BOUND('',#1179,.T.);
#1281=FACE_BOUND('',#1180,.T.);
#1282=FACE_BOUND('',#1181,.T.);
#1283=FACE_BOUND('',#1182,.T.);
#1284=FACE_BOUND('',#1183,.T.);
#1285=FACE_BOUND('',#1184,.T.);
#1286=FACE_BOUND('',#1185,.T.);
#1287=FACE_BOUND('',#1186,.T.);
#1288=FACE_BOUND('',#1187,.T.);
#1289=FACE_BOUND('',#1188,.T.);
#1290=FACE_BOUND('',#1189,.T.);
#1291=FACE_BOUND('',#1190,.T.);
#1292=FACE_BOUND('',#1191,.T.);
#1293=FACE_BOUND('',#1192,.T.);
#1294=FACE_BOUND('',#1193,.T.);
#1295=FACE_BOUND('',#1194,.T.);
#1296=FACE_BOUND('',#1195,.T.);
#1297=PLANE('',#1427);
#1298=PLANE('',#1428);
#1299=PLANE('',#1441);
#1300=PLANE('',#1442);
#1301=PLANE('',#1443);
#1302=PLANE('',#1444);
#1303=PLANE('',#1447);
#1304=PLANE('',#1450);
#1305=PLANE('',#1461);
#1306=PLANE('',#1462);
#1307=PLANE('',#1463);
#1308=PLANE('',#1467);
#1309=PLANE('',#1468);
#1310=PLANE('',#1469);
#1311=PLANE('',#1470);
#1312=PLANE('',#1471);
#1313=PLANE('',#1475);
#1314=PLANE('',#1479);
#1315=PLANE('',#1483);
#1316=PLANE('',#1484);
#1317=PLANE('',#1488);
#1318=PLANE('',#1492);
#1319=PLANE('',#1496);
#1320=PLANE('',#1497);
#1321=PLANE('',#1507);
#1322=PLANE('',#1576);
#1323=PLANE('',#1578);
#1324=PLANE('',#1580);
#1325=PLANE('',#1582);
#1326=PLANE('',#1584);
#1327=PLANE('',#1585);
#1328=PLANE('',#1586);
#1329=PLANE('',#1587);
#1330=PLANE('',#1588);
#1331=ADVANCED_FACE('',(#1196),#1297,.F.);
#1332=ADVANCED_FACE('',(#1197,#1198,#1199,#1200,#1201),#1298,.T.);
#1333=ADVANCED_FACE('',(#1202),#1299,.F.);
#1334=ADVANCED_FACE('',(#1203),#1300,.T.);
#1335=ADVANCED_FACE('',(#1204),#1301,.F.);
#1336=ADVANCED_FACE('',(#1205),#1302,.F.);
#1337=ADVANCED_FACE('',(#1206),#26,.T.);
#1338=ADVANCED_FACE('',(#1207),#1303,.T.);
#1339=ADVANCED_FACE('',(#1208),#27,.F.);
#1340=ADVANCED_FACE('',(#1209),#1304,.T.);
#1341=ADVANCED_FACE('',(#1210),#28,.F.);
#1342=ADVANCED_FACE('',(#1211),#29,.T.);
#1343=ADVANCED_FACE('',(#1212),#30,.T.);
#1344=ADVANCED_FACE('',(#1213,#1214),#31,.F.);
#1345=ADVANCED_FACE('',(#1215,#1216),#32,.F.);
#1346=ADVANCED_FACE('',(#1217),#1305,.T.);
#1347=ADVANCED_FACE('',(#1218),#1306,.F.);
#1348=ADVANCED_FACE('',(#1219),#1307,.F.);
#1349=ADVANCED_FACE('',(#1220,#1221),#33,.F.);
#1350=ADVANCED_FACE('',(#1222),#1308,.T.);
#1351=ADVANCED_FACE('',(#1223),#1309,.F.);
#1352=ADVANCED_FACE('',(#1224),#1310,.T.);
#1353=ADVANCED_FACE('',(#1225),#1311,.T.);
#1354=ADVANCED_FACE('',(#1226),#1312,.T.);
#1355=ADVANCED_FACE('',(#1227),#34,.T.);
#1356=ADVANCED_FACE('',(#1228),#1313,.T.);
#1357=ADVANCED_FACE('',(#1229),#35,.T.);
#1358=ADVANCED_FACE('',(#1230),#1314,.F.);
#1359=ADVANCED_FACE('',(#1231),#36,.T.);
#1360=ADVANCED_FACE('',(#1232),#1315,.F.);
#1361=ADVANCED_FACE('',(#1233),#1316,.F.);
#1362=ADVANCED_FACE('',(#1234),#37,.F.);
#1363=ADVANCED_FACE('',(#1235),#1317,.T.);
#1364=ADVANCED_FACE('',(#1236),#38,.F.);
#1365=ADVANCED_FACE('',(#1237),#1318,.T.);
#1366=ADVANCED_FACE('',(#1238),#39,.T.);
#1367=ADVANCED_FACE('',(#1239),#1319,.F.);
#1368=ADVANCED_FACE('',(#1240,#1241,#1242,#1243,#1244,#1245,#1246),#1320,
 .F.);
#1369=ADVANCED_FACE('',(#1247,#1248,#1249),#1321,.T.);
#1370=ADVANCED_FACE('',(#1250),#40,.T.);
#1371=ADVANCED_FACE('',(#1251),#12,.T.);
#1372=ADVANCED_FACE('',(#1252),#13,.T.);
#1373=ADVANCED_FACE('',(#1253),#41,.F.);
#1374=ADVANCED_FACE('',(#1254),#42,.T.);
#1375=ADVANCED_FACE('',(#1255),#43,.T.);
#1376=ADVANCED_FACE('',(#1256),#44,.T.);
#1377=ADVANCED_FACE('',(#1257),#45,.F.);
#1378=ADVANCED_FACE('',(#1258),#46,.T.);
#1379=ADVANCED_FACE('',(#1259),#14,.T.);
#1380=ADVANCED_FACE('',(#1260),#15,.T.);
#1381=ADVANCED_FACE('',(#1261),#16,.T.);
#1382=ADVANCED_FACE('',(#1262),#17,.T.);
#1383=ADVANCED_FACE('',(#1263),#47,.T.);
#1384=ADVANCED_FACE('',(#1264),#48,.F.);
#1385=ADVANCED_FACE('',(#1265),#49,.F.);
#1386=ADVANCED_FACE('',(#1266),#50,.T.);
#1387=ADVANCED_FACE('',(#1267),#18,.T.);
#1388=ADVANCED_FACE('',(#1268),#19,.T.);
#1389=ADVANCED_FACE('',(#1269),#51,.T.);
#1390=ADVANCED_FACE('',(#1270,#1271),#20,.T.);
#1391=ADVANCED_FACE('',(#1272,#1273),#21,.T.);
#1392=ADVANCED_FACE('',(#1274),#22,.T.);
#1393=ADVANCED_FACE('',(#1275),#52,.T.);
#1394=ADVANCED_FACE('',(#1276),#53,.T.);
#1395=ADVANCED_FACE('',(#1277),#23,.T.);
#1396=ADVANCED_FACE('',(#1278),#24,.T.);
#1397=ADVANCED_FACE('',(#1279),#54,.T.);
#1398=ADVANCED_FACE('',(#1280),#55,.T.);
#1399=ADVANCED_FACE('',(#1281),#25,.T.);
#1400=ADVANCED_FACE('',(#1282),#56,.T.);
#1401=ADVANCED_FACE('',(#1283),#1322,.F.);
#1402=ADVANCED_FACE('',(#1284),#57,.T.);
#1403=ADVANCED_FACE('',(#1285),#1323,.F.);
#1404=ADVANCED_FACE('',(#1286),#58,.T.);
#1405=ADVANCED_FACE('',(#1287),#1324,.F.);
#1406=ADVANCED_FACE('',(#1288),#59,.T.);
#1407=ADVANCED_FACE('',(#1289),#1325,.F.);
#1408=ADVANCED_FACE('',(#1290,#1291),#60,.T.);
#1409=ADVANCED_FACE('',(#1292),#1326,.T.);
#1410=ADVANCED_FACE('',(#1293),#1327,.F.);
#1411=ADVANCED_FACE('',(#1294),#1328,.T.);
#1412=ADVANCED_FACE('',(#1295),#1329,.T.);
#1413=ADVANCED_FACE('',(#1296),#1330,.T.);
#1414=CLOSED_SHELL('',(#1331,#1332,#1333,#1334,#1335,#1336,#1337,#1338,
#1339,#1340,#1341,#1342,#1343,#1344,#1345,#1346,#1347,#1348,#1349,#1350,
#1351,#1352,#1353,#1354,#1355,#1356,#1357,#1358,#1359,#1360,#1361,#1362,
#1363,#1364,#1365,#1366,#1367,#1368,#1369,#1370,#1371,#1372,#1373,#1374,
#1375,#1376,#1377,#1378,#1379,#1380,#1381,#1382,#1383,#1384,#1385,#1386,
#1387,#1388,#1389,#1390,#1391,#1392,#1393,#1394,#1395,#1396,#1397,#1398,
#1399,#1400,#1401,#1402,#1403,#1404,#1405,#1406,#1407,#1408,#1409,#1410,
#1411,#1412,#1413));
#1415=STYLED_ITEM('',(#1416),#1423);
#1416=PRESENTATION_STYLE_ASSIGNMENT((#1417));
#1417=SURFACE_STYLE_USAGE(.BOTH.,#1418);
#1418=SURFACE_SIDE_STYLE('',(#1419));
#1419=SURFACE_STYLE_FILL_AREA(#1420);
#1420=FILL_AREA_STYLE('',(#1421));
#1421=FILL_AREA_STYLE_COLOUR('',#1422);
#1422=COLOUR_RGB('',0.901960784313726,0.901960784313726,0.901960784313726);
#1423=MANIFOLD_SOLID_BREP('Part 194',#1414);
#1424=SHAPE_DEFINITION_REPRESENTATION(#2445,#1425);
#1425=SHAPE_REPRESENTATION('Part 194',(#1426),#2440);
#1426=AXIS2_PLACEMENT_3D('',#2034,#1589,#1590);
#1427=AXIS2_PLACEMENT_3D('',#2035,#1591,#1592);
#1428=AXIS2_PLACEMENT_3D('',#2044,#1597,#1598);
#1429=AXIS2_PLACEMENT_3D('',#2045,#1599,#1600);
#1430=AXIS2_PLACEMENT_3D('',#2047,#1601,#1602);
#1431=AXIS2_PLACEMENT_3D('',#2052,#1604,#1605);
#1432=AXIS2_PLACEMENT_3D('',#2056,#1607,#1608);
#1433=AXIS2_PLACEMENT_3D('',#2060,#1610,#1611);
#1434=AXIS2_PLACEMENT_3D('',#2063,#1613,#1614);
#1435=AXIS2_PLACEMENT_3D('',#2065,#1615,#1616);
#1436=AXIS2_PLACEMENT_3D('',#2075,#1621,#1622);
#1437=AXIS2_PLACEMENT_3D('',#2081,#1625,#1626);
#1438=AXIS2_PLACEMENT_3D('',#2085,#1628,#1629);
#1439=AXIS2_PLACEMENT_3D('',#2089,#1631,#1632);
#1440=AXIS2_PLACEMENT_3D('',#2093,#1634,#1635);
#1441=AXIS2_PLACEMENT_3D('',#2094,#1636,#1637);
#1442=AXIS2_PLACEMENT_3D('',#2100,#1641,#1642);
#1443=AXIS2_PLACEMENT_3D('',#2106,#1646,#1647);
#1444=AXIS2_PLACEMENT_3D('',#2112,#1651,#1652);
#1445=AXIS2_PLACEMENT_3D('',#2118,#1656,#1657);
#1446=AXIS2_PLACEMENT_3D('',#2119,#1658,#1659);
#1447=AXIS2_PLACEMENT_3D('',#2120,#1660,#1661);
#1448=AXIS2_PLACEMENT_3D('',#2126,#1665,#1666);
#1449=AXIS2_PLACEMENT_3D('',#2129,#1668,#1669);
#1450=AXIS2_PLACEMENT_3D('',#2130,#1670,#1671);
#1451=AXIS2_PLACEMENT_3D('',#2134,#1674,#1675);
#1452=AXIS2_PLACEMENT_3D('',#2135,#1676,#1677);
#1453=AXIS2_PLACEMENT_3D('',#2138,#1679,#1680);
#1454=AXIS2_PLACEMENT_3D('',#2139,#1681,#1682);
#1455=AXIS2_PLACEMENT_3D('',#2140,#1683,#1684);
#1456=AXIS2_PLACEMENT_3D('',#2141,#1685,#1686);
#1457=AXIS2_PLACEMENT_3D('',#2142,#1687,#1688);
#1458=AXIS2_PLACEMENT_3D('',#2143,#1689,#1690);
#1459=AXIS2_PLACEMENT_3D('',#2145,#1691,#1692);
#1460=AXIS2_PLACEMENT_3D('',#2146,#1693,#1694);
#1461=AXIS2_PLACEMENT_3D('',#2148,#1695,#1696);
#1462=AXIS2_PLACEMENT_3D('',#2157,#1701,#1702);
#1463=AXIS2_PLACEMENT_3D('',#2166,#1707,#1708);
#1464=AXIS2_PLACEMENT_3D('',#2175,#1713,#1714);
#1465=AXIS2_PLACEMENT_3D('',#2176,#1715,#1716);
#1466=AXIS2_PLACEMENT_3D('',#2178,#1717,#1718);
#1467=AXIS2_PLACEMENT_3D('',#2180,#1719,#1720);
#1468=AXIS2_PLACEMENT_3D('',#2189,#1725,#1726);
#1469=AXIS2_PLACEMENT_3D('',#2195,#1730,#1731);
#1470=AXIS2_PLACEMENT_3D('',#2201,#1735,#1736);
#1471=AXIS2_PLACEMENT_3D('',#2207,#1740,#1741);
#1472=AXIS2_PLACEMENT_3D('',#2216,#1746,#1747);
#1473=AXIS2_PLACEMENT_3D('',#2217,#1748,#1749);
#1474=AXIS2_PLACEMENT_3D('',#2221,#1751,#1752);
#1475=AXIS2_PLACEMENT_3D('',#2222,#1753,#1754);
#1476=AXIS2_PLACEMENT_3D('',#2228,#1758,#1759);
#1477=AXIS2_PLACEMENT_3D('',#2229,#1760,#1761);
#1478=AXIS2_PLACEMENT_3D('',#2233,#1763,#1764);
#1479=AXIS2_PLACEMENT_3D('',#2234,#1765,#1766);
#1480=AXIS2_PLACEMENT_3D('',#2240,#1770,#1771);
#1481=AXIS2_PLACEMENT_3D('',#2241,#1772,#1773);
#1482=AXIS2_PLACEMENT_3D('',#2245,#1775,#1776);
#1483=AXIS2_PLACEMENT_3D('',#2246,#1777,#1778);
#1484=AXIS2_PLACEMENT_3D('',#2252,#1782,#1783);
#1485=AXIS2_PLACEMENT_3D('',#2261,#1788,#1789);
#1486=AXIS2_PLACEMENT_3D('',#2262,#1790,#1791);
#1487=AXIS2_PLACEMENT_3D('',#2264,#1792,#1793);
#1488=AXIS2_PLACEMENT_3D('',#2267,#1795,#1796);
#1489=AXIS2_PLACEMENT_3D('',#2273,#1800,#1801);
#1490=AXIS2_PLACEMENT_3D('',#2274,#1802,#1803);
#1491=AXIS2_PLACEMENT_3D('',#2276,#1804,#1805);
#1492=AXIS2_PLACEMENT_3D('',#2279,#1807,#1808);
#1493=AXIS2_PLACEMENT_3D('',#2282,#1811,#1812);
#1494=AXIS2_PLACEMENT_3D('',#2283,#1813,#1814);
#1495=AXIS2_PLACEMENT_3D('',#2284,#1815,#1816);
#1496=AXIS2_PLACEMENT_3D('',#2285,#1817,#1818);
#1497=AXIS2_PLACEMENT_3D('',#2288,#1821,#1822);
#1498=AXIS2_PLACEMENT_3D('',#2292,#1824,#1825);
#1499=AXIS2_PLACEMENT_3D('',#2296,#1827,#1828);
#1500=AXIS2_PLACEMENT_3D('',#2300,#1830,#1831);
#1501=AXIS2_PLACEMENT_3D('',#2304,#1833,#1834);
#1502=AXIS2_PLACEMENT_3D('',#2305,#1835,#1836);
#1503=AXIS2_PLACEMENT_3D('',#2307,#1837,#1838);
#1504=AXIS2_PLACEMENT_3D('',#2312,#1840,#1841);
#1505=AXIS2_PLACEMENT_3D('',#2316,#1843,#1844);
#1506=AXIS2_PLACEMENT_3D('',#2320,#1846,#1847);
#1507=AXIS2_PLACEMENT_3D('',#2323,#1849,#1850);
#1508=AXIS2_PLACEMENT_3D('',#2325,#1852,#1853);
#1509=AXIS2_PLACEMENT_3D('',#2326,#1854,#1855);
#1510=AXIS2_PLACEMENT_3D('',#2330,#1857,#1858);
#1511=AXIS2_PLACEMENT_3D('',#2331,#1859,#1860);
#1512=AXIS2_PLACEMENT_3D('',#2332,#1861,#1862);
#1513=AXIS2_PLACEMENT_3D('',#2334,#1863,#1864);
#1514=AXIS2_PLACEMENT_3D('',#2335,#1865,#1866);
#1515=AXIS2_PLACEMENT_3D('',#2336,#1867,#1868);
#1516=AXIS2_PLACEMENT_3D('',#2337,#1869,#1870);
#1517=AXIS2_PLACEMENT_3D('',#2339,#1871,#1872);
#1518=AXIS2_PLACEMENT_3D('',#2340,#1873,#1874);
#1519=AXIS2_PLACEMENT_3D('',#2341,#1875,#1876);
#1520=AXIS2_PLACEMENT_3D('',#2342,#1877,#1878);
#1521=AXIS2_PLACEMENT_3D('',#2343,#1879,#1880);
#1522=AXIS2_PLACEMENT_3D('',#2344,#1881,#1882);
#1523=AXIS2_PLACEMENT_3D('',#2347,#1884,#1885);
#1524=AXIS2_PLACEMENT_3D('',#2348,#1886,#1887);
#1525=AXIS2_PLACEMENT_3D('',#2352,#1889,#1890);
#1526=AXIS2_PLACEMENT_3D('',#2353,#1891,#1892);
#1527=AXIS2_PLACEMENT_3D('',#2356,#1894,#1895);
#1528=AXIS2_PLACEMENT_3D('',#2357,#1896,#1897);
#1529=AXIS2_PLACEMENT_3D('',#2358,#1898,#1899);
#1530=AXIS2_PLACEMENT_3D('',#2359,#1900,#1901);
#1531=AXIS2_PLACEMENT_3D('',#2360,#1902,#1903);
#1532=AXIS2_PLACEMENT_3D('',#2361,#1904,#1905);
#1533=AXIS2_PLACEMENT_3D('',#2362,#1906,#1907);
#1534=AXIS2_PLACEMENT_3D('',#2363,#1908,#1909);
#1535=AXIS2_PLACEMENT_3D('',#2364,#1910,#1911);
#1536=AXIS2_PLACEMENT_3D('',#2365,#1912,#1913);
#1537=AXIS2_PLACEMENT_3D('',#2366,#1914,#1915);
#1538=AXIS2_PLACEMENT_3D('',#2367,#1916,#1917);
#1539=AXIS2_PLACEMENT_3D('',#2368,#1918,#1919);
#1540=AXIS2_PLACEMENT_3D('',#2369,#1920,#1921);
#1541=AXIS2_PLACEMENT_3D('',#2370,#1922,#1923);
#1542=AXIS2_PLACEMENT_3D('',#2371,#1924,#1925);
#1543=AXIS2_PLACEMENT_3D('',#2372,#1926,#1927);
#1544=AXIS2_PLACEMENT_3D('',#2373,#1928,#1929);
#1545=AXIS2_PLACEMENT_3D('',#2374,#1930,#1931);
#1546=AXIS2_PLACEMENT_3D('',#2375,#1932,#1933);
#1547=AXIS2_PLACEMENT_3D('',#2376,#1934,#1935);
#1548=AXIS2_PLACEMENT_3D('',#2377,#1936,#1937);
#1549=AXIS2_PLACEMENT_3D('',#2378,#1938,#1939);
#1550=AXIS2_PLACEMENT_3D('',#2379,#1940,#1941);
#1551=AXIS2_PLACEMENT_3D('',#2380,#1942,#1943);
#1552=AXIS2_PLACEMENT_3D('',#2381,#1944,#1945);
#1553=AXIS2_PLACEMENT_3D('',#2382,#1946,#1947);
#1554=AXIS2_PLACEMENT_3D('',#2383,#1948,#1949);
#1555=AXIS2_PLACEMENT_3D('',#2384,#1950,#1951);
#1556=AXIS2_PLACEMENT_3D('',#2385,#1952,#1953);
#1557=AXIS2_PLACEMENT_3D('',#2386,#1954,#1955);
#1558=AXIS2_PLACEMENT_3D('',#2387,#1956,#1957);
#1559=AXIS2_PLACEMENT_3D('',#2389,#1958,#1959);
#1560=AXIS2_PLACEMENT_3D('',#2390,#1960,#1961);
#1561=AXIS2_PLACEMENT_3D('',#2391,#1962,#1963);
#1562=AXIS2_PLACEMENT_3D('',#2392,#1964,#1965);
#1563=AXIS2_PLACEMENT_3D('',#2393,#1966,#1967);
#1564=AXIS2_PLACEMENT_3D('',#2394,#1968,#1969);
#1565=AXIS2_PLACEMENT_3D('',#2395,#1970,#1971);
#1566=AXIS2_PLACEMENT_3D('',#2396,#1972,#1973);
#1567=AXIS2_PLACEMENT_3D('',#2397,#1974,#1975);
#1568=AXIS2_PLACEMENT_3D('',#2398,#1976,#1977);
#1569=AXIS2_PLACEMENT_3D('',#2399,#1978,#1979);
#1570=AXIS2_PLACEMENT_3D('',#2400,#1980,#1981);
#1571=AXIS2_PLACEMENT_3D('',#2401,#1982,#1983);
#1572=AXIS2_PLACEMENT_3D('',#2402,#1984,#1985);
#1573=AXIS2_PLACEMENT_3D('',#2403,#1986,#1987);
#1574=AXIS2_PLACEMENT_3D('',#2404,#1988,#1989);
#1575=AXIS2_PLACEMENT_3D('',#2405,#1990,#1991);
#1576=AXIS2_PLACEMENT_3D('',#2408,#1994,#1995);
#1577=AXIS2_PLACEMENT_3D('',#2410,#1997,#1998);
#1578=AXIS2_PLACEMENT_3D('',#2412,#2000,#2001);
#1579=AXIS2_PLACEMENT_3D('',#2414,#2003,#2004);
#1580=AXIS2_PLACEMENT_3D('',#2416,#2006,#2007);
#1581=AXIS2_PLACEMENT_3D('',#2418,#2009,#2010);
#1582=AXIS2_PLACEMENT_3D('',#2420,#2012,#2013);
#1583=AXIS2_PLACEMENT_3D('',#2421,#2014,#2015);
#1584=AXIS2_PLACEMENT_3D('',#2422,#2016,#2017);
#1585=AXIS2_PLACEMENT_3D('',#2428,#2021,#2022);
#1586=AXIS2_PLACEMENT_3D('',#2432,#2025,#2026);
#1587=AXIS2_PLACEMENT_3D('',#2436,#2029,#2030);
#1588=AXIS2_PLACEMENT_3D('',#2438,#2032,#2033);
#1589=DIRECTION('',(0.,0.,1.));
#1590=DIRECTION('',(1.,0.,0.));
#1591=DIRECTION('',(1.04083441487783E-11,0.,1.));
#1592=DIRECTION('',(1.,0.,-1.04083441487783E-11));
#1593=DIRECTION('',(0.,-1.,0.));
#1594=DIRECTION('',(1.,0.,-1.04083441487783E-11));
#1595=DIRECTION('',(0.,1.,0.));
#1596=DIRECTION('',(1.,0.,-1.04083441487783E-11));
#1597=DIRECTION('',(0.,-1.,0.));
#1598=DIRECTION('',(1.,0.,0.));
#1599=DIRECTION('',(0.,-1.,0.));
#1600=DIRECTION('',(-1.,0.,0.));
#1601=DIRECTION('',(0.,-1.,0.));
#1602=DIRECTION('',(-1.,0.,0.));
#1603=DIRECTION('',(0.,0.,1.));
#1604=DIRECTION('',(0.,-1.,0.));
#1605=DIRECTION('',(-1.,0.,0.));
#1606=DIRECTION('',(1.,0.,0.));
#1607=DIRECTION('',(0.,-1.,0.));
#1608=DIRECTION('',(-1.,0.,0.));
#1609=DIRECTION('',(0.,0.,1.));
#1610=DIRECTION('',(0.,-1.,0.));
#1611=DIRECTION('',(-1.,0.,0.));
#1612=DIRECTION('',(1.,0.,0.));
#1613=DIRECTION('',(0.,-1.,0.));
#1614=DIRECTION('',(-1.,0.,0.));
#1615=DIRECTION('',(0.,-1.,0.));
#1616=DIRECTION('',(-1.,0.,0.));
#1617=DIRECTION('',(1.,0.,-1.04083441487783E-11));
#1618=DIRECTION('',(0.0760592746868071,0.,0.997103297925605));
#1619=DIRECTION('',(1.,0.,0.));
#1620=DIRECTION('',(0.331110174889521,0.,-0.943592100478078));
#1621=DIRECTION('',(0.,-1.,0.));
#1622=DIRECTION('',(-1.,0.,0.));
#1623=DIRECTION('',(-0.00030559781418929,0.,0.999999953304987));
#1624=DIRECTION('',(1.,0.,0.));
#1625=DIRECTION('',(0.,-1.,0.));
#1626=DIRECTION('',(-1.,0.,0.));
#1627=DIRECTION('',(0.,0.,-1.));
#1628=DIRECTION('',(0.,-1.,0.));
#1629=DIRECTION('',(-1.,0.,0.));
#1630=DIRECTION('',(0.999999932300535,0.,-0.00036796592932336));
#1631=DIRECTION('',(0.,-1.,0.));
#1632=DIRECTION('',(-1.,0.,0.));
#1633=DIRECTION('',(-3.45792509244176E-14,0.,-1.));
#1634=DIRECTION('',(0.,-1.,0.));
#1635=DIRECTION('',(-1.,0.,0.));
#1636=DIRECTION('',(-0.999999953304987,0.,-0.000305597814189289));
#1637=DIRECTION('',(-0.00030559781418929,0.,0.999999953304987));
#1638=DIRECTION('',(0.,1.,0.));
#1639=DIRECTION('',(-0.00030559781418929,0.,0.999999953304987));
#1640=DIRECTION('',(0.,1.,0.));
#1641=DIRECTION('',(0.00036796592932336,0.,0.999999932300535));
#1642=DIRECTION('',(0.999999932300535,0.,-0.00036796592932336));
#1643=DIRECTION('',(0.,1.,0.));
#1644=DIRECTION('',(0.,1.,0.));
#1645=DIRECTION('',(0.999999932300535,0.,-0.00036796592932336));
#1646=DIRECTION('',(1.,0.,-3.45792509244176E-14));
#1647=DIRECTION('',(-3.45792509244176E-14,0.,-1.));
#1648=DIRECTION('',(0.,1.,0.));
#1649=DIRECTION('',(-3.45792509244176E-14,0.,-1.));
#1650=DIRECTION('',(0.,1.,0.));
#1651=DIRECTION('',(1.04083441487783E-11,0.,1.));
#1652=DIRECTION('',(1.,0.,-1.04083441487783E-11));
#1653=DIRECTION('',(1.,0.,-1.04083441487783E-11));
#1654=DIRECTION('',(0.,-1.,0.));
#1655=DIRECTION('',(0.,1.,0.));
#1656=DIRECTION('',(0.,1.,0.));
#1657=DIRECTION('',(1.,0.,0.));
#1658=DIRECTION('',(0.,-1.,0.));
#1659=DIRECTION('',(-1.,0.,0.));
#1660=DIRECTION('',(0.,0.,1.));
#1661=DIRECTION('',(0.,-1.,0.));
#1662=DIRECTION('',(0.,1.,0.));
#1663=DIRECTION('',(0.,-1.,0.));
#1664=DIRECTION('',(1.,0.,0.));
#1665=DIRECTION('',(0.,1.,0.));
#1666=DIRECTION('',(1.,0.,0.));
#1667=DIRECTION('',(0.,1.,0.));
#1668=DIRECTION('',(0.,-1.,0.));
#1669=DIRECTION('',(-1.,0.,0.));
#1670=DIRECTION('',(1.,0.,0.));
#1671=DIRECTION('',(0.,-1.,0.));
#1672=DIRECTION('',(0.,1.,0.));
#1673=DIRECTION('',(0.,0.,-1.));
#1674=DIRECTION('',(0.,1.,0.));
#1675=DIRECTION('',(1.,0.,0.));
#1676=DIRECTION('',(0.,-1.,0.));
#1677=DIRECTION('',(-1.,0.,0.));
#1678=DIRECTION('',(0.,-1.,0.));
#1679=DIRECTION('',(0.,1.,0.));
#1680=DIRECTION('',(1.,0.,0.));
#1681=DIRECTION('',(0.,-1.,0.));
#1682=DIRECTION('',(-1.,0.,0.));
#1683=DIRECTION('',(0.,1.,0.));
#1684=DIRECTION('',(1.,0.,0.));
#1685=DIRECTION('',(0.,-1.,0.));
#1686=DIRECTION('',(-1.,0.,0.));
#1687=DIRECTION('',(0.,1.,0.));
#1688=DIRECTION('',(1.,0.,0.));
#1689=DIRECTION('',(0.,-1.,0.));
#1690=DIRECTION('',(-1.,0.,0.));
#1691=DIRECTION('',(0.,1.,0.));
#1692=DIRECTION('',(1.,0.,0.));
#1693=DIRECTION('',(0.,-1.,0.));
#1694=DIRECTION('',(-1.,0.,0.));
#1695=DIRECTION('',(0.,0.,1.));
#1696=DIRECTION('',(0.,-1.,0.));
#1697=DIRECTION('',(1.,0.,0.));
#1698=DIRECTION('',(0.,1.,0.));
#1699=DIRECTION('',(1.,0.,0.));
#1700=DIRECTION('',(0.,1.,0.));
#1701=DIRECTION('',(-1.,0.,0.));
#1702=DIRECTION('',(0.,1.,0.));
#1703=DIRECTION('',(0.,0.,1.));
#1704=DIRECTION('',(0.,1.,0.));
#1705=DIRECTION('',(0.,0.,1.));
#1706=DIRECTION('',(0.,1.,0.));
#1707=DIRECTION('',(0.,0.,1.));
#1708=DIRECTION('',(0.,-1.,0.));
#1709=DIRECTION('',(1.,0.,0.));
#1710=DIRECTION('',(0.,1.,0.));
#1711=DIRECTION('',(1.,0.,0.));
#1712=DIRECTION('',(0.,1.,0.));
#1713=DIRECTION('',(0.,1.,0.));
#1714=DIRECTION('',(1.,0.,0.));
#1715=DIRECTION('',(0.,-1.,0.));
#1716=DIRECTION('',(-1.,0.,0.));
#1717=DIRECTION('',(0.,-1.,0.));
#1718=DIRECTION('',(-1.,0.,0.));
#1719=DIRECTION('',(-1.,0.,0.));
#1720=DIRECTION('',(0.,1.,0.));
#1721=DIRECTION('',(0.,1.,0.));
#1722=DIRECTION('',(0.,0.,1.));
#1723=DIRECTION('',(0.,1.,0.));
#1724=DIRECTION('',(0.,0.,1.));
#1725=DIRECTION('',(0.999999953304987,0.,0.000305597814189288));
#1726=DIRECTION('',(0.000305597814189288,0.,-0.999999953304987));
#1727=DIRECTION('',(-0.000305597814189288,0.,0.999999953304987));
#1728=DIRECTION('',(0.,-1.,0.));
#1729=DIRECTION('',(-0.000305597814189288,0.,0.999999953304987));
#1730=DIRECTION('',(-0.000367965929323689,0.,-0.999999932300535));
#1731=DIRECTION('',(-0.999999932300535,0.,0.000367965929323689));
#1732=DIRECTION('',(0.999999932300535,0.,-0.000367965929323689));
#1733=DIRECTION('',(0.999999932300535,0.,-0.000367965929323689));
#1734=DIRECTION('',(0.,-1.,0.));
#1735=DIRECTION('',(0.000305597814188852,0.,-0.999999953304987));
#1736=DIRECTION('',(-0.999999953304987,0.,-0.000305597814188852));
#1737=DIRECTION('',(0.999999953304987,0.,0.000305597814188852));
#1738=DIRECTION('',(0.999999953304987,0.,0.000305597814188852));
#1739=DIRECTION('',(0.,-1.,0.));
#1740=DIRECTION('',(-1.,0.,0.));
#1741=DIRECTION('',(0.,1.,0.));
#1742=DIRECTION('',(0.,-1.,0.));
#1743=DIRECTION('',(0.,0.,-1.));
#1744=DIRECTION('',(0.,-1.,0.));
#1745=DIRECTION('',(0.,0.,-1.));
#1746=DIRECTION('',(0.,-1.,0.));
#1747=DIRECTION('',(-1.,0.,0.));
#1748=DIRECTION('',(0.,-1.,0.));
#1749=DIRECTION('',(-1.,0.,0.));
#1750=DIRECTION('',(0.,-1.,0.));
#1751=DIRECTION('',(0.,-1.,0.));
#1752=DIRECTION('',(-1.,0.,0.));
#1753=DIRECTION('',(0.,0.,-1.));
#1754=DIRECTION('',(0.,1.,0.));
#1755=DIRECTION('',(1.,0.,0.));
#1756=DIRECTION('',(0.,-1.,0.));
#1757=DIRECTION('',(1.,0.,0.));
#1758=DIRECTION('',(0.,-1.,0.));
#1759=DIRECTION('',(-1.,0.,0.));
#1760=DIRECTION('',(0.,-1.,0.));
#1761=DIRECTION('',(-1.,0.,0.));
#1762=DIRECTION('',(0.,-1.,0.));
#1763=DIRECTION('',(0.,-1.,0.));
#1764=DIRECTION('',(-1.,0.,0.));
#1765=DIRECTION('',(-1.,0.,0.));
#1766=DIRECTION('',(0.,1.,0.));
#1767=DIRECTION('',(0.,0.,-1.));
#1768=DIRECTION('',(0.,-1.,0.));
#1769=DIRECTION('',(0.,0.,-1.));
#1770=DIRECTION('',(0.,-1.,0.));
#1771=DIRECTION('',(-1.,0.,0.));
#1772=DIRECTION('',(0.,-1.,0.));
#1773=DIRECTION('',(-1.,0.,0.));
#1774=DIRECTION('',(0.,-1.,0.));
#1775=DIRECTION('',(0.,-1.,0.));
#1776=DIRECTION('',(-1.,0.,0.));
#1777=DIRECTION('',(0.,0.,-1.));
#1778=DIRECTION('',(0.,1.,0.));
#1779=DIRECTION('',(1.,0.,0.));
#1780=DIRECTION('',(0.,-1.,0.));
#1781=DIRECTION('',(1.,0.,0.));
#1782=DIRECTION('',(-0.000367965929323572,0.,-0.999999932300535));
#1783=DIRECTION('',(-0.999999932300535,0.,0.000367965929323572));
#1784=DIRECTION('',(0.999999932300535,0.,-0.000367965929323572));
#1785=DIRECTION('',(0.,-1.,0.));
#1786=DIRECTION('',(0.999999932300535,0.,-0.000367965929323572));
#1787=DIRECTION('',(0.,-1.,0.));
#1788=DIRECTION('',(0.,-1.,0.));
#1789=DIRECTION('',(-1.,0.,0.));
#1790=DIRECTION('',(0.,-1.,0.));
#1791=DIRECTION('',(-1.,0.,0.));
#1792=DIRECTION('',(0.,-1.,0.));
#1793=DIRECTION('',(-1.,0.,0.));
#1794=DIRECTION('',(0.,-1.,0.));
#1795=DIRECTION('',(0.,0.,-1.));
#1796=DIRECTION('',(0.,1.,0.));
#1797=DIRECTION('',(1.,0.,0.));
#1798=DIRECTION('',(1.,0.,0.));
#1799=DIRECTION('',(0.,-1.,0.));
#1800=DIRECTION('',(0.,-1.,0.));
#1801=DIRECTION('',(-1.,0.,0.));
#1802=DIRECTION('',(0.,-1.,0.));
#1803=DIRECTION('',(-1.,0.,0.));
#1804=DIRECTION('',(0.,-1.,0.));
#1805=DIRECTION('',(-1.,0.,0.));
#1806=DIRECTION('',(0.,-1.,0.));
#1807=DIRECTION('',(-1.,0.,0.));
#1808=DIRECTION('',(0.,1.,0.));
#1809=DIRECTION('',(0.,0.,-1.));
#1810=DIRECTION('',(0.,0.,-1.));
#1811=DIRECTION('',(0.,-1.,0.));
#1812=DIRECTION('',(-1.,0.,0.));
#1813=DIRECTION('',(0.,-1.,0.));
#1814=DIRECTION('',(-1.,0.,0.));
#1815=DIRECTION('',(0.,-1.,0.));
#1816=DIRECTION('',(-1.,0.,0.));
#1817=DIRECTION('',(1.,0.,0.));
#1818=DIRECTION('',(0.,-1.,0.));
#1819=DIRECTION('',(0.,0.,1.));
#1820=DIRECTION('',(0.,0.,1.));
#1821=DIRECTION('',(0.,-1.,0.));
#1822=DIRECTION('',(1.,0.,0.));
#1823=DIRECTION('',(1.,0.,0.));
#1824=DIRECTION('',(0.,-1.,0.));
#1825=DIRECTION('',(-1.,0.,0.));
#1826=DIRECTION('',(0.,0.,-1.));
#1827=DIRECTION('',(0.,-1.,0.));
#1828=DIRECTION('',(-1.,0.,0.));
#1829=DIRECTION('',(1.,0.,0.));
#1830=DIRECTION('',(0.,-1.,0.));
#1831=DIRECTION('',(-1.,0.,0.));
#1832=DIRECTION('',(0.,0.,-1.));
#1833=DIRECTION('',(0.,-1.,0.));
#1834=DIRECTION('',(-1.,0.,0.));
#1835=DIRECTION('',(0.,-1.,0.));
#1836=DIRECTION('',(-1.,0.,0.));
#1837=DIRECTION('',(0.,-1.,0.));
#1838=DIRECTION('',(-1.,0.,0.));
#1839=DIRECTION('',(1.,0.,0.));
#1840=DIRECTION('',(0.,-1.,0.));
#1841=DIRECTION('',(-1.,0.,0.));
#1842=DIRECTION('',(0.,0.,1.));
#1843=DIRECTION('',(0.,-1.,0.));
#1844=DIRECTION('',(-1.,0.,0.));
#1845=DIRECTION('',(1.,0.,0.));
#1846=DIRECTION('',(0.,-1.,0.));
#1847=DIRECTION('',(-1.,0.,0.));
#1848=DIRECTION('',(0.,0.,1.));
#1849=DIRECTION('',(0.,-1.,0.));
#1850=DIRECTION('',(1.,0.,0.));
#1851=DIRECTION('',(1.,0.,-1.04083441487783E-11));
#1852=DIRECTION('',(1.,0.,0.));
#1853=DIRECTION('',(0.,-1.,0.));
#1854=DIRECTION('',(-1.,0.,0.));
#1855=DIRECTION('',(0.,1.,0.));
#1856=DIRECTION('',(1.,0.,0.));
#1857=DIRECTION('',(1.,0.,0.));
#1858=DIRECTION('',(0.,-1.,0.));
#1859=DIRECTION('',(0.,-1.,0.));
#1860=DIRECTION('',(-1.,0.,0.));
#1861=DIRECTION('',(0.,-1.,0.));
#1862=DIRECTION('',(-1.,0.,0.));
#1863=DIRECTION('',(0.,-1.,0.));
#1864=DIRECTION('',(-1.,0.,0.));
#1865=DIRECTION('',(0.,0.,-1.));
#1866=DIRECTION('',(0.,1.,0.));
#1867=DIRECTION('',(0.,-1.,0.));
#1868=DIRECTION('',(-1.,0.,0.));
#1869=DIRECTION('',(0.,-1.,0.));
#1870=DIRECTION('',(-1.,0.,0.));
#1871=DIRECTION('',(0.,0.,-1.));
#1872=DIRECTION('',(0.,1.,0.));
#1873=DIRECTION('',(0.,-1.,0.));
#1874=DIRECTION('',(-1.,0.,0.));
#1875=DIRECTION('',(0.,1.,0.));
#1876=DIRECTION('',(1.,0.,0.));
#1877=DIRECTION('',(0.,-1.,0.));
#1878=DIRECTION('',(-1.,0.,0.));
#1879=DIRECTION('',(0.,0.,-1.));
#1880=DIRECTION('',(0.,1.,0.));
#1881=DIRECTION('',(0.,0.,1.));
#1882=DIRECTION('',(0.,-1.,0.));
#1883=DIRECTION('',(0.,0.,1.));
#1884=DIRECTION('',(-1.,0.,0.));
#1885=DIRECTION('',(0.,1.,0.));
#1886=DIRECTION('',(1.,0.,0.));
#1887=DIRECTION('',(0.,-1.,0.));
#1888=DIRECTION('',(1.,0.,0.));
#1889=DIRECTION('',(-1.,0.,0.));
#1890=DIRECTION('',(0.,1.,0.));
#1891=DIRECTION('',(0.,0.,1.));
#1892=DIRECTION('',(0.,-1.,0.));
#1893=DIRECTION('',(0.,0.,1.));
#1894=DIRECTION('',(0.,0.,1.));
#1895=DIRECTION('',(0.,-1.,0.));
#1896=DIRECTION('',(0.,-1.,0.));
#1897=DIRECTION('',(-1.,0.,0.));
#1898=DIRECTION('',(0.,-1.,0.));
#1899=DIRECTION('',(-1.,0.,0.));
#1900=DIRECTION('',(-1.,0.,0.));
#1901=DIRECTION('',(0.,1.,0.));
#1902=DIRECTION('',(1.,0.,0.));
#1903=DIRECTION('',(0.,-1.,0.));
#1904=DIRECTION('',(-1.,0.,0.));
#1905=DIRECTION('',(0.,1.,0.));
#1906=DIRECTION('',(0.,-1.,0.));
#1907=DIRECTION('',(-1.,0.,0.));
#1908=DIRECTION('',(0.,0.,-1.));
#1909=DIRECTION('',(0.,1.,0.));
#1910=DIRECTION('',(0.,-1.,0.));
#1911=DIRECTION('',(-1.,0.,0.));
#1912=DIRECTION('',(0.,-1.,0.));
#1913=DIRECTION('',(-1.,0.,0.));
#1914=DIRECTION('',(0.,-1.,0.));
#1915=DIRECTION('',(-1.,0.,0.));
#1916=DIRECTION('',(0.,-1.,0.));
#1917=DIRECTION('',(-1.,0.,0.));
#1918=DIRECTION('',(0.,-1.,0.));
#1919=DIRECTION('',(-1.,0.,0.));
#1920=DIRECTION('',(0.,-1.,0.));
#1921=DIRECTION('',(-1.,0.,0.));
#1922=DIRECTION('',(0.,-1.,0.));
#1923=DIRECTION('',(-1.,0.,0.));
#1924=DIRECTION('',(0.,0.,-1.));
#1925=DIRECTION('',(0.,1.,0.));
#1926=DIRECTION('',(0.,0.,1.));
#1927=DIRECTION('',(0.,-1.,0.));
#1928=DIRECTION('',(0.,0.,1.));
#1929=DIRECTION('',(0.,-1.,0.));
#1930=DIRECTION('',(0.,-1.,0.));
#1931=DIRECTION('',(-1.,0.,0.));
#1932=DIRECTION('',(0.,-1.,0.));
#1933=DIRECTION('',(-1.,0.,0.));
#1934=DIRECTION('',(0.,1.,0.));
#1935=DIRECTION('',(1.,0.,0.));
#1936=DIRECTION('',(0.,-1.,0.));
#1937=DIRECTION('',(-1.,0.,0.));
#1938=DIRECTION('',(0.,0.,-1.));
#1939=DIRECTION('',(0.,1.,0.));
#1940=DIRECTION('',(0.,0.,1.));
#1941=DIRECTION('',(0.,-1.,0.));
#1942=DIRECTION('',(0.,-1.,0.));
#1943=DIRECTION('',(-1.,0.,0.));
#1944=DIRECTION('',(-1.,0.,0.));
#1945=DIRECTION('',(0.,1.,0.));
#1946=DIRECTION('',(0.,-1.,0.));
#1947=DIRECTION('',(-1.,0.,0.));
#1948=DIRECTION('',(1.,0.,0.));
#1949=DIRECTION('',(0.,-1.,0.));
#1950=DIRECTION('',(1.,0.,0.));
#1951=DIRECTION('',(0.,-1.,0.));
#1952=DIRECTION('',(0.,-1.,0.));
#1953=DIRECTION('',(-1.,0.,0.));
#1954=DIRECTION('',(0.,-1.,0.));
#1955=DIRECTION('',(-1.,0.,0.));
#1956=DIRECTION('',(0.,-1.,0.));
#1957=DIRECTION('',(-1.,0.,0.));
#1958=DIRECTION('',(0.,-1.,0.));
#1959=DIRECTION('',(-1.,0.,0.));
#1960=DIRECTION('',(0.,0.,1.));
#1961=DIRECTION('',(0.,-1.,0.));
#1962=DIRECTION('',(1.,0.,0.));
#1963=DIRECTION('',(0.,-1.,0.));
#1964=DIRECTION('',(-1.,0.,0.));
#1965=DIRECTION('',(0.,1.,0.));
#1966=DIRECTION('',(1.,0.,0.));
#1967=DIRECTION('',(0.,-1.,0.));
#1968=DIRECTION('',(0.,0.,1.));
#1969=DIRECTION('',(0.,-1.,0.));
#1970=DIRECTION('',(0.,0.,1.));
#1971=DIRECTION('',(0.,-1.,0.));
#1972=DIRECTION('',(0.,-1.,0.));
#1973=DIRECTION('',(-1.,0.,0.));
#1974=DIRECTION('',(0.,0.,1.));
#1975=DIRECTION('',(0.,-1.,0.));
#1976=DIRECTION('',(0.,-1.,0.));
#1977=DIRECTION('',(-1.,0.,0.));
#1978=DIRECTION('',(1.,0.,0.));
#1979=DIRECTION('',(0.,-1.,0.));
#1980=DIRECTION('',(0.,0.,-1.));
#1981=DIRECTION('',(0.,1.,0.));
#1982=DIRECTION('',(0.,0.,1.));
#1983=DIRECTION('',(0.,-1.,0.));
#1984=DIRECTION('',(1.,0.,0.));
#1985=DIRECTION('',(0.,-1.,0.));
#1986=DIRECTION('',(1.,0.,0.));
#1987=DIRECTION('',(0.,-1.,0.));
#1988=DIRECTION('',(0.,-1.,0.));
#1989=DIRECTION('',(-1.,0.,0.));
#1990=DIRECTION('',(0.,-1.,0.));
#1991=DIRECTION('',(-1.,0.,0.));
#1992=DIRECTION('',(0.,-1.,0.));
#1993=DIRECTION('',(0.,-1.,0.));
#1994=DIRECTION('',(1.,0.,0.));
#1995=DIRECTION('',(0.,-1.,0.));
#1996=DIRECTION('',(0.,-1.,0.));
#1997=DIRECTION('',(0.,-1.,0.));
#1998=DIRECTION('',(-1.,0.,0.));
#1999=DIRECTION('',(0.,-1.,0.));
#2000=DIRECTION('',(0.,0.,-1.));
#2001=DIRECTION('',(0.,1.,0.));
#2002=DIRECTION('',(0.,-1.,0.));
#2003=DIRECTION('',(0.,-1.,0.));
#2004=DIRECTION('',(-1.,0.,0.));
#2005=DIRECTION('',(0.,-1.,0.));
#2006=DIRECTION('',(-1.,0.,0.));
#2007=DIRECTION('',(0.,1.,0.));
#2008=DIRECTION('',(0.,-1.,0.));
#2009=DIRECTION('',(0.,-1.,0.));
#2010=DIRECTION('',(-1.,0.,0.));
#2011=DIRECTION('',(0.,-1.,0.));
#2012=DIRECTION('',(0.,0.,1.));
#2013=DIRECTION('',(0.,-1.,0.));
#2014=DIRECTION('',(0.,-1.,0.));
#2015=DIRECTION('',(-1.,0.,0.));
#2016=DIRECTION('',(0.997103297925605,0.,-0.0760592746868071));
#2017=DIRECTION('',(-0.0760592746868071,0.,-0.997103297925605));
#2018=DIRECTION('',(0.,-1.,0.));
#2019=DIRECTION('',(0.0760592746868071,0.,0.997103297925605));
#2020=DIRECTION('',(0.,-1.,0.));
#2021=DIRECTION('',(-1.04083441487783E-11,0.,-1.));
#2022=DIRECTION('',(-1.,0.,1.04083441487783E-11));
#2023=DIRECTION('',(0.,-1.,0.));
#2024=DIRECTION('',(1.,0.,-1.04083441487783E-11));
#2025=DIRECTION('',(-0.943592100478078,0.,-0.331110174889521));
#2026=DIRECTION('',(-0.331110174889521,0.,0.943592100478078));
#2027=DIRECTION('',(0.,-1.,0.));
#2028=DIRECTION('',(0.331110174889521,0.,-0.943592100478078));
#2029=DIRECTION('',(0.,0.,-1.));
#2030=DIRECTION('',(0.,1.,0.));
#2031=DIRECTION('',(1.,0.,0.));
#2032=DIRECTION('',(0.,-1.,0.));
#2033=DIRECTION('',(1.,0.,0.));
#2034=CARTESIAN_POINT('',(0.,0.,0.));
#2035=CARTESIAN_POINT('',(0.00657263478061295,0.0572,-0.0171861930762152));
#2036=CARTESIAN_POINT('',(-0.00755307396013646,0.0621,-0.0171861930760682));
#2037=CARTESIAN_POINT('',(-0.00755307396013646,0.0614,-0.0171861930760682));
#2038=CARTESIAN_POINT('',(-0.00755307396013646,0.0601,-0.0171861930760682));
#2039=CARTESIAN_POINT('',(0.00657263478061295,0.0614,-0.0171861930762152));
#2040=CARTESIAN_POINT('',(0.0467576220671703,0.0614,-0.0171861930766335));
#2041=CARTESIAN_POINT('',(0.0467576220671703,0.0572,-0.0171861930766335));
#2042=CARTESIAN_POINT('',(0.0467576220671703,0.0601,-0.0171861930766335));
#2043=CARTESIAN_POINT('',(0.00657263478061295,0.0601,-0.0171861930762152));
#2044=CARTESIAN_POINT('',(0.00658258082866663,0.0601,0.0120951442669734));
#2045=CARTESIAN_POINT('',(0.039561290293932,0.0601,-0.00800116173923016));
#2046=CARTESIAN_POINT('',(0.0323116212781677,0.0601,-0.00800116173923016));
#2047=CARTESIAN_POINT('',(-0.00423662063494503,0.0601,-0.0117932700255531));
#2048=CARTESIAN_POINT('',(-0.00500916897490442,0.0601,-0.0117932700255531));
#2049=CARTESIAN_POINT('',(-0.00423662063494503,0.0601,-0.0125658183655125));
#2050=CARTESIAN_POINT('',(-0.00500916897490442,0.0601,-0.000711214612238109));
#2051=CARTESIAN_POINT('',(-0.00500916897490442,0.0601,-0.0010974887822178));
#2052=CARTESIAN_POINT('',(-0.00423662063494503,0.0601,-0.0010974887822178));
#2053=CARTESIAN_POINT('',(-0.00423662063494503,0.0601,-0.000324940442258413));
#2054=CARTESIAN_POINT('',(0.0222254432737828,0.0601,-0.000324940442258413));
#2055=CARTESIAN_POINT('',(0.0218391691038031,0.0601,-0.000324940442258413));
#2056=CARTESIAN_POINT('',(0.0218391691038031,0.0601,-0.0010974887822178));
#2057=CARTESIAN_POINT('',(0.0226117174437624,0.0601,-0.0010974887822178));
#2058=CARTESIAN_POINT('',(0.0226117174437624,0.0601,0.0120951442669734));
#2059=CARTESIAN_POINT('',(0.0226117174437624,0.0601,-0.0117932700255531));
#2060=CARTESIAN_POINT('',(0.0218391691038031,0.0601,-0.0117932700255531));
#2061=CARTESIAN_POINT('',(0.0218391691038031,0.0601,-0.0125658183655125));
#2062=CARTESIAN_POINT('',(0.00658258082866663,0.0601,-0.0125658183655125));
#2063=CARTESIAN_POINT('',(-0.0339149050414563,0.0601,-0.0132642611861229));
#2064=CARTESIAN_POINT('',(-0.0352911432543807,0.0601,-0.0132642611861229));
#2065=CARTESIAN_POINT('',(-0.0341908261179924,0.0601,0.0381864719092846));
#2066=CARTESIAN_POINT('',(-0.0354998633553698,0.0601,0.0381864719092846));
#2067=CARTESIAN_POINT('',(0.00657263478061295,0.0601,-0.0171861930762152));
#2068=CARTESIAN_POINT('',(-0.0336123525059444,0.0601,-0.017186193075797));
#2069=CARTESIAN_POINT('',(-0.0297386924908755,0.0601,-0.0171861930758373));
#2070=CARTESIAN_POINT('',(-0.029232311382597,0.0601,-0.010547761731983));
#2071=CARTESIAN_POINT('',(-0.0287259302743185,0.0601,-0.0039093303881288));
#2072=CARTESIAN_POINT('',(-0.0204689537544129,0.0601,-0.0039093303881288));
#2073=CARTESIAN_POINT('',(-0.0122119772345073,0.0601,-0.0039093303881288));
#2074=CARTESIAN_POINT('',(-0.00988252559732188,0.0601,-0.0105477617320985));
#2075=CARTESIAN_POINT('',(0.046757622067214,0.0601,-0.0129861928636784));
#2076=CARTESIAN_POINT('',(0.050957622280169,0.0601,-0.0129861928637202));
#2077=CARTESIAN_POINT('',(0.0509556380039995,0.0601,-0.00649309643186009));
#2078=CARTESIAN_POINT('',(0.0509536537278299,0.0601,0.));
#2079=CARTESIAN_POINT('',(0.022137707949785,0.0601,0.));
#2080=CARTESIAN_POINT('',(-0.008280199021101,0.0601,0.));
#2081=CARTESIAN_POINT('',(-0.008280199021101,0.0601,0.00273830958527276));
#2082=CARTESIAN_POINT('',(-0.0110182378282599,0.0601,0.00269980146549642));
#2083=CARTESIAN_POINT('',(-0.0110182378282599,0.0601,0.00351990073274821));
#2084=CARTESIAN_POINT('',(-0.0110182378282599,0.0601,0.0377882756756647));
#2085=CARTESIAN_POINT('',(-0.0066782378282599,0.0601,0.0377882756756647));
#2086=CARTESIAN_POINT('',(-0.00839924004395161,0.0601,0.0417724633436323));
#2087=CARTESIAN_POINT('',(-0.0210042326340899,0.0601,0.0417771015517588));
#2088=CARTESIAN_POINT('',(-0.0336092252242281,0.0601,0.0417817397598853));
#2089=CARTESIAN_POINT('',(-0.0336123525058536,0.0601,0.0375817407111579));
#2090=CARTESIAN_POINT('',(-0.0378123527188538,0.0601,0.0375817407111579));
#2091=CARTESIAN_POINT('',(-0.0378123527188547,0.0601,0.0122977739241579));
#2092=CARTESIAN_POINT('',(-0.0378123527188556,0.0601,-0.012986192862842));
#2093=CARTESIAN_POINT('',(-0.0336123525059007,0.0601,-0.012986192862842));
#2094=CARTESIAN_POINT('',(0.0509556380039995,0.0572,-0.00649309643186009));
#2095=CARTESIAN_POINT('',(0.050957622280169,0.0572,-0.0129861928637202));
#2096=CARTESIAN_POINT('',(0.050957622280169,0.0614,-0.0129861928637202));
#2097=CARTESIAN_POINT('',(0.0509556380039995,0.0614,-0.00649309643186009));
#2098=CARTESIAN_POINT('',(0.0509536537278299,0.0614,0.));
#2099=CARTESIAN_POINT('',(0.0509536537278299,0.0572,0.));
#2100=CARTESIAN_POINT('',(-0.0210042326340899,0.0572,0.0417771015517588));
#2101=CARTESIAN_POINT('',(-0.0336092252242281,0.0572,0.0417817397598853));
#2102=CARTESIAN_POINT('',(-0.0336092252242281,0.0614,0.0417817397598853));
#2103=CARTESIAN_POINT('',(-0.00839924004395161,0.0572,0.0417724633436323));
#2104=CARTESIAN_POINT('',(-0.00839924004395161,0.0614,0.0417724633436323));
#2105=CARTESIAN_POINT('',(-0.0210042326340899,0.0614,0.0417771015517588));
#2106=CARTESIAN_POINT('',(-0.0378123527188547,0.0572,0.0122977739241579));
#2107=CARTESIAN_POINT('',(-0.0378123527188538,0.0572,0.0375817407111579));
#2108=CARTESIAN_POINT('',(-0.0378123527188538,0.0614,0.0375817407111579));
#2109=CARTESIAN_POINT('',(-0.0378123527188547,0.0614,0.0122977739241579));
#2110=CARTESIAN_POINT('',(-0.0378123527188556,0.0614,-0.012986192862842));
#2111=CARTESIAN_POINT('',(-0.0378123527188556,0.0572,-0.012986192862842));
#2112=CARTESIAN_POINT('',(0.00657263478061295,0.0572,-0.0171861930762152));
#2113=CARTESIAN_POINT('',(0.00657263478061295,0.0614,-0.0171861930762152));
#2114=CARTESIAN_POINT('',(-0.0336123525059444,0.0614,-0.017186193075797));
#2115=CARTESIAN_POINT('',(-0.0297386924908755,0.0614,-0.0171861930758373));
#2116=CARTESIAN_POINT('',(-0.0297386924908755,0.0621,-0.0171861930758373));
#2117=CARTESIAN_POINT('',(-0.0336123525059444,0.0572,-0.017186193075797));
#2118=CARTESIAN_POINT('',(0.046757622067214,0.0572,-0.0129861928636784));
#2119=CARTESIAN_POINT('',(0.046757622067214,0.0614,-0.0129861928636784));
#2120=CARTESIAN_POINT('',(0.022137707949785,0.0572,0.));
#2121=CARTESIAN_POINT('',(-0.008280199021101,0.0572,0.));
#2122=CARTESIAN_POINT('',(-0.008280199021101,0.0654,0.));
#2123=CARTESIAN_POINT('',(0.0509536537278299,0.0654,0.));
#2124=CARTESIAN_POINT('',(0.0509536537278299,0.0654,0.));
#2125=CARTESIAN_POINT('',(0.022137707949785,0.0654,0.));
#2126=CARTESIAN_POINT('',(-0.008280199021101,0.0572,0.00273830958527276));
#2127=CARTESIAN_POINT('',(-0.0110182378282599,0.0572,0.00269980146549642));
#2128=CARTESIAN_POINT('',(-0.0110182378282599,0.0654,0.00269980146549642));
#2129=CARTESIAN_POINT('',(-0.008280199021101,0.0654,0.00273830958527276));
#2130=CARTESIAN_POINT('',(-0.0110182378282599,0.0572,0.00351990073274821));
#2131=CARTESIAN_POINT('',(-0.0110182378282599,0.0572,0.0377882756756647));
#2132=CARTESIAN_POINT('',(-0.0110182378282599,0.0654,0.0377882756756647));
#2133=CARTESIAN_POINT('',(-0.0110182378282599,0.0654,0.00351990073274821));
#2134=CARTESIAN_POINT('',(-0.0066782378282599,0.0572,0.0377882756756647));
#2135=CARTESIAN_POINT('',(-0.0066782378282599,0.0654,0.0377882756756647));
#2136=CARTESIAN_POINT('',(-0.00839924004395161,0.0654,0.0417724633436323));
#2137=CARTESIAN_POINT('',(-0.00839924004395161,0.0654,0.0417724633436323));
#2138=CARTESIAN_POINT('',(-0.0336123525058536,0.0572,0.0375817407111579));
#2139=CARTESIAN_POINT('',(-0.0336123525058536,0.0614,0.0375817407111579));
#2140=CARTESIAN_POINT('',(-0.0336123525059007,0.0572,-0.012986192862842));
#2141=CARTESIAN_POINT('',(-0.0336123525059007,0.0614,-0.012986192862842));
#2142=CARTESIAN_POINT('',(-0.0341908261179924,0.0572,0.0381864719092846));
#2143=CARTESIAN_POINT('',(-0.0341908261179924,0.0654,0.0381864719092846));
#2144=CARTESIAN_POINT('',(-0.0354998633553698,0.0654,0.0381864719092846));
#2145=CARTESIAN_POINT('',(-0.0339149050414563,0.0572,-0.0132642611861229));
#2146=CARTESIAN_POINT('',(-0.0339149050414563,0.0654,-0.0132642611861229));
#2147=CARTESIAN_POINT('',(-0.0352911432543807,0.0654,-0.0132642611861229));
#2148=CARTESIAN_POINT('',(0.008801274234429,0.0572,-0.0121795441955328));
#2149=CARTESIAN_POINT('',(0.008801274234429,0.0575862741699797,-0.0121795441955328));
#2150=CARTESIAN_POINT('',(-0.00423662063494503,0.0575862741699797,-0.0121795441955328));
#2151=CARTESIAN_POINT('',(0.0218391691038031,0.0575862741699797,-0.0121795441955328));
#2152=CARTESIAN_POINT('',(0.0218391691038031,0.0654,-0.0121795441955328));
#2153=CARTESIAN_POINT('',(0.0218391691038031,0.0650137258300203,-0.0121795441955328));
#2154=CARTESIAN_POINT('',(-0.00462289480492473,0.0650137258300203,-0.0121795441955328));
#2155=CARTESIAN_POINT('',(-0.00423662063494503,0.0650137258300203,-0.0121795441955328));
#2156=CARTESIAN_POINT('',(-0.00423662063494503,0.0572,-0.0121795441955328));
#2157=CARTESIAN_POINT('',(-0.00462289480492473,0.0572,-0.00644537940388545));
#2158=CARTESIAN_POINT('',(-0.00462289480492473,0.0650137258300203,-0.00644537940388545));
#2159=CARTESIAN_POINT('',(-0.00462289480492473,0.0650137258300203,-0.0117932700255531));
#2160=CARTESIAN_POINT('',(-0.00462289480492473,0.0650137258300203,-0.0010974887822178));
#2161=CARTESIAN_POINT('',(-0.00462289480492473,0.0572,-0.0010974887822178));
#2162=CARTESIAN_POINT('',(-0.00462289480492473,0.0575862741699797,-0.0010974887822178));
#2163=CARTESIAN_POINT('',(-0.00462289480492473,0.0575862741699797,-0.0121795441955328));
#2164=CARTESIAN_POINT('',(-0.00462289480492473,0.0575862741699797,-0.0117932700255531));
#2165=CARTESIAN_POINT('',(-0.00462289480492473,0.0572,-0.0117932700255531));
#2166=CARTESIAN_POINT('',(0.008801274234429,0.0572,-0.000711214612238109));
#2167=CARTESIAN_POINT('',(-0.00462289480492473,0.0575862741699797,-0.000711214612238109));
#2168=CARTESIAN_POINT('',(0.0218391691038031,0.0575862741699797,-0.000711214612238109));
#2169=CARTESIAN_POINT('',(-0.00423662063494503,0.0575862741699797,-0.000711214612238109));
#2170=CARTESIAN_POINT('',(-0.00423662063494503,0.0654,-0.000711214612238109));
#2171=CARTESIAN_POINT('',(-0.00423662063494503,0.0650137258300203,-0.000711214612238109));
#2172=CARTESIAN_POINT('',(0.008801274234429,0.0650137258300203,-0.000711214612238109));
#2173=CARTESIAN_POINT('',(0.0218391691038031,0.0650137258300203,-0.000711214612238109));
#2174=CARTESIAN_POINT('',(0.0218391691038031,0.0572,-0.000711214612238109));
#2175=CARTESIAN_POINT('',(0.039561290293932,0.0572,-0.00800116173923016));
#2176=CARTESIAN_POINT('',(0.039561290293932,0.0639514718625762,-0.00800116173923016));
#2177=CARTESIAN_POINT('',(0.0337601494155916,0.0639514718625762,-0.00800116173923016));
#2178=CARTESIAN_POINT('',(0.039561290293932,0.0586485281374239,-0.00800116173923016));
#2179=CARTESIAN_POINT('',(0.0337601494155916,0.0586485281374239,-0.00800116173923016));
#2180=CARTESIAN_POINT('',(0.0222254432737828,0.0572,-0.00644537940388545));
#2181=CARTESIAN_POINT('',(0.0222254432737828,0.0572,-0.0010974887822178));
#2182=CARTESIAN_POINT('',(0.0222254432737828,0.0575862741699797,-0.0010974887822178));
#2183=CARTESIAN_POINT('',(0.0222254432737828,0.0650137258300203,-0.0010974887822178));
#2184=CARTESIAN_POINT('',(0.0222254432737828,0.0650137258300203,-0.0121795441955328));
#2185=CARTESIAN_POINT('',(0.0222254432737828,0.0650137258300203,-0.0117932700255531));
#2186=CARTESIAN_POINT('',(0.0222254432737828,0.0572,-0.0117932700255531));
#2187=CARTESIAN_POINT('',(0.0222254432737828,0.0575862741699797,-0.0117932700255531));
#2188=CARTESIAN_POINT('',(0.0222254432737828,0.0575862741699797,-0.00644537940388545));
#2189=CARTESIAN_POINT('',(0.0509478528768051,0.0654,0.0189819772414591));
#2190=CARTESIAN_POINT('',(0.0509478528768051,0.0614,0.0189819772414591));
#2191=CARTESIAN_POINT('',(0.0509420520257802,0.0614,0.0379639544829182));
#2192=CARTESIAN_POINT('',(0.0509420520257802,0.0654,0.0379639544829182));
#2193=CARTESIAN_POINT('',(0.0509420520257802,0.0654,0.0379639544829182));
#2194=CARTESIAN_POINT('',(0.0509478528768051,0.0654,0.0189819772414591));
#2195=CARTESIAN_POINT('',(0.0192227385197747,0.0654,0.0417622993959322));
#2196=CARTESIAN_POINT('',(0.0192227385197747,0.0614,0.0417622993959322));
#2197=CARTESIAN_POINT('',(0.046844717083501,0.0614,0.0417521354482321));
#2198=CARTESIAN_POINT('',(0.0192227385197747,0.0654,0.0417622993959322));
#2199=CARTESIAN_POINT('',(0.046844717083501,0.0654,0.0417521354482321));
#2200=CARTESIAN_POINT('',(0.046844717083501,0.0654,0.0417521354482321));
#2201=CARTESIAN_POINT('',(0.0488933845546406,0.0654,0.0417527615165625));
#2202=CARTESIAN_POINT('',(0.0488933845546406,0.0614,0.0417527615165625));
#2203=CARTESIAN_POINT('',(0.0509420520257802,0.0614,0.0417533875848929));
#2204=CARTESIAN_POINT('',(0.0488933845546406,0.0654,0.0417527615165625));
#2205=CARTESIAN_POINT('',(0.0509420520257802,0.0654,0.0417533875848929));
#2206=CARTESIAN_POINT('',(0.0509420520257802,0.0654,0.0417533875848929));
#2207=CARTESIAN_POINT('',(-0.0429377962410451,0.0654,0.0120951442669734));
#2208=CARTESIAN_POINT('',(-0.0429377962410451,0.0654,0.0407076954345807));
#2209=CARTESIAN_POINT('',(-0.0429377962410451,0.0641928932188135,0.0407076954345807));
#2210=CARTESIAN_POINT('',(-0.0429377962410451,0.0614,0.0407076954345807));
#2211=CARTESIAN_POINT('',(-0.0429377962410451,0.0641928932188135,-0.016517406900634));
#2212=CARTESIAN_POINT('',(-0.0429377962410451,0.0641928932188135,-0.016517406900634));
#2213=CARTESIAN_POINT('',(-0.0429377962410451,0.0654,-0.016517406900634));
#2214=CARTESIAN_POINT('',(-0.0429377962410451,0.0614,-0.016517406900634));
#2215=CARTESIAN_POINT('',(-0.0429377962410451,0.0614,0.0120951442669734));
#2216=CARTESIAN_POINT('',(-0.0379377962410451,0.0654,-0.016517406900634));
#2217=CARTESIAN_POINT('',(-0.0379377962410451,0.0641928932188135,-0.016517406900634));
#2218=CARTESIAN_POINT('',(-0.0379377962410451,0.0641928932188135,-0.021517406900634));
#2219=CARTESIAN_POINT('',(-0.0379377962410451,0.0654,-0.021517406900634));
#2220=CARTESIAN_POINT('',(-0.0379377962410451,0.0614,-0.021517406900634));
#2221=CARTESIAN_POINT('',(-0.0379377962410451,0.0614,-0.016517406900634));
#2222=CARTESIAN_POINT('',(0.00658258082866663,0.0654,-0.021517406900634));
#2223=CARTESIAN_POINT('',(0.0511029578983784,0.0641928932188135,-0.021517406900634));
#2224=CARTESIAN_POINT('',(0.0511029578983784,0.0641928932188135,-0.0215174069006339));
#2225=CARTESIAN_POINT('',(0.0511029578983784,0.0654,-0.0215174069006339));
#2226=CARTESIAN_POINT('',(0.0511029578983784,0.0614,-0.0215174069006339));
#2227=CARTESIAN_POINT('',(0.00658258082866663,0.0614,-0.021517406900634));
#2228=CARTESIAN_POINT('',(0.0511029578983784,0.0654,-0.016517406900634));
#2229=CARTESIAN_POINT('',(0.0511029578983784,0.0641928932188135,-0.016517406900634));
#2230=CARTESIAN_POINT('',(0.0561029578983784,0.0641928932188135,-0.016517406900634));
#2231=CARTESIAN_POINT('',(0.0561029578983784,0.0654,-0.016517406900634));
#2232=CARTESIAN_POINT('',(0.0561029578983784,0.0614,-0.016517406900634));
#2233=CARTESIAN_POINT('',(0.0511029578983784,0.0614,-0.016517406900634));
#2234=CARTESIAN_POINT('',(0.0561029578983784,0.0654,0.0120951442669734));
#2235=CARTESIAN_POINT('',(0.0561029578983784,0.0641928932188135,0.0120951442669734));
#2236=CARTESIAN_POINT('',(0.0561029578983783,0.0641928932188135,0.0407076954345807));
#2237=CARTESIAN_POINT('',(0.0561029578983783,0.0654,0.0407076954345807));
#2238=CARTESIAN_POINT('',(0.0561029578983783,0.0614,0.0407076954345807));
#2239=CARTESIAN_POINT('',(0.0561029578983784,0.0614,0.0120951442669734));
#2240=CARTESIAN_POINT('',(0.0511029578983783,0.0654,0.0407076954345807));
#2241=CARTESIAN_POINT('',(0.0511029578983783,0.0641928932188135,0.0407076954345807));
#2242=CARTESIAN_POINT('',(0.0511029578983784,0.0641928932188135,0.0457076954345807));
#2243=CARTESIAN_POINT('',(0.0511029578983784,0.0654,0.0457076954345807));
#2244=CARTESIAN_POINT('',(0.0511029578983784,0.0614,0.0457076954345807));
#2245=CARTESIAN_POINT('',(0.0511029578983783,0.0614,0.0407076954345807));
#2246=CARTESIAN_POINT('',(0.00658258082866663,0.0654,0.0457076954345807));
#2247=CARTESIAN_POINT('',(0.00658258082866663,0.0641928932188135,0.0457076954345807));
#2248=CARTESIAN_POINT('',(-0.0379377962410451,0.0641928932188135,0.0457076954345807));
#2249=CARTESIAN_POINT('',(-0.0379377962410451,0.0654,0.0457076954345807));
#2250=CARTESIAN_POINT('',(-0.0379377962410451,0.0614,0.0457076954345807));
#2251=CARTESIAN_POINT('',(0.00658258082866663,0.0614,0.0457076954345807));
#2252=CARTESIAN_POINT('',(0.0194619754820344,0.0654,0.041962211378415));
#2253=CARTESIAN_POINT('',(0.0194619754820344,0.0614,0.041962211378415));
#2254=CARTESIAN_POINT('',(-0.00783146016325377,0.0614,0.0419722544335066));
#2255=CARTESIAN_POINT('',(0.0511029578983784,0.0614,0.0419505685741273));
#2256=CARTESIAN_POINT('',(0.0511029578983784,0.0654,0.0419505685741273));
#2257=CARTESIAN_POINT('',(0.0511029578983784,0.0654,0.0419505685741273));
#2258=CARTESIAN_POINT('',(0.0194619754820344,0.0654,0.041962211378415));
#2259=CARTESIAN_POINT('',(-0.00783146016325377,0.0654,0.0419722544335066));
#2260=CARTESIAN_POINT('',(-0.00783146016325377,0.0654,0.0419722544335066));
#2261=CARTESIAN_POINT('',(-0.00667823782825988,0.0654,0.0377882756756646));
#2262=CARTESIAN_POINT('',(-0.00667823782825988,0.0614,0.0377882756756646));
#2263=CARTESIAN_POINT('',(-0.00667823782825988,0.0614,0.0421282756756648));
#2264=CARTESIAN_POINT('',(-0.00667823782825988,0.0654,0.0377882756756646));
#2265=CARTESIAN_POINT('',(-0.00667823782825988,0.0654,0.0421282756756648));
#2266=CARTESIAN_POINT('',(-0.00667823782825988,0.0654,0.0421282756756648));
#2267=CARTESIAN_POINT('',(0.022211152928278,0.0654,0.0421282756756648));
#2268=CARTESIAN_POINT('',(0.022211152928278,0.0614,0.0421282756756648));
#2269=CARTESIAN_POINT('',(0.051100543684816,0.0614,0.0421282756756648));
#2270=CARTESIAN_POINT('',(0.022211152928278,0.0654,0.0421282756756648));
#2271=CARTESIAN_POINT('',(0.051100543684816,0.0654,0.0421282756756648));
#2272=CARTESIAN_POINT('',(0.051100543684816,0.0654,0.0421282756756648));
#2273=CARTESIAN_POINT('',(0.051100543684816,0.0654,0.0421258614621024));
#2274=CARTESIAN_POINT('',(0.051100543684816,0.0614,0.0421258614621024));
#2275=CARTESIAN_POINT('',(0.0511029578983784,0.0614,0.0421258614621024));
#2276=CARTESIAN_POINT('',(0.051100543684816,0.0654,0.0421258614621024));
#2277=CARTESIAN_POINT('',(0.0511029578983784,0.0654,0.0421258614621024));
#2278=CARTESIAN_POINT('',(0.0511029578983784,0.0654,0.0421258614621024));
#2279=CARTESIAN_POINT('',(0.0509420520257802,0.0654,0.0398586710339056));
#2280=CARTESIAN_POINT('',(0.0509420520257802,0.0614,0.0398586710339056));
#2281=CARTESIAN_POINT('',(0.0509420520257802,0.0654,0.0398586710339056));
#2282=CARTESIAN_POINT('',(-0.0379377962410451,0.0654,0.0407076954345807));
#2283=CARTESIAN_POINT('',(-0.0379377962410451,0.0641928932188135,0.0407076954345807));
#2284=CARTESIAN_POINT('',(-0.0379377962410451,0.0614,0.0407076954345807));
#2285=CARTESIAN_POINT('',(0.0511029578983784,0.0654,0.0420382150181148));
#2286=CARTESIAN_POINT('',(0.0511029578983784,0.0614,0.0420382150181148));
#2287=CARTESIAN_POINT('',(0.0511029578983784,0.0654,0.0420382150181148));
#2288=CARTESIAN_POINT('',(0.00658258082866663,0.0654,0.0120951442669734));
#2289=CARTESIAN_POINT('',(0.00658258082866663,0.0654,0.0445005886533942));
#2290=CARTESIAN_POINT('',(-0.0379377962410451,0.0654,0.0445005886533942));
#2291=CARTESIAN_POINT('',(0.0511029578983784,0.0654,0.0445005886533942));
#2292=CARTESIAN_POINT('',(0.0511029578983783,0.0654,0.0407076954345807));
#2293=CARTESIAN_POINT('',(0.0548958511171918,0.0654,0.0407076954345807));
#2294=CARTESIAN_POINT('',(0.0548958511171918,0.0654,0.0120951442669734));
#2295=CARTESIAN_POINT('',(0.0548958511171918,0.0654,-0.016517406900634));
#2296=CARTESIAN_POINT('',(0.0511029578983784,0.0654,-0.016517406900634));
#2297=CARTESIAN_POINT('',(0.0511029578983784,0.0654,-0.0203103001194473));
#2298=CARTESIAN_POINT('',(-0.0379377962410451,0.0654,-0.0203103001194474));
#2299=CARTESIAN_POINT('',(-0.0379377962410451,0.0654,-0.0203103001194474));
#2300=CARTESIAN_POINT('',(-0.0379377962410451,0.0654,-0.016517406900634));
#2301=CARTESIAN_POINT('',(-0.0417306894598585,0.0654,-0.016517406900634));
#2302=CARTESIAN_POINT('',(-0.0417306894598585,0.0654,0.0407076954345807));
#2303=CARTESIAN_POINT('',(-0.0417306894598585,0.0654,0.0407076954345807));
#2304=CARTESIAN_POINT('',(-0.0379377962410451,0.0654,0.0407076954345807));
#2305=CARTESIAN_POINT('',(0.039561290293932,0.0654,-0.00800116173923016));
#2306=CARTESIAN_POINT('',(0.0323116212781677,0.0654,-0.00800116173923016));
#2307=CARTESIAN_POINT('',(0.0218391691038031,0.0654,-0.0010974887822178));
#2308=CARTESIAN_POINT('',(0.0218391691038031,0.0654,-0.000324940442258414));
#2309=CARTESIAN_POINT('',(0.0226117174437624,0.0654,-0.0010974887822178));
#2310=CARTESIAN_POINT('',(0.00658258082866663,0.0654,-0.000324940442258413));
#2311=CARTESIAN_POINT('',(-0.00423662063494503,0.0654,-0.000324940442258414));
#2312=CARTESIAN_POINT('',(-0.00423662063494503,0.0654,-0.0010974887822178));
#2313=CARTESIAN_POINT('',(-0.00500916897490442,0.0654,-0.0010974887822178));
#2314=CARTESIAN_POINT('',(-0.00500916897490442,0.0654,0.0120951442669734));
#2315=CARTESIAN_POINT('',(-0.00500916897490442,0.0654,-0.0117932700255531));
#2316=CARTESIAN_POINT('',(-0.00423662063494503,0.0654,-0.0117932700255531));
#2317=CARTESIAN_POINT('',(-0.00423662063494503,0.0654,-0.0125658183655125));
#2318=CARTESIAN_POINT('',(0.0222254432737828,0.0654,-0.0125658183655125));
#2319=CARTESIAN_POINT('',(0.0218391691038031,0.0654,-0.0125658183655125));
#2320=CARTESIAN_POINT('',(0.0218391691038031,0.0654,-0.0117932700255531));
#2321=CARTESIAN_POINT('',(0.0226117174437624,0.0654,-0.0117932700255531));
#2322=CARTESIAN_POINT('',(0.0226117174437624,0.0654,-0.000711214612238109));
#2323=CARTESIAN_POINT('',(0.00658258082866663,0.0614,0.0120951442669734));
#2324=CARTESIAN_POINT('',(0.00657263478061295,0.0614,-0.0171861930762152));
#2325=CARTESIAN_POINT('',(0.008801274234429,0.0575862741699797,-0.0125658183655125));
#2326=CARTESIAN_POINT('',(-0.00423662063494503,0.0575862741699797,-0.0125658183655125));
#2327=CARTESIAN_POINT('',(-0.00423662063494503,0.0572,-0.0125658183655125));
#2328=CARTESIAN_POINT('',(0.00658258082866663,0.0572,-0.0125658183655125));
#2329=CARTESIAN_POINT('',(0.0218391691038031,0.0572,-0.0125658183655125));
#2330=CARTESIAN_POINT('',(0.0218391691038031,0.0575862741699797,-0.0125658183655125));
#2331=CARTESIAN_POINT('',(-0.00423662063494503,0.0575862741699797,-0.0117932700255531));
#2332=CARTESIAN_POINT('',(-0.00423662063494503,0.0572,-0.0117932700255531));
#2333=CARTESIAN_POINT('',(-0.00500916897490442,0.0572,-0.0117932700255531));
#2334=CARTESIAN_POINT('',(-0.00423662063494503,0.0575862741699797,-0.0117932700255531));
#2335=CARTESIAN_POINT('',(-0.00500916897490442,0.0575862741699797,-0.0117932700255531));
#2336=CARTESIAN_POINT('',(0.0218391691038031,0.0575862741699797,-0.0117932700255531));
#2337=CARTESIAN_POINT('',(0.0218391691038031,0.0572,-0.0117932700255531));
#2338=CARTESIAN_POINT('',(0.0226117174437624,0.0572,-0.0117932700255531));
#2339=CARTESIAN_POINT('',(0.0226117174437624,0.0575862741699797,-0.0117932700255531));
#2340=CARTESIAN_POINT('',(0.0218391691038031,0.0575862741699797,-0.0117932700255531));
#2341=CARTESIAN_POINT('',(-0.00423662063494503,0.0572,-0.0117932700255531));
#2342=CARTESIAN_POINT('',(-0.00423662063494503,0.0650137258300203,-0.0117932700255531));
#2343=CARTESIAN_POINT('',(-0.00500916897490442,0.0575862741699797,0.0120951442669734));
#2344=CARTESIAN_POINT('',(-0.00500916897490442,0.0575862741699797,-0.0010974887822178));
#2345=CARTESIAN_POINT('',(-0.00500916897490442,0.0572,-0.0010974887822178));
#2346=CARTESIAN_POINT('',(-0.00500916897490442,0.0572,-0.000711214612238109));
#2347=CARTESIAN_POINT('',(0.00658258082866663,0.0575862741699797,-0.000324940442258413));
#2348=CARTESIAN_POINT('',(0.0218391691038031,0.0575862741699797,-0.000324940442258413));
#2349=CARTESIAN_POINT('',(0.0218391691038031,0.0572,-0.000324940442258413));
#2350=CARTESIAN_POINT('',(0.0222254432737828,0.0572,-0.000324940442258413));
#2351=CARTESIAN_POINT('',(-0.00423662063494503,0.0572,-0.000324940442258413));
#2352=CARTESIAN_POINT('',(-0.00423662063494503,0.0575862741699797,-0.000324940442258414));
#2353=CARTESIAN_POINT('',(0.0226117174437624,0.0575862741699797,-0.00644537940388545));
#2354=CARTESIAN_POINT('',(0.0226117174437624,0.0572,0.0120951442669734));
#2355=CARTESIAN_POINT('',(0.0226117174437624,0.0572,-0.0010974887822178));
#2356=CARTESIAN_POINT('',(0.0226117174437624,0.0575862741699797,-0.0010974887822178));
#2357=CARTESIAN_POINT('',(0.0218391691038031,0.0572,-0.0117932700255531));
#2358=CARTESIAN_POINT('',(0.0218391691038031,0.0650137258300203,-0.0117932700255531));
#2359=CARTESIAN_POINT('',(0.00658258082866663,0.0650137258300203,-0.0125658183655125));
#2360=CARTESIAN_POINT('',(0.0218391691038031,0.0650137258300203,-0.0125658183655125));
#2361=CARTESIAN_POINT('',(-0.00423662063494503,0.0650137258300203,-0.0125658183655125));
#2362=CARTESIAN_POINT('',(-0.00423662063494503,0.0650137258300203,-0.0117932700255531));
#2363=CARTESIAN_POINT('',(-0.00500916897490442,0.0650137258300203,-0.0117932700255531));
#2364=CARTESIAN_POINT('',(-0.00423662063494503,0.0575862741699797,-0.0010974887822178));
#2365=CARTESIAN_POINT('',(-0.00423662063494503,0.0572,-0.0010974887822178));
#2366=CARTESIAN_POINT('',(-0.00423662063494503,0.0575862741699797,-0.0010974887822178));
#2367=CARTESIAN_POINT('',(0.0218391691038031,0.0575862741699797,-0.0010974887822178));
#2368=CARTESIAN_POINT('',(0.0218391691038031,0.0572,-0.0010974887822178));
#2369=CARTESIAN_POINT('',(0.0218391691038031,0.0575862741699797,-0.0010974887822178));
#2370=CARTESIAN_POINT('',(0.0218391691038031,0.0650137258300203,-0.0117932700255531));
#2371=CARTESIAN_POINT('',(0.0226117174437624,0.0650137258300203,-0.0117932700255531));
#2372=CARTESIAN_POINT('',(-0.00500916897490442,0.0650137258300203,-0.00644537940388545));
#2373=CARTESIAN_POINT('',(-0.00500916897490442,0.0650137258300203,-0.0010974887822178));
#2374=CARTESIAN_POINT('',(-0.00423662063494503,0.0572,-0.0010974887822178));
#2375=CARTESIAN_POINT('',(-0.00423662063494503,0.0650137258300203,-0.0010974887822178));
#2376=CARTESIAN_POINT('',(0.0218391691038031,0.0572,-0.0010974887822178));
#2377=CARTESIAN_POINT('',(0.0218391691038031,0.0650137258300203,-0.0010974887822178));
#2378=CARTESIAN_POINT('',(0.0226117174437624,0.0650137258300203,0.0120951442669734));
#2379=CARTESIAN_POINT('',(0.0226117174437624,0.0650137258300203,-0.0010974887822178));
#2380=CARTESIAN_POINT('',(-0.00423662063494503,0.0650137258300203,-0.0010974887822178));
#2381=CARTESIAN_POINT('',(-0.00423662063494503,0.0650137258300203,-0.000324940442258414));
#2382=CARTESIAN_POINT('',(0.0218391691038031,0.0650137258300203,-0.0010974887822178));
#2383=CARTESIAN_POINT('',(0.0218391691038031,0.0650137258300203,-0.000324940442258414));
#2384=CARTESIAN_POINT('',(0.008801274234429,0.0650137258300203,-0.000324940442258414));
#2385=CARTESIAN_POINT('',(0.039561290293932,0.0639514718625762,-0.00800116173923016));
#2386=CARTESIAN_POINT('',(0.039561290293932,0.0586485281374239,-0.00800116173923016));
#2387=CARTESIAN_POINT('',(0.039561290293932,0.0572,-0.00800116173923016));
#2388=CARTESIAN_POINT('',(0.0323116212781677,0.0572,-0.00800116173923016));
#2389=CARTESIAN_POINT('',(-0.0379377962410451,0.0641928932188135,-0.016517406900634));
#2390=CARTESIAN_POINT('',(-0.0417306894598585,0.0641928932188135,-0.016517406900634));
#2391=CARTESIAN_POINT('',(-0.0379377962410451,0.0641928932188135,-0.0203103001194473));
#2392=CARTESIAN_POINT('',(0.00658258082866663,0.0641928932188135,-0.0203103001194474));
#2393=CARTESIAN_POINT('',(0.0511029578983784,0.0641928932188135,-0.0203103001194474));
#2394=CARTESIAN_POINT('',(-0.0417306894598585,0.0641928932188135,0.0120951442669734));
#2395=CARTESIAN_POINT('',(-0.0417306894598585,0.0641928932188135,0.0407076954345807));
#2396=CARTESIAN_POINT('',(0.0511029578983784,0.0641928932188135,-0.016517406900634));
#2397=CARTESIAN_POINT('',(0.0548958511171918,0.0641928932188135,-0.016517406900634));
#2398=CARTESIAN_POINT('',(-0.0379377962410451,0.0641928932188135,0.0407076954345807));
#2399=CARTESIAN_POINT('',(-0.0379377962410451,0.0641928932188135,0.0445005886533942));
#2400=CARTESIAN_POINT('',(0.0548958511171918,0.0641928932188135,0.0120951442669734));
#2401=CARTESIAN_POINT('',(0.0548958511171918,0.0641928932188135,0.0407076954345807));
#2402=CARTESIAN_POINT('',(0.00658258082866663,0.0641928932188135,0.0445005886533942));
#2403=CARTESIAN_POINT('',(0.0511029578983784,0.0641928932188135,0.0445005886533942));
#2404=CARTESIAN_POINT('',(0.0511029578983783,0.0641928932188135,0.0407076954345807));
#2405=CARTESIAN_POINT('',(-0.00423662063494503,0.0601,-0.0117932700255531));
#2406=CARTESIAN_POINT('',(-0.00500916897490442,0.0601,-0.0117932700255531));
#2407=CARTESIAN_POINT('',(-0.00423662063494503,0.0601,-0.0125658183655125));
#2408=CARTESIAN_POINT('',(-0.00500916897490442,0.0601,-0.000711214612238109));
#2409=CARTESIAN_POINT('',(-0.00500916897490442,0.0601,-0.0010974887822178));
#2410=CARTESIAN_POINT('',(-0.00423662063494503,0.0601,-0.0010974887822178));
#2411=CARTESIAN_POINT('',(-0.00423662063494503,0.0601,-0.000324940442258413));
#2412=CARTESIAN_POINT('',(0.0222254432737828,0.0601,-0.000324940442258413));
#2413=CARTESIAN_POINT('',(0.0218391691038031,0.0601,-0.000324940442258413));
#2414=CARTESIAN_POINT('',(0.0218391691038031,0.0601,-0.0010974887822178));
#2415=CARTESIAN_POINT('',(0.0226117174437624,0.0601,-0.0010974887822178));
#2416=CARTESIAN_POINT('',(0.0226117174437624,0.0601,0.0120951442669734));
#2417=CARTESIAN_POINT('',(0.0226117174437624,0.0601,-0.0117932700255531));
#2418=CARTESIAN_POINT('',(0.0218391691038031,0.0601,-0.0117932700255531));
#2419=CARTESIAN_POINT('',(0.0218391691038031,0.0601,-0.0125658183655125));
#2420=CARTESIAN_POINT('',(0.00658258082866663,0.0601,-0.0125658183655125));
#2421=CARTESIAN_POINT('',(0.039561290293932,0.0601,-0.00800116173923016));
#2422=CARTESIAN_POINT('',(-0.029232311382597,0.0621,-0.010547761731983));
#2423=CARTESIAN_POINT('',(-0.0297386924908755,0.0621,-0.0171861930758373));
#2424=CARTESIAN_POINT('',(-0.0297386924908755,0.0621,-0.0171861930758373));
#2425=CARTESIAN_POINT('',(-0.029232311382597,0.0621,-0.010547761731983));
#2426=CARTESIAN_POINT('',(-0.0287259302743185,0.0621,-0.0039093303881288));
#2427=CARTESIAN_POINT('',(-0.0287259302743185,0.0621,-0.0039093303881288));
#2428=CARTESIAN_POINT('',(0.00657263478061295,0.0621,-0.0171861930762152));
#2429=CARTESIAN_POINT('',(-0.00755307396013646,0.0621,-0.0171861930760682));
#2430=CARTESIAN_POINT('',(-0.00755307396013646,0.0621,-0.0171861930760682));
#2431=CARTESIAN_POINT('',(0.00657263478061295,0.0621,-0.0171861930762152));
#2432=CARTESIAN_POINT('',(-0.00988252559732188,0.0621,-0.0105477617320985));
#2433=CARTESIAN_POINT('',(-0.0122119772345073,0.0621,-0.0039093303881288));
#2434=CARTESIAN_POINT('',(-0.0122119772345073,0.0621,-0.0039093303881288));
#2435=CARTESIAN_POINT('',(-0.00988252559732188,0.0621,-0.0105477617320985));
#2436=CARTESIAN_POINT('',(-0.0204689537544129,0.0621,-0.0039093303881288));
#2437=CARTESIAN_POINT('',(-0.0204689537544129,0.0621,-0.0039093303881288));
#2438=CARTESIAN_POINT('',(0.00657263478065672,0.0621,0.0122977739237623));
#2439=MECHANICAL_DESIGN_GEOMETRIC_PRESENTATION_REPRESENTATION('',(#1415),
#2440);
#2440=(
GEOMETRIC_REPRESENTATION_CONTEXT(3)
GLOBAL_UNCERTAINTY_ASSIGNED_CONTEXT((#2441))
GLOBAL_UNIT_ASSIGNED_CONTEXT((#2444,#2443,#2442))
REPRESENTATION_CONTEXT('Part 194','TOP_LEVEL_ASSEMBLY_PART')
);
#2441=UNCERTAINTY_MEASURE_WITH_UNIT(LENGTH_MEASURE(1.E-8),#2444,
'DISTANCE_ACCURACY_VALUE','Maximum Tolerance applied to model');
#2442=(
NAMED_UNIT(*)
SI_UNIT($,.STERADIAN.)
SOLID_ANGLE_UNIT()
);
#2443=(
NAMED_UNIT(*)
PLANE_ANGLE_UNIT()
SI_UNIT($,.RADIAN.)
);
#2444=(
LENGTH_UNIT()
NAMED_UNIT(*)
SI_UNIT($,.METRE.)
);
#2445=PRODUCT_DEFINITION_SHAPE('','',#2446);
#2446=PRODUCT_DEFINITION('','',#2448,#2447);
#2447=PRODUCT_DEFINITION_CONTEXT('',#2454,'design');
#2448=PRODUCT_DEFINITION_FORMATION_WITH_SPECIFIED_SOURCE('','',#2450,
 .NOT_KNOWN.);
#2449=PRODUCT_RELATED_PRODUCT_CATEGORY('','',(#2450));
#2450=PRODUCT('Part 194','Part 194','Part 194',(#2452));
#2451=PRODUCT_CATEGORY('','');
#2452=PRODUCT_CONTEXT('',#2454,'mechanical');
#2453=APPLICATION_PROTOCOL_DEFINITION('international standard',
'ap242_managed_model_based_3d_engineering',2020,#2454);
#2454=APPLICATION_CONTEXT('managed model based 3d engineering');
ENDSEC;
END-ISO-10303-21;
